sid,d,fid,expression
1,2,1,"plus(plus(minus(plus(plus(exp(plus([-10.4887],X(1,:))),plus(exp(plus([-10.5128],X(1,:))),plus([-10.5128],X(1,:)))),X(2,:)),X(1,:)),plus(tanh(plus(plus(X(1,:),plus(X(2,:),plus(cos(X(1,:)),X(2,:)))),plus(X(2,:),plus(plus(X(1,:),plus(X(2,:),X(2,:))),plus(sin(X(1,:)),plus(X(2,:),X(2,:))))))),plus(X(1,:),plus(tanh(plus(X(1,:),plus(sin(X(1,:)),plus(X(2,:),X(2,:))))),plus(square(X(1,:)),square(X(2,:))))))),plus(plus(exp(plus([-10.2653],plus(exp(cos(X(1,:))),plus(X(2,:),X(1,:))))),X(1,:)),plus(X(2,:),minus(plus(plus(exp(plus([-10.6050],X(1,:))),plus(exp(plus([-10.5128],X(1,:))),X(1,:))),X(2,:)),X(1,:)))))"
1,2,2,"minus(square(minus(square(plus(plus(plus(X(2,:),X(2,:)),X(2,:)),X(2,:))),minus(plus(plus(negexp(minus(sin(X(2,:)),sin(X(1,:)))),plus(negexp(sin(X(2,:))),negexp(sin(X(2,:))))),plus(plus(plus(plus([-99.8859],[-99.8972]),plus([-99.7666],[-99.8972])),sin(X(1,:))),plus(negexp(sin(X(2,:))),plus(plus([-99.8859],[-99.8972]),plus([-99.7666],[-99.8972]))))),minus(square(plus(plus([-88.3750],X(2,:)),X(2,:))),minus(negexp(minus(sin(X(2,:)),sin(X(1,:)))),square(minus(X(2,:),[-99.8972]))))))),square(plus(plus(negexp(X(2,:)),plus(plus([-99.7666],[-99.7666]),plus(plus(negexp(sin(X(2,:))),plus(plus([-99.8859],[-99.8972]),plus([-99.7666],[-99.8972]))),[-99.8972]))),plus([-99.7666],[-99.8972]))))"
1,2,3,"plus(square(minus(minus(minus(cos(plus(plus(X(1,:),X(1,:)),square(X(2,:)))),X(2,:)),square(X(2,:))),times(exp(tanh(plus(plus(X(1,:),X(1,:)),square(X(2,:))))),X(2,:)))),plus(square(minus(minus(minus(cos(cos(square(X(2,:)))),X(2,:)),square(X(2,:))),square(X(2,:)))),minus(plus(minus(minus(cos(plus(plus(X(1,:),X(1,:)),square(X(2,:)))),plus(plus(X(1,:),X(1,:)),square(X(2,:)))),square(X(2,:))),times(exp(tanh(plus(plus(X(1,:),X(1,:)),square(X(2,:))))),cos(square(X(2,:))))),times([-51.1341],X(1,:)))))"
1,2,4,"minus(minus(square(square(X(2,:))),minus(minus(minus(minus(X(2,:),times(square(X(1,:)),plus(X(1,:),cos(X(1,:))))),exp(X(1,:))),minus(cos(X(1,:)),exp(tanh(square(square(X(2,:))))))),exp(plus(X(1,:),cos(X(1,:)))))),minus(minus(minus(minus(plus(X(2,:),X(1,:)),times(square(X(1,:)),plus(X(1,:),X(2,:)))),exp(X(1,:))),minus(plus(square(plus(X(2,:),X(1,:))),sin(X(1,:))),plus(X(2,:),X(1,:)))),exp(plus(X(1,:),cos(X(1,:))))))"
1,2,5,"plus(X(2,:),minus(minus(plus(plus(cos(cos(square(X(1,:)))),plus(cos(cos(square([9.1117]))),minus(X(1,:),X(2,:)))),plus(times(X(2,:),[8.9173]),minus(plus(X(2,:),X(1,:)),sin(X(2,:))))),X(1,:)),sin(X(2,:))))"
1,2,6,"times(minus(plus(tanh(tanh(plus(X(1,:),X(1,:)))),plus(times(tanh(plus(plus(X(2,:),X(1,:)),X(1,:))),square(X(2,:))),plus(X(2,:),[-7.5442]))),plus(minus(minus(times([-7.2945],[61.8485]),minus([-7.5442],square([-7.4132]))),minus(times(tanh(plus(X(2,:),plus(X(2,:),X(1,:)))),X(1,:)),X(1,:))),negexp(X(2,:)))),times([-7.0775],minus(cos(times(tanh(sin(minus(negexp(X(2,:)),sin(X(2,:))))),times(tanh(plus(X(1,:),negexp(X(2,:)))),times(tanh([-7.5442]),X(1,:))))),plus(minus(times(tanh(plus(X(2,:),plus(X(2,:),X(1,:)))),X(1,:)),X(1,:)),plus(minus(times(tanh(plus(X(2,:),X(1,:))),X(1,:)),X(1,:)),plus(minus(X(2,:),X(1,:)),negexp(X(2,:))))))))"
1,2,7,"plus(plus(square(square(square([91.4033]))),plus(square(plus(exp(sin(plus(square([91.4542]),square(X(2,:))))),X(1,:))),plus(square(plus(exp(sin(negexp([91.1464]))),X(1,:))),exp(sin(plus(square([91.4542]),square(X(2,:)))))))),plus(square(plus(exp(sin(plus(square([91.4542]),square(X(2,:))))),X(1,:))),plus(square(exp(sin(plus(square([91.4542]),square(X(2,:)))))),square(plus(sin(cos(tanh(minus(X(2,:),[35.4238])))),plus(X(1,:),square(X(2,:))))))))"
1,2,8,"times(square(square(plus(X(2,:),negexp(tanh(plus(minus(X(2,:),[16.6859]),plus(X(2,:),X(2,:)))))))),plus(plus(square(plus(cos(square(plus(X(2,:),[-66.9537]))),plus(cos(square(plus(X(2,:),[-66.9537]))),[16.6007]))),plus(minus(X(2,:),[16.7787]),plus(X(2,:),X(2,:)))),plus(X(2,:),negexp(exp(tanh(cos(square(plus([-31.7388],X(2,:))))))))))"
1,2,9,"square(plus(square(plus(plus(plus(X(1,:),X(2,:)),plus(X(2,:),negexp(sin(plus(X(1,:),X(1,:)))))),plus(plus(X(1,:),plus(X(1,:),X(2,:))),negexp(sin(tanh(plus(X(1,:),X(1,:)))))))),minus(X(1,:),X(2,:))))"
1,2,10,"square(minus(minus(square(plus(X(2,:),X(1,:))),minus(plus(X(2,:),X(1,:)),minus(exp(cos(minus(plus(X(2,:),X(1,:)),[-27.6429]))),minus(cos(square([-0.3123])),square(square([-26.6882])))))),minus(minus(cos(minus(minus(exp(cos(X(1,:))),minus(plus(X(2,:),X(1,:)),[-27.5203])),minus(cos(X(2,:)),tanh(exp(X(1,:)))))),minus(cos(X(1,:)),minus(plus(X(2,:),X(1,:)),square(tanh(cos(X(1,:))))))),minus(minus(exp(cos(X(1,:))),minus(minus(plus(X(2,:),X(1,:)),[-27.6429]),[-27.6429])),minus(cos(X(2,:)),tanh(exp(X(1,:))))))))"
1,2,11,"times(square([41.3538]),times(minus([42.3854],X(1,:)),plus(times(minus([63.3834],times(X(1,:),minus(times(sin(X(2,:)),sin(X(2,:))),square(X(2,:))))),plus(X(1,:),X(2,:))),minus(times(plus(times(sin(X(2,:)),[-7.7426]),minus(X(2,:),[-7.7426])),X(2,:)),minus(times(square(X(2,:)),X(1,:)),minus([63.4256],X(1,:)))))))"
1,2,12,"times(times(plus(plus(square(exp(X(1,:))),times(square(square(times(tanh(X(1,:)),X(1,:)))),square(X(1,:)))),times(plus([93.6708],minus(tanh(X(1,:)),negexp(sin(negexp(X(1,:)))))),plus(minus(tanh(tanh(X(1,:))),negexp(sin(negexp(X(1,:))))),plus(X(2,:),exp(X(2,:)))))),square(plus([93.0933],negexp(minus(tanh(tanh(X(1,:))),times(tanh(X(1,:)),tanh(X(1,:)))))))),times(tanh(X(1,:)),tanh(X(1,:))))"
1,2,13,"plus(minus(minus(minus(minus(plus(minus(plus(times(X(1,:),[-77.8579]),times(X(1,:),X(1,:))),exp(X(2,:))),times(X(2,:),[97.1868])),times(X(1,:),plus(X(2,:),X(2,:)))),plus(times(minus([8.7077],X(1,:)),[-77.8579]),times(times([8.7283],plus(X(2,:),X(1,:))),X(1,:)))),minus(X(1,:),plus(X(2,:),times(times(X(1,:),X(1,:)),plus(X(2,:),X(2,:)))))),minus(times([8.7077],plus(plus(X(2,:),X(1,:)),X(1,:))),plus(plus(X(2,:),X(2,:)),times([8.6903],plus(plus(X(2,:),X(1,:)),minus(X(2,:),sin(plus(X(2,:),X(2,:))))))))),sin(X(1,:)))"
1,2,14,"plus(exp(exp(sin(X(1,:)))),plus(plus(exp(sin(sin(cos(minus(X(1,:),[-86.4763]))))),plus(exp(X(1,:)),plus(plus(tanh(X(2,:)),exp(X(1,:))),plus(exp(X(1,:)),plus(exp(X(1,:)),plus(sin(X(1,:)),times(X(2,:),X(2,:)))))))),plus(exp(exp(sin(X(1,:)))),plus(plus(X(1,:),X(1,:)),minus(minus(X(1,:),[-86.4853]),[-86.6258])))))"
1,2,15,"times(square(minus(sin(times(times(square(X(1,:)),cos([-43.7835])),cos([-44.0331]))),square(X(1,:)))),times(square(X(2,:)),times(times(times(times(square(X(1,:)),cos([-43.7835])),cos([-43.8247])),cos([-43.7444])),cos(cos(negexp(minus(times(square(X(1,:)),negexp(X(1,:))),square(cos(X(2,:))))))))))"
1,2,16,"exp(exp(exp(cos(exp(sin(minus(square(square(X(2,:))),sin(sin([72.6117])))))))))"
1,2,17,"square(plus(plus(times(times([5.4421],cos(times(minus(square(X(1,:)),minus(X(1,:),X(2,:))),X(2,:)))),cos(square(X(2,:)))),plus(plus(X(1,:),X(1,:)),X(2,:))),plus(cos(times(times(X(1,:),times(minus(square(X(1,:)),minus(X(1,:),X(2,:))),X(2,:))),plus(X(1,:),X(1,:)))),plus(X(2,:),X(2,:)))))"
1,2,18,"plus(plus(plus(exp(X(2,:)),times(square(cos(exp(minus(exp(X(1,:)),tanh(X(2,:)))))),[-85.5178])),minus(exp(X(1,:)),tanh(times(plus(X(1,:),X(2,:)),minus(plus(cos([-85.3954]),X(1,:)),X(2,:)))))),minus(plus(plus(exp(X(2,:)),times(plus(tanh(cos(plus(X(1,:),X(2,:)))),sin(X(1,:))),[-85.4523])),minus(exp(X(1,:)),cos(minus(plus(cos([-85.4523]),X(1,:)),X(2,:))))),times(X(2,:),minus(plus(cos(plus(X(1,:),X(2,:))),plus(cos(plus(X(1,:),X(2,:))),X(1,:))),X(2,:)))))"
1,2,19,"times(plus(times(X(1,:),tanh(tanh(X(1,:)))),X(1,:)),times(tanh(times(plus(times(X(1,:),X(2,:)),tanh(times(X(1,:),tanh(X(1,:))))),X(2,:))),times(times(times(plus(times(X(1,:),X(2,:)),X(1,:)),X(2,:)),times(cos(negexp(X(2,:))),tanh(tanh(X(1,:))))),X(2,:))))"
1,2,20,"square(square(minus(minus(minus(tanh(tanh(X(2,:))),plus(exp(cos(sin([63.9316]))),X(1,:))),plus(exp(sin(cos(X(1,:)))),X(1,:))),plus(exp(cos(times(tanh(X(2,:)),times(tanh(X(2,:)),tanh(X(1,:)))))),X(1,:)))))"
1,2,21,"plus(square(minus(plus(sin(negexp(plus(sin(minus(X(2,:),X(1,:))),cos(tanh(X(1,:)))))),plus(sin(plus(sin(minus(X(2,:),X(1,:))),X(2,:))),X(2,:))),X(1,:))),plus(plus(sin(plus(negexp(plus(X(2,:),cos(X(2,:)))),minus(X(2,:),plus(sin(minus(X(2,:),X(2,:))),cos(minus(X(2,:),X(1,:))))))),plus(minus(X(2,:),X(1,:)),plus(sin(minus(X(2,:),X(1,:))),plus(sin(minus(X(2,:),X(1,:))),X(2,:))))),negexp(plus(sin(negexp(plus(sin(minus(X(2,:),X(1,:))),cos(tanh(X(1,:)))))),plus(sin(exp(square(minus(X(2,:),X(1,:))))),X(2,:))))))"
1,2,22,"minus(sin(times(exp(times(sin(tanh(X(1,:))),cos(times(X(1,:),X(1,:))))),X(2,:))),plus(plus(plus(sin(plus(minus(times(X(1,:),X(2,:)),X(2,:)),plus(sin(sin(X(2,:))),minus(times(X(1,:),X(2,:)),X(2,:))))),plus(sin(sin(X(2,:))),minus(times(X(1,:),X(2,:)),X(2,:)))),plus(sin(plus(minus(times(X(1,:),X(2,:)),X(2,:)),plus(sin(X(2,:)),minus(times(X(1,:),X(2,:)),X(2,:))))),plus(plus(sin(X(2,:)),[66.6547]),minus(times(X(1,:),X(2,:)),X(2,:))))),minus(times(X(1,:),X(2,:)),X(2,:))))"
1,2,23,"minus(sin(plus(cos(times(times(exp(cos([-36.6562])),times(tanh([-36.6635]),times(exp(X(1,:)),tanh(X(1,:))))),exp(plus(plus(square(X(1,:)),cos(X(1,:))),square(sin(X(1,:))))))),X(1,:))),times(cos(minus(X(1,:),minus(X(2,:),times(sin(X(2,:)),minus(times(sin(X(2,:)),minus(X(1,:),[-87.4756])),[-87.4756]))))),minus([-36.6562],sin(X(1,:)))))"
1,2,24,"plus(plus(square(X(1,:)),square(X(2,:))),times(times(plus([19.8058],times(minus(negexp(X(2,:)),cos(minus(X(1,:),square([19.8692])))),cos(X(2,:)))),cos(minus(minus(X(1,:),square(X(1,:))),X(2,:)))),cos(plus(plus(square(X(1,:)),square(X(1,:))),cos(minus(X(1,:),square(X(1,:))))))))"
1,2,25,"minus(minus(plus(minus(plus(plus(X(2,:),[-61.5223]),plus(plus(minus(times(X(1,:),X(1,:)),square(X(2,:))),X(1,:)),times([13.8187],X(1,:)))),cos(times(times(cos(cos(X(1,:))),[-61.4464]),[-61.4815]))),X(2,:)),sin(X(1,:))),sin(plus(minus(plus(plus(X(2,:),[-61.4815]),plus(plus(minus(times(X(1,:),X(1,:)),square(X(2,:))),X(1,:)),times([13.8187],X(1,:)))),cos(times(times(cos(cos(X(1,:))),[-61.4464]),[-61.4815]))),X(2,:))))"
1,2,26,"times(times([51.5854],plus(square(plus([-18.9789],X(2,:))),square(plus([-18.9493],plus(X(2,:),negexp(negexp(times(X(2,:),[15.9446])))))))),square(plus(plus(plus(plus(X(2,:),negexp(negexp(X(2,:)))),negexp(plus(negexp(X(2,:)),exp(negexp(X(1,:)))))),plus([-18.9792],X(2,:))),plus(plus(X(2,:),negexp(negexp(X(2,:)))),negexp(plus(square(square(square(X(1,:)))),exp(negexp(X(2,:)))))))))"
1,2,27,"plus(times(minus(plus(times(minus(plus(times(X(1,:),X(2,:)),X(1,:)),times(X(1,:),X(2,:))),X(2,:)),X(1,:)),times(X(1,:),X(2,:))),minus(X(1,:),times(plus(sin(times(sin(sin([-3.2460])),X(1,:))),X(1,:)),minus([-3.1895],X(2,:))))),plus(negexp(plus(times(sin(sin(sin(sin([-3.2460])))),minus(X(1,:),sin(sin(minus(X(1,:),X(2,:)))))),X(1,:))),minus(times(X(2,:),minus(X(1,:),X(2,:))),times([59.3337],X(1,:)))))"
1,2,28,"plus(minus(plus(tanh(times(minus(exp(X(2,:)),times(minus(X(1,:),square(X(2,:))),minus(X(2,:),square(X(2,:))))),minus(minus(minus(negexp(X(2,:)),[20.7381]),X(1,:)),[20.9809]))),minus(plus(tanh(times(minus(exp(X(2,:)),negexp(X(1,:))),times(minus(X(1,:),X(2,:)),[-38.3646]))),plus(times(minus(X(1,:),[20.7741]),X(1,:)),negexp(X(2,:)))),minus(X(1,:),tanh(times(minus(X(1,:),square(X(2,:))),minus(square(X(2,:)),[20.7302])))))),minus(minus(minus(X(1,:),tanh(times(minus(X(1,:),square(X(2,:))),minus(square(X(2,:)),[20.7302])))),tanh(times(minus(X(1,:),square(X(2,:))),minus(square(X(2,:)),[20.7302])))),tanh(times(minus(X(1,:),times(minus(X(1,:),square(X(2,:))),X(2,:))),minus(minus(X(1,:),minus(X(1,:),square(X(2,:)))),[20.7460]))))),plus(times(X(1,:),X(1,:)),negexp(X(2,:))))"
1,2,29,"plus(X(1,:),plus(minus(plus(X(2,:),X(2,:)),plus(square(sin(sin(exp(exp(X(2,:)))))),cos(cos(exp(sin(X(2,:))))))),minus(plus(minus(minus(X(2,:),X(2,:)),plus([-72.3368],[-72.3368])),plus(X(2,:),minus(plus(X(2,:),plus(X(2,:),times(X(2,:),[4.9719]))),[-95.9152]))),[-72.3368])))"
1,2,30,"square(plus(plus(negexp(negexp(cos(negexp(cos(X(1,:)))))),sin(X(2,:))),plus(negexp(X(2,:)),plus(plus(square(minus(minus(X(1,:),X(2,:)),[4.7530])),negexp(X(2,:))),plus(negexp(X(1,:)),sin(X(2,:)))))))"
1,2,31,"negexp(tanh(sin(minus(tanh(times(plus(tanh(plus(X(2,:),X(1,:))),X(1,:)),tanh(plus(X(2,:),X(1,:))))),tanh(plus(minus(tanh(exp(X(2,:))),X(2,:)),X(1,:)))))))"
1,2,32,"square(square(minus(exp(exp(times(exp(minus(X(1,:),tanh(X(2,:)))),times([-48.7184],exp(plus([-38.3800],[26.4465])))))),minus(minus(minus(tanh(X(2,:)),X(1,:)),minus(exp(exp(exp([-48.5512]))),minus(minus(tanh(X(2,:)),X(1,:)),X(1,:)))),X(1,:)))))"
1,2,33,"square(plus(plus(square(times(X(2,:),times(cos(negexp(negexp(X(1,:)))),X(2,:)))),plus(minus(negexp(sin(X(1,:))),sin(exp(negexp(sin(X(1,:)))))),plus(cos(X(2,:)),plus(exp(minus(tanh(X(2,:)),tanh(X(1,:)))),negexp(X(1,:)))))),times(plus(cos(negexp(square(minus(tanh(X(2,:)),negexp(X(1,:)))))),plus(square(X(2,:)),negexp(X(1,:)))),tanh(plus(minus(negexp(sin(X(1,:))),sin(exp(negexp(X(1,:))))),negexp(X(1,:)))))))"
1,2,34,"square(plus(negexp(X(1,:)),times(plus(cos(times(tanh(plus(plus(X(2,:),X(1,:)),tanh([24.2252]))),plus(X(2,:),plus([24.2704],tanh(X(1,:)))))),plus(plus(plus([24.1744],tanh([24.2192])),tanh(tanh([24.2989]))),tanh(tanh(minus(exp(X(1,:)),exp([-67.5110])))))),plus(X(2,:),times(plus([24.3120],cos(plus(X(2,:),X(1,:)))),plus(X(2,:),X(1,:)))))))"
1,2,35,"square(times(plus(minus(X(1,:),plus([58.3157],square(X(2,:)))),plus(times(X(2,:),plus(minus(X(1,:),plus([-58.1574],square(X(2,:)))),plus(times(tanh(X(2,:)),X(1,:)),plus([-67.5249],[-35.8979])))),times(plus(minus(X(1,:),plus([-58.1331],square(X(2,:)))),plus(times(X(2,:),X(1,:)),plus([-67.5951],[-35.9901]))),X(1,:)))),[-24.5597]))"
1,2,36,"square(times(plus(plus(X(1,:),X(2,:)),X(2,:)),plus(plus(plus(plus(plus(times(plus(X(2,:),X(2,:)),X(1,:)),minus(minus([-79.8094],X(2,:)),X(2,:))),minus(minus(minus([-79.7777],X(2,:)),X(2,:)),plus(plus(X(1,:),X(2,:)),X(2,:)))),minus(minus(minus([-94.2325],X(2,:)),X(2,:)),plus(plus(X(1,:),X(1,:)),plus(plus(X(2,:),X(1,:)),X(2,:))))),minus(minus([-94.2882],exp(exp(sin(X(2,:))))),exp(exp(sin(X(2,:)))))),minus(minus(minus(minus([-94.2877],X(2,:)),X(2,:)),X(2,:)),X(2,:)))))"
1,2,37,"plus(cos(minus(times(sin(plus(times(sin(negexp(X(1,:))),plus(X(1,:),minus(X(1,:),X(1,:)))),minus(X(1,:),X(2,:)))),times(times(plus(X(2,:),X(2,:)),tanh(X(1,:))),tanh([51.6653]))),X(2,:))),square(minus(plus(times(X(2,:),sin(sin([51.5663]))),plus(X(2,:),minus(times(X(1,:),X(1,:)),square(X(2,:))))),minus(times(sin(negexp(plus(tanh(X(2,:)),minus(X(1,:),X(2,:))))),plus(times(sin(negexp(X(1,:))),plus(X(1,:),minus(X(1,:),X(2,:)))),minus(X(1,:),X(2,:)))),[46.8254]))))"
1,2,38,"plus(plus(plus(plus(plus(negexp(plus(plus(negexp(X(1,:)),X(2,:)),X(1,:))),plus(negexp(X(1,:)),plus(negexp(X(1,:)),X(2,:)))),negexp(plus(plus(negexp(X(1,:)),X(2,:)),X(1,:)))),plus(negexp(X(1,:)),X(2,:))),negexp(plus(plus(plus(negexp(X(1,:)),X(2,:)),negexp(plus(X(1,:),negexp(X(1,:))))),X(1,:)))),plus(plus(plus(plus(negexp(plus(plus(negexp(X(1,:)),X(2,:)),X(1,:))),negexp(plus(plus(negexp(X(1,:)),X(2,:)),X(1,:)))),negexp(plus(cos(X(1,:)),X(1,:)))),negexp(plus(cos(X(2,:)),X(1,:)))),plus(plus(cos(X(1,:)),negexp(plus(cos(X(1,:)),X(1,:)))),negexp(negexp(plus(X(1,:),negexp(plus(negexp(X(2,:)),X(1,:)))))))))"
1,2,39,"plus(plus(plus(plus(square(plus(X(2,:),plus(X(2,:),X(1,:)))),plus(square(X(2,:)),exp(plus(X(1,:),plus(minus(X(1,:),X(1,:)),tanh(X(2,:))))))),plus(square(plus(X(2,:),plus(X(2,:),X(1,:)))),plus(square(X(2,:)),exp(plus(X(1,:),plus(minus(X(1,:),X(1,:)),tanh(X(2,:)))))))),square(cos(square(minus(minus(X(1,:),square(tanh(X(2,:)))),cos(X(1,:))))))),square(tanh(square(times(times(square(minus(minus(X(1,:),X(2,:)),cos(X(2,:)))),minus(tanh(X(1,:)),square(minus(X(1,:),X(2,:))))),exp(square(tanh(square(X(2,:))))))))))"
1,2,40,"times(sin(cos(exp(times(cos(times(square([22.2964]),X(1,:))),times(cos(times(plus([-19.6527],X(1,:)),[-61.1796])),cos(plus(plus([22.2964],X(2,:)),[-61.1796]))))))),minus(times(cos(plus(X(2,:),[-61.1142])),X(2,:)),plus(plus(cos(times(plus(plus([22.2964],X(2,:)),[-61.1796]),[-61.1796])),[-61.1796]),plus(plus([-61.1796],cos(X(2,:))),plus([-61.3744],square([22.0760]))))))"
1,2,41,"plus(exp(minus(X(2,:),X(1,:))),times(plus(plus(X(2,:),negexp(plus(exp(X(2,:)),times(square(minus(X(1,:),X(2,:))),square(square(X(1,:))))))),negexp(X(2,:))),square(minus(X(1,:),X(2,:)))))"
1,2,42,"times(plus(sin(times(plus(times(exp(plus(X(2,:),X(2,:))),X(1,:)),[-76.6409]),X(1,:))),[-76.6409]),plus(times(sin(times(exp(plus(X(2,:),X(2,:))),X(1,:))),plus(tanh(plus(X(1,:),[-76.6409])),minus(X(1,:),X(2,:)))),plus(times(sin(times(exp(plus(times([-76.2693],X(1,:)),X(2,:))),[-76.3822])),X(1,:)),plus(sin(X(2,:)),X(1,:)))))"
1,2,43,"square(minus(times(X(1,:),X(2,:)),exp(exp(sin(plus(sin(sin(sin(X(2,:)))),minus(sin(sin([24.0355])),times(cos(X(1,:)),exp(X(2,:))))))))))"
1,2,44,"plus(plus(plus(plus(plus(sin(plus(exp(times([41.6317],X(1,:))),[-89.9932])),times(X(2,:),plus(plus(exp(X(1,:)),times(X(1,:),X(1,:))),times(tanh(X(1,:)),times(X(2,:),X(2,:)))))),times(X(2,:),times(X(1,:),X(1,:)))),times(tanh(X(1,:)),plus(plus(exp(X(1,:)),[-89.9932]),sin(X(2,:))))),times(minus(minus(negexp(sin(X(2,:))),negexp(plus(exp(X(1,:)),times(X(1,:),X(1,:))))),plus(square(X(1,:)),negexp(plus(exp(X(1,:)),times(X(1,:),X(1,:)))))),times(exp(X(1,:)),square(X(2,:))))),plus(plus(plus(exp([-89.9932]),minus(minus(X(2,:),X(1,:)),negexp(minus(X(2,:),tanh(X(2,:)))))),times(sin(minus(minus([-90.1425],X(2,:)),times(X(1,:),X(2,:)))),times(square(sin(X(2,:))),times(exp(minus(X(2,:),X(1,:))),negexp(cos(minus(X(2,:),X(1,:)))))))),square(plus(plus(times([41.6317],X(1,:)),plus(plus(exp(X(1,:)),times(X(1,:),X(1,:))),times(tanh(X(1,:)),times(X(2,:),X(2,:))))),plus(minus(times(X(2,:),X(2,:)),[-77.8957]),times(X(1,:),X(2,:)))))))"
1,2,45,"square(minus(times(cos(cos(minus(times(sin(X(1,:)),X(2,:)),X(1,:)))),X(2,:)),minus(times(sin(X(1,:)),X(2,:)),minus(times(sin(X(1,:)),X(2,:)),X(1,:)))))"
1,2,46,"plus(plus(plus(times(X(2,:),times(plus(X(2,:),negexp(sin(X(2,:)))),cos(plus(times(X(2,:),X(1,:)),plus(times(X(2,:),X(1,:)),X(2,:)))))),plus(X(2,:),times(plus(X(2,:),negexp(negexp(X(1,:)))),cos(plus(X(2,:),cos(X(1,:))))))),square(cos(sin(cos(sin(times(X(2,:),X(1,:)))))))),plus(plus(cos(plus(plus(X(2,:),negexp(sin(X(2,:)))),X(1,:))),plus(times(X(2,:),X(1,:)),times(plus(plus(X(2,:),cos(X(1,:))),negexp(sin(times(X(2,:),X(1,:))))),X(1,:)))),plus(times(cos(cos(plus(X(2,:),cos(X(1,:))))),plus(X(2,:),X(1,:))),cos(cos(plus(sin(X(2,:)),times(X(2,:),X(1,:))))))))"
1,2,47,"times(plus(X(1,:),X(2,:)),times(cos(minus(square(plus([98.9016],X(1,:))),X(2,:))),minus(plus([98.9817],[-91.4434]),tanh(negexp(times(X(1,:),cos([-91.3807])))))))"
1,2,48,"minus(minus(plus(sin(plus(times([58.4039],X(1,:)),times(square(X(1,:)),times(sin(tanh(X(1,:))),sin([58.4039]))))),X(2,:)),times(square(X(1,:)),times(sin(tanh(X(1,:))),sin([58.4039])))),times(times(plus(times(sin(times(square(square([-30.7500])),X(2,:))),[-30.5310]),X(2,:)),sin(sin(tanh(sin(tanh(times([58.3732],X(1,:)))))))),sin(tanh(plus(sin(plus(negexp(times([74.4294],X(1,:))),square([74.4294]))),X(2,:))))))"
1,2,49,"times([-27.9433],minus(plus(cos(plus(tanh(plus(tanh(square(X(2,:))),plus(negexp(X(1,:)),negexp(X(2,:))))),X(1,:))),sin(negexp(X(2,:)))),X(1,:)))"
1,2,50,"square(minus(plus(square(minus(plus(plus(X(1,:),minus(X(1,:),minus([-6.9586],X(1,:)))),X(1,:)),minus([69.6937],plus(X(1,:),X(1,:))))),times(minus([-6.2898],X(1,:)),X(2,:))),minus(minus(minus(minus(minus(square(plus(X(1,:),X(1,:))),exp(X(1,:))),X(2,:)),plus(plus(X(1,:),exp(X(1,:))),plus(X(1,:),minus(plus(X(1,:),X(1,:)),minus([-6.9586],X(1,:)))))),plus(plus(minus(X(1,:),minus([-6.9586],plus(X(1,:),X(1,:)))),X(1,:)),plus(plus(plus(plus(X(1,:),X(1,:)),X(1,:)),X(1,:)),plus(plus(plus(X(1,:),X(1,:)),exp(X(1,:))),X(1,:))))),plus(plus(plus(minus(X(1,:),minus(minus([-6.9586],X(1,:)),X(1,:))),plus(plus(X(1,:),cos(X(2,:))),X(1,:))),plus(plus(minus(X(1,:),minus([-6.9586],X(1,:))),X(1,:)),exp(X(1,:)))),plus(plus(minus(tanh(X(2,:)),minus([-6.9586],X(1,:))),plus(plus(plus(X(1,:),X(1,:)),X(1,:)),exp(X(1,:)))),plus(times(times(X(1,:),X(2,:)),tanh(X(2,:))),X(1,:)))))))"
1,2,51,"minus(minus(minus(minus(X(1,:),minus(sin(cos(plus([-23.7405],X(2,:)))),minus(minus(square(X(2,:)),sin(cos(X(1,:)))),negexp(sin(sin(X(2,:))))))),plus(minus(sin(sin([27.4227])),minus(minus(square(X(2,:)),minus(times(X(2,:),X(1,:)),sin(X(2,:)))),plus(cos(plus([-23.8966],X(2,:))),sin(exp(X(1,:)))))),exp(cos(X(1,:))))),minus(minus(sin(exp(minus(square(X(2,:)),sin(exp(X(1,:)))))),minus(minus(square(X(2,:)),sin(exp(X(1,:)))),plus(cos(X(1,:)),exp(cos(X(1,:)))))),minus(square(plus([-23.7405],X(2,:))),minus([-23.7405],minus(minus(square(X(2,:)),sin(exp(X(2,:)))),exp(cos(X(1,:)))))))),minus(plus(plus(plus(cos(plus([-23.7405],X(2,:))),exp(cos(X(1,:)))),exp(cos(X(1,:)))),exp(plus(cos(plus([-23.6084],X(2,:))),plus(cos(plus([-23.9848],sin(X(2,:)))),sin(exp(X(1,:))))))),minus(minus(X(1,:),minus(sin(cos(plus([-23.7405],X(2,:)))),minus(minus(square(X(2,:)),sin(exp(X(1,:)))),plus(cos(plus([-23.7405],X(2,:))),exp(cos(X(1,:))))))),plus(cos(plus([-23.7405],X(2,:))),exp(sin(exp(X(1,:))))))))"
1,2,52,"plus(plus(plus(plus(plus(plus(times(X(2,:),X(2,:)),negexp(X(1,:))),plus(square(negexp(tanh(X(1,:)))),square(negexp(tanh(X(1,:)))))),cos(cos(negexp(X(1,:))))),square(negexp(tanh(X(1,:))))),plus(times(X(2,:),X(2,:)),minus(negexp(X(1,:)),minus(X(1,:),square(X(1,:)))))),plus(plus(plus(plus(times(X(2,:),X(1,:)),square(negexp(minus(sin(X(1,:)),cos(X(1,:)))))),plus(plus(square(negexp(tanh(X(1,:)))),negexp(X(1,:))),square(negexp(cos(X(1,:)))))),negexp(X(1,:))),plus(minus(minus(sin(X(1,:)),X(1,:)),X(2,:)),plus(plus(plus(plus(times(X(2,:),tanh(X(2,:))),negexp(X(2,:))),negexp(minus(sin(X(1,:)),cos(X(1,:))))),negexp(tanh(X(1,:)))),plus(times(plus(X(2,:),negexp(exp(X(2,:)))),X(2,:)),minus(negexp(X(1,:)),minus(X(1,:),square(X(1,:)))))))))"
1,2,53,"plus(plus(plus(plus(plus(plus(plus(X(2,:),X(2,:)),plus(plus([-70.1193],plus([-70.1193],X(2,:))),X(2,:))),plus([-70.1193],X(2,:))),plus(X(2,:),plus(X(1,:),plus([-69.9421],plus([-70.1193],X(2,:)))))),X(2,:)),plus([-69.9421],plus([-70.1193],X(2,:)))),plus(square(negexp(square(cos(negexp(X(2,:)))))),plus([-69.9421],X(2,:))))"
1,2,54,"times(plus([72.1152],plus(times(X(1,:),X(2,:)),plus(plus(exp(plus(X(2,:),tanh(X(2,:)))),times(plus(X(2,:),exp(X(1,:))),X(1,:))),plus(plus(X(1,:),X(1,:)),negexp(X(1,:)))))),plus([72.1152],plus(plus(X(2,:),plus([72.3155],plus(X(2,:),tanh(plus(negexp(X(2,:)),plus(X(1,:),X(1,:))))))),plus([72.1105],plus(X(2,:),tanh(tanh(plus(times(X(1,:),X(2,:)),minus(X(1,:),X(2,:))))))))))"
1,2,55,"negexp(plus(tanh(plus(X(1,:),X(2,:))),tanh(square(negexp(tanh(X(2,:)))))))"
1,2,56,"square(plus(plus(times([-17.6203],square(X(1,:))),cos(square(square(X(1,:))))),cos(plus(plus(times([-18.0131],square(X(1,:))),cos(square(square(X(1,:))))),cos(square(X(1,:)))))))"
1,2,57,"times(plus(X(1,:),plus(plus(X(2,:),X(1,:)),negexp(negexp(minus(plus(plus(X(2,:),negexp(X(1,:))),negexp(X(1,:))),plus(X(1,:),negexp(negexp(X(2,:))))))))),times(square(plus(plus(X(1,:),negexp(negexp(X(2,:)))),negexp(negexp(plus(X(2,:),negexp(X(1,:))))))),times([83.5385],plus(X(2,:),negexp(negexp(X(1,:)))))))"
1,2,58,"minus(minus(square(times(minus([52.2426],X(1,:)),minus(times(X(2,:),[13.1362]),minus(minus([52.2426],plus([-70.1861],square(X(2,:)))),X(1,:))))),times(plus([-70.2360],square(X(2,:))),square(minus([61.2964],minus(minus(X(2,:),X(1,:)),X(1,:)))))),times([-70.2358],square(times(times(X(2,:),[13.1476]),minus([29.6544],minus([13.1476],X(1,:)))))))"
1,2,59,"plus(times(plus(plus(plus(sin(exp(X(2,:))),plus(X(1,:),X(1,:))),plus(plus(sin(X(2,:)),plus(X(1,:),X(1,:))),tanh(plus(sin(exp(X(2,:))),X(1,:))))),plus(square(times(square(negexp(X(2,:))),sin(exp(X(2,:))))),X(1,:))),times([-92.6640],[-92.9156])),plus(negexp(plus(plus(plus([-19.5462],tanh(exp(X(2,:)))),tanh(plus(tanh(exp(X(2,:))),tanh(exp(X(2,:)))))),exp(X(2,:)))),times(X(2,:),[-69.3770])))"
1,2,60,"times(minus(exp([6.9004]),exp(negexp(cos(X(1,:))))),times(minus(exp([6.4764]),minus(minus(exp(tanh(negexp(X(1,:)))),square(X(2,:))),plus(square(X(2,:)),plus(plus(square(X(2,:)),plus(X(2,:),negexp(X(1,:)))),negexp(X(1,:)))))),plus(square(X(2,:)),plus(minus(exp(cos(X(1,:))),X(1,:)),negexp(X(1,:))))))"
1,2,61,"times(plus(plus([-71.4431],square(negexp(sin(times(cos([55.8709]),X(1,:)))))),X(2,:)),plus(times(tanh(plus([-71.5156],plus(X(2,:),plus(X(2,:),plus([55.8039],X(2,:)))))),plus(square(X(2,:)),plus(sin(times(cos([55.9577]),X(2,:))),plus(sin(times(cos([55.9577]),X(2,:))),plus(sin(X(2,:)),X(1,:)))))),square(negexp(sin(times(cos(cos([55.8709])),X(1,:)))))))"
1,2,62,"minus(minus(times(exp(tanh(plus(square(plus(tanh(X(2,:)),cos(X(1,:)))),plus(X(1,:),X(2,:))))),times(tanh(X(1,:)),times(exp(X(1,:)),cos(sin(minus(minus([-67.6500],X(1,:)),square([-89.0195]))))))),sin(plus(tanh(negexp(tanh(X(1,:)))),times(exp(times(exp(X(1,:)),X(2,:))),exp(sin(minus(minus([-67.6843],X(1,:)),square([-89.0724])))))))),times(negexp(tanh(minus(times(X(2,:),tanh(X(1,:))),sin(plus(tanh(negexp(X(1,:))),times(exp(X(1,:)),plus(X(1,:),X(1,:)))))))),minus(plus(plus(X(1,:),X(1,:)),tanh(plus(X(2,:),plus(tanh(exp([-67.6445])),cos(X(1,:)))))),X(2,:))))"
1,2,63,"minus(minus(minus(plus(tanh(times(X(1,:),X(2,:))),square(minus(X(2,:),X(2,:)))),plus(plus(cos(times(sin(times(X(2,:),X(1,:))),exp(X(2,:)))),times(cos(times(sin(X(1,:)),exp(X(2,:)))),plus(plus(X(2,:),X(2,:)),X(2,:)))),square(times(cos(times(sin(X(1,:)),exp(X(2,:)))),plus(X(2,:),X(2,:)))))),times(negexp(plus(cos(minus([-11.1782],negexp(plus(X(2,:),X(2,:))))),tanh(X(2,:)))),minus([-61.7733],minus(minus(negexp(X(2,:)),times(sin(X(1,:)),exp(X(2,:)))),times(sin(X(1,:)),exp(X(2,:))))))),times(negexp(X(1,:)),minus([-68.5714],plus(plus(X(1,:),X(1,:)),square(times(cos(sin(X(1,:))),plus(X(2,:),X(2,:))))))))"
1,2,64,"times(minus(tanh(X(2,:)),times(X(1,:),cos(exp(plus(cos(square(minus(X(2,:),X(1,:)))),negexp(negexp(X(1,:)))))))),times(X(2,:),minus([13.0266],plus(X(2,:),times(minus(minus(minus(X(2,:),X(1,:)),cos(times([40.1349],X(2,:)))),X(1,:)),cos(exp(square(X(2,:)))))))))"
1,2,65,"square(times(plus(negexp(plus(plus(plus(negexp(X(2,:)),sin(exp(X(2,:)))),sin(X(2,:))),sin(cos(X(1,:))))),times(square(X(2,:)),square(X(1,:)))),sin(square(times(X(1,:),times(negexp(X(1,:)),times(sin(sin([-42.0034])),X(2,:))))))))"
1,2,66,"plus(plus(square(plus(X(1,:),plus(plus(X(2,:),X(2,:)),plus(tanh(X(1,:)),plus(plus(X(2,:),X(2,:)),negexp(X(2,:))))))),times(cos(exp(minus(sin(sin(X(2,:))),exp(X(1,:))))),plus(plus(square(plus(plus(X(2,:),X(2,:)),plus(plus(X(2,:),X(1,:)),negexp(X(2,:))))),square(square(X(1,:)))),plus(square(square(X(1,:))),X(1,:))))),plus(exp(X(1,:)),plus(plus(X(2,:),X(2,:)),plus(plus(tanh(plus(tanh(X(2,:)),plus(plus(X(2,:),X(1,:)),negexp(X(2,:))))),tanh(X(1,:))),negexp(plus(X(1,:),square(square(square(X(1,:))))))))))"
1,2,67,"square(plus(cos(times(X(2,:),cos(negexp(plus([-51.2880],plus(times(X(1,:),[-44.3621]),[-51.2880])))))),plus(square(times(X(1,:),tanh(tanh(plus(square(X(1,:)),X(2,:)))))),X(2,:))))"
1,2,68,"square(plus(square(plus(plus(X(1,:),X(1,:)),minus(square(plus(tanh([-62.6456]),tanh([-62.6456]))),plus(tanh(sin(exp(X(2,:)))),tanh(X(2,:)))))),minus(minus(exp([5.2067]),plus(tanh(sin(exp(X(2,:)))),plus(tanh(sin(exp(X(2,:)))),tanh(cos(square(X(2,:))))))),plus(tanh(cos(square(X(2,:)))),tanh(cos(square(X(2,:))))))))"
1,2,69,"minus(minus(square(plus(X(2,:),minus(X(1,:),cos(square(square(plus(X(2,:),X(1,:)))))))),cos(square(square(plus(X(2,:),X(1,:)))))),tanh(plus(cos(square(square(plus(X(2,:),X(1,:))))),cos(square(square(cos(square(plus(X(2,:),X(1,:))))))))))"
1,2,70,"plus(plus(times(X(2,:),X(1,:)),plus(times(sin(times(X(2,:),[-28.2405])),times(X(2,:),X(1,:))),plus(X(2,:),times(X(2,:),X(1,:))))),plus(times(sin(sin(sin(times(X(2,:),[-28.2176])))),times(X(2,:),X(1,:))),plus(plus(X(1,:),plus(X(1,:),X(2,:))),times(X(2,:),X(1,:)))))"
1,2,71,"times(times(cos(times(minus(X(2,:),X(1,:)),tanh(tanh(cos([-55.9205]))))),[7.0008]),times(tanh(cos(times(tanh(plus(negexp(square(X(1,:))),negexp(minus(X(2,:),X(1,:))))),negexp(square(X(1,:)))))),[7.2794]))"
1,2,72,"times(plus(square(square(square(sin(X(2,:))))),square(negexp(exp(X(1,:))))),minus(square(minus([-11.4832],sin(plus(cos(minus(negexp(X(1,:)),minus([-11.5319],X(1,:)))),negexp(X(2,:)))))),plus(plus(plus(plus(X(1,:),sin(exp(X(1,:)))),sin(square(X(1,:)))),cos(minus([-11.5196],sin(X(2,:))))),plus(X(1,:),cos(minus(cos(times(negexp(X(1,:)),X(2,:))),sin(X(2,:))))))))"
1,2,73,"plus(X(1,:),plus(X(2,:),plus(plus(plus(square(square([-12.8410])),plus(plus([-78.1061],plus(plus([-78.1061],X(1,:)),square([57.1176]))),square(square(square([-50.0766]))))),minus(X(2,:),X(2,:))),plus(plus(plus(plus([-78.1061],plus(plus([-78.0376],X(1,:)),minus(X(2,:),X(2,:)))),negexp([57.1176])),X(1,:)),plus(sin(X(2,:)),plus(sin(times(X(1,:),plus(X(1,:),X(1,:)))),minus(times(X(1,:),plus(X(1,:),X(1,:))),minus(square(X(1,:)),square(X(2,:))))))))))"
1,2,74,"plus(plus(plus(plus(plus(square(times(times(X(1,:),[16.5228]),[56.4401])),times([85.5173],times(times(times(X(1,:),[16.6755]),[56.4401]),[56.3163]))),times(times([85.5173],minus(exp(cos(X(1,:))),exp(X(1,:)))),minus(times(X(1,:),[16.5228]),exp(cos(times(X(1,:),[16.5959])))))),times(plus(sin(X(1,:)),plus(sin(X(1,:)),sin(exp(X(1,:))))),minus(times(times([56.4401],[16.5228]),[56.4401]),plus(sin(exp(X(1,:))),times(X(2,:),X(1,:)))))),times(times([85.5173],minus([16.5228],exp(X(1,:)))),minus(times(X(1,:),[16.5228]),exp(times(plus(X(2,:),X(1,:)),cos(X(1,:))))))),times([16.5619],times([85.5173],minus(negexp(X(2,:)),exp(X(1,:))))))"
1,2,75,"plus(plus(plus(plus(times(plus(plus(plus(square(X(1,:)),X(2,:)),X(1,:)),X(1,:)),[7.2349]),exp(exp(sin(tanh(cos(X(2,:))))))),plus(plus(sin(sin(X(2,:))),sin(sin(X(2,:)))),sin(X(2,:)))),exp(tanh(cos(X(2,:))))),plus(plus(plus(exp(exp(sin(tanh(cos(X(2,:)))))),X(2,:)),X(1,:)),exp(exp(tanh(cos(X(2,:)))))))"
1,2,76,"plus(plus(square(minus(minus(X(2,:),X(1,:)),exp(square(sin(X(1,:)))))),minus(minus(times(X(2,:),X(1,:)),square(sin(square(sin(X(1,:)))))),negexp(sin(square(times(X(1,:),X(1,:))))))),minus(plus(square(minus(minus(square(square(sin(X(1,:)))),X(1,:)),exp(square(sin(X(1,:)))))),negexp(X(2,:))),X(2,:)))"
1,2,77,"plus(plus(plus(plus(plus(X(1,:),plus(X(2,:),[-46.6463])),X(2,:)),plus(plus(plus(plus([-46.6181],X(2,:)),plus(plus(X(2,:),[-46.6463]),[-46.6463])),cos(cos(minus(sin(X(2,:)),negexp(X(1,:)))))),[-46.6181])),plus(plus(plus(plus([-46.6181],plus(X(2,:),[-46.6463])),plus(X(2,:),[-46.6463])),[-46.5489]),plus(plus([-46.8219],plus(X(2,:),[-46.6463])),[-46.6463]))),plus(plus(plus([-46.8219],plus([-46.8219],plus(X(2,:),[-46.6463]))),plus(plus(plus([-46.6181],X(2,:)),plus(X(2,:),[-46.6463])),[-46.6463])),[-46.6181]))"
1,2,78,"square(plus(plus(plus(plus(plus(plus(square(X(2,:)),negexp(tanh(X(1,:)))),negexp(tanh(sin(X(1,:))))),negexp(cos(negexp(X(1,:))))),negexp(cos(square(cos(plus(X(2,:),X(1,:))))))),[33.2185]),negexp(X(1,:))))"
1,2,79,"negexp(times(plus(plus(exp(X(2,:)),square(tanh(square(tanh(plus(X(1,:),X(1,:))))))),cos(plus(X(2,:),times(X(2,:),minus(X(1,:),times(X(2,:),minus(X(1,:),X(2,:)))))))),tanh(square(negexp(cos(cos(plus(plus(X(1,:),X(1,:)),X(1,:)))))))))"
1,2,80,"square(plus(times(X(1,:),X(1,:)),plus(plus(plus(square(X(1,:)),plus(plus(square(X(1,:)),plus([5.9421],X(2,:))),plus(plus(times(X(1,:),X(1,:)),plus([6.1090],X(2,:))),plus([-0.9671],X(2,:))))),plus(plus(square(X(1,:)),plus(times(X(1,:),X(1,:)),X(1,:))),X(2,:))),plus(plus(plus(cos([14.8090]),square(X(1,:))),plus(plus(times(X(1,:),X(1,:)),plus([6.1090],X(2,:))),plus(plus(times(X(1,:),X(1,:)),plus([6.0058],X(2,:))),plus([-0.9638],X(2,:))))),plus(plus(times(tanh(X(1,:)),X(1,:)),X(1,:)),plus([-0.9671],X(2,:)))))))"
1,2,81,"square(plus(plus(square(plus(plus(X(2,:),plus(X(2,:),X(1,:))),X(1,:))),plus(plus(plus(square(cos(X(1,:))),sin(plus(X(1,:),cos(X(2,:))))),plus([14.9112],sin(plus(X(1,:),cos(X(2,:)))))),sin(square(plus(plus(X(2,:),plus(X(2,:),X(1,:))),X(1,:)))))),plus(plus(plus(plus(X(2,:),plus(X(2,:),X(1,:))),X(1,:)),plus(plus(X(2,:),plus(tanh(plus(X(1,:),X(1,:))),cos(X(2,:)))),X(1,:))),plus(tanh(plus(cos(plus(X(2,:),X(1,:))),X(1,:))),cos(X(1,:))))))"
1,2,82,"times([96.6178],square(minus(times(plus(plus(plus(plus(plus([95.8111],X(1,:)),X(2,:)),tanh(plus([95.6018],X(2,:)))),X(2,:)),tanh(plus(tanh(plus(X(2,:),X(2,:))),plus(X(2,:),times(X(2,:),X(2,:)))))),minus(exp(times(negexp(X(1,:)),exp(X(1,:)))),X(2,:))),minus(minus(minus(exp(tanh(plus([95.8111],X(1,:)))),X(1,:)),X(1,:)),[-47.6248]))))"
1,2,83,"times(times(times(times(plus(plus([-48.7013],plus([-17.4832],[-27.0002])),plus(negexp(square(square(X(2,:)))),plus(negexp(square(X(2,:))),[-48.5810]))),minus(times(X(1,:),X(1,:)),[-48.9419])),plus(exp(cos(minus(tanh(X(1,:)),[-17.4832]))),X(1,:))),plus([-27.1162],X(2,:))),minus(times(X(1,:),exp(cos(minus(tanh(minus(tanh([-16.3125]),[-16.3125])),[-17.4832])))),minus(sin(negexp(square(X(2,:)))),[-17.4832])))"
1,2,84,"square(minus(minus(times([58.4817],times([-15.0726],X(2,:))),sin(sin(plus(X(2,:),sin(negexp(exp(X(2,:)))))))),minus(minus(minus(minus(minus(plus(minus([61.0025],X(1,:)),sin(X(2,:))),minus(X(2,:),sin(X(2,:)))),times(X(1,:),X(1,:))),minus(plus(times(X(1,:),X(1,:)),exp(X(2,:))),sin(X(2,:)))),minus(times(sin(plus(minus([61.1211],X(1,:)),tanh(X(1,:)))),minus(plus(times([-15.0726],X(1,:)),exp(X(2,:))),sin(plus([-15.0726],[-75.1593])))),sin(sin(plus(X(2,:),tanh([-15.0726])))))),times([30.8693],[-75.1593]))))"
1,2,85,"square(plus(times([28.7239],tanh(X(2,:))),plus(cos(tanh(X(1,:))),minus(plus(times([28.6927],tanh(X(2,:))),plus([46.9043],minus(square(X(2,:)),tanh(X(2,:))))),tanh(minus(plus(times(negexp(X(1,:)),tanh(X(2,:))),minus(tanh(X(2,:)),times(X(1,:),X(2,:)))),negexp(minus(sin([47.0437]),times(X(2,:),X(2,:))))))))))"
1,2,86,"plus(plus(plus(plus(plus(X(2,:),plus(times(X(1,:),negexp(exp(X(1,:)))),negexp(X(1,:)))),plus(times(times(X(1,:),negexp(exp(X(1,:)))),negexp(cos(X(1,:)))),plus(times(X(1,:),negexp(exp(X(1,:)))),negexp(X(1,:))))),minus(square(X(2,:)),X(1,:))),minus(plus(plus(plus(times(X(2,:),negexp(exp(X(2,:)))),negexp(X(1,:))),plus(times(X(1,:),negexp(exp(X(1,:)))),negexp(X(1,:)))),minus(square(X(2,:)),X(1,:))),plus(plus(X(2,:),negexp(minus(square(X(2,:)),X(1,:)))),minus(square(minus(X(2,:),tanh(X(2,:)))),cos(X(1,:)))))),minus(square(X(2,:)),X(1,:)))"
1,2,87,"plus(exp(X(1,:)),minus(minus(square(times(times(times(minus([60.6309],[46.6911]),tanh(exp(X(2,:)))),tanh(exp(X(2,:)))),X(2,:))),times(times(minus(times(minus(minus(X(1,:),X(2,:)),exp(X(2,:))),tanh(exp(X(2,:)))),[47.0215]),tanh(exp(X(1,:)))),X(2,:))),plus(square(times(times(minus([60.5264],[60.3609]),tanh(negexp(plus(X(2,:),X(2,:))))),minus(times(X(2,:),tanh(exp(X(2,:)))),[47.0874]))),tanh(times([47.0215],minus(times(minus(X(1,:),exp(X(2,:))),tanh(exp(X(2,:)))),X(2,:)))))))"
1,2,88,"plus(plus(times(exp(exp(cos(exp(X(2,:))))),square(minus(minus(sin(X(1,:)),negexp(minus(sin(X(1,:)),cos(X(2,:))))),times(X(1,:),tanh(X(2,:)))))),times(minus(negexp(X(1,:)),minus(sin(X(1,:)),cos(exp(plus(X(1,:),X(2,:)))))),negexp(minus(sin(X(1,:)),cos(X(2,:)))))),plus(times(square(X(1,:)),times(cos(minus(tanh(exp(sin(X(1,:)))),cos(exp(X(2,:))))),times(sin(minus(minus(sin(X(1,:)),cos(X(2,:))),times(X(1,:),X(2,:)))),times(X(1,:),tanh(X(2,:)))))),exp(cos(tanh(times(square(square(X(2,:))),negexp(minus(negexp(X(1,:)),tanh(X(2,:))))))))))"
1,2,89,"times(exp(plus(minus(X(2,:),sin(plus(tanh(X(2,:)),X(2,:)))),X(1,:))),times(minus(X(2,:),cos(minus(plus(exp(tanh(cos(X(1,:)))),X(2,:)),cos(plus(X(2,:),X(1,:)))))),plus(minus(minus(X(2,:),cos(minus(X(2,:),cos(plus(X(2,:),X(1,:)))))),minus(X(2,:),cos(plus(X(2,:),X(1,:))))),X(2,:))))"
1,2,90,"plus(square(times(times(plus(negexp(tanh(plus(plus(X(1,:),X(2,:)),sin(X(1,:))))),X(2,:)),exp(X(1,:))),negexp(times(sin(X(1,:)),X(1,:))))),square(cos(negexp(plus(times(plus(X(1,:),X(2,:)),plus(plus(plus(X(1,:),X(2,:)),X(2,:)),times(sin(X(2,:)),[19.3926]))),plus(plus(X(1,:),X(2,:)),sin(X(1,:))))))))"
1,2,91,"plus(plus(negexp(exp(plus(times(X(2,:),X(1,:)),minus(sin(plus(negexp(X(1,:)),negexp(X(2,:)))),minus(exp(X(2,:)),plus(exp(X(2,:)),X(1,:))))))),plus(negexp(X(1,:)),times(cos(minus(sin(sin(exp(X(2,:)))),minus(X(2,:),times(X(2,:),negexp(X(1,:)))))),[-26.0301]))),plus(negexp(X(1,:)),times(cos(minus(sin(plus(negexp(X(1,:)),negexp(X(1,:)))),minus(X(2,:),plus(exp(X(2,:)),X(1,:))))),[-25.9472])))"
1,2,92,"times(square(plus(plus(negexp(X(2,:)),plus(tanh(minus(cos(X(1,:)),X(2,:))),[52.7608])),plus(tanh(plus(cos(X(1,:)),minus(negexp(negexp(X(1,:))),X(2,:)))),[53.0595]))),plus(negexp(negexp(minus(cos(X(1,:)),tanh(plus(X(2,:),sin(square(X(1,:)))))))),plus(negexp(sin(negexp(negexp(X(2,:))))),plus(negexp(tanh(sin(X(2,:)))),tanh(plus(sin(negexp(negexp(X(2,:)))),minus(cos(sin(X(2,:))),tanh(plus(X(2,:),X(1,:))))))))))"
1,2,93,"square(minus(minus(plus(plus(tanh(plus(plus(plus([-19.8589],X(1,:)),X(1,:)),exp(X(2,:)))),plus(cos(plus(plus([-19.6781],X(1,:)),exp(X(2,:)))),cos(exp(times(X(1,:),[-19.5574]))))),plus(cos(X(2,:)),cos(exp(X(2,:))))),minus(X(2,:),X(1,:))),X(2,:)))"
1,2,94,"times(minus(X(2,:),X(1,:)),minus(minus(minus(X(1,:),times(plus(plus(plus(X(2,:),X(2,:)),X(1,:)),X(1,:)),sin(sin(cos(X(1,:)))))),times(minus(X(2,:),tanh(minus(X(2,:),tanh(X(2,:))))),sin(cos(minus(X(2,:),X(1,:)))))),minus(X(2,:),X(1,:))))"
1,2,95,"times([-31.8796],times(times([-31.6925],square(tanh(tanh(tanh(sin(plus(X(2,:),X(1,:)))))))),square(tanh(tanh(tanh(sin(plus(plus(X(1,:),X(1,:)),X(1,:)))))))))"
1,2,96,"minus(plus(plus(X(2,:),plus(minus(minus(minus(X(2,:),[17.7061]),cos(cos(exp(X(2,:))))),cos(tanh(X(2,:)))),times(X(2,:),X(2,:)))),times(sin(times(sin(X(2,:)),minus(X(2,:),[17.7061]))),plus(plus(X(2,:),times(X(2,:),X(2,:))),times(sin(times(times(X(2,:),minus(X(2,:),[17.7050])),X(1,:))),plus(exp(cos(X(1,:))),plus([17.7162],X(2,:))))))),times(X(1,:),X(1,:)))"
1,2,97,"plus(plus(X(1,:),plus(X(1,:),plus(minus(square(X(1,:)),square(X(2,:))),plus(plus(sin(X(2,:)),plus(sin(cos(X(2,:))),X(2,:))),plus(X(1,:),plus(X(1,:),plus([90.2037],X(2,:)))))))),plus(minus(square(X(1,:)),square(X(2,:))),plus(plus(sin(X(2,:)),X(2,:)),plus(X(1,:),plus(X(1,:),plus([90.1403],X(2,:)))))))"
1,2,98,"times(minus(times(minus(plus(plus(exp(X(2,:)),tanh(X(2,:))),tanh(minus(X(2,:),sin(exp(X(2,:)))))),[-85.0172]),[15.9347]),plus(minus(minus(tanh(plus(exp(tanh(X(2,:))),plus(exp(X(2,:)),X(1,:)))),[-90.7939]),negexp(minus(X(2,:),sin(sin(exp([-85.0265])))))),minus(plus(exp(X(2,:)),X(1,:)),[-85.0265]))),times(times([-90.7451],times([-43.7475],tanh(negexp(negexp(tanh(tanh(X(2,:)))))))),[16.2538]))"
1,2,99,"plus(plus(times(X(1,:),plus(X(2,:),X(1,:))),plus(plus(plus(plus(square(X(1,:)),plus(plus(plus([-30.2516],X(2,:)),tanh(X(2,:))),plus(square(X(1,:)),plus(X(2,:),X(1,:))))),plus(X(2,:),X(1,:))),plus(times(X(2,:),tanh(tanh(X(2,:)))),plus(plus(X(2,:),plus(square(X(1,:)),plus(X(2,:),X(1,:)))),X(1,:)))),plus(times(X(1,:),negexp(sin(X(2,:)))),plus(plus(X(2,:),times(X(2,:),tanh(tanh(X(2,:))))),X(1,:))))),plus(plus(X(2,:),plus(times(plus(X(2,:),tanh(X(2,:))),tanh(X(2,:))),plus(plus(X(2,:),plus(square(X(1,:)),tanh(X(2,:)))),X(1,:)))),X(1,:)))"
1,2,100,"plus(plus(exp(X(1,:)),exp(exp(cos(minus(tanh(exp(X(2,:))),minus(square([36.7806]),X(1,:))))))),plus(plus(plus(plus(exp(X(1,:)),cos(minus(tanh(X(2,:)),minus(square([36.7806]),X(1,:))))),plus(plus(negexp(X(2,:)),tanh(X(2,:))),exp(X(2,:)))),plus(plus(exp(X(1,:)),cos(minus(tanh(X(1,:)),minus(square([36.7806]),X(1,:))))),plus(plus(negexp(X(2,:)),tanh(X(2,:))),exp(X(2,:))))),exp(X(2,:))))"
1,2,101,"minus(minus([-93.3329],plus(X(1,:),plus(X(2,:),plus(plus(X(2,:),X(2,:)),plus(plus(X(2,:),X(2,:)),plus(plus(X(2,:),X(2,:)),X(2,:))))))),plus(minus(plus(X(2,:),[15.0372]),square([-82.3722])),X(2,:)))"
1,2,102,"times(times(plus(sin(tanh(tanh(tanh(tanh(tanh(X(1,:))))))),square(plus(exp(X(1,:)),times(X(2,:),plus(X(1,:),plus(X(2,:),X(2,:))))))),exp(tanh(plus(plus(X(2,:),tanh(tanh(X(1,:)))),sin(plus(tanh(X(1,:)),tanh(X(1,:)))))))),exp(tanh(plus(X(2,:),tanh(tanh(X(1,:)))))))"
1,2,103,"tanh(minus(minus(X(2,:),[2.3121]),tanh(plus(cos(minus(negexp(minus(square(X(1,:)),tanh(X(1,:)))),negexp(X(2,:)))),minus(exp(X(2,:)),tanh(tanh(cos(X(1,:)))))))))"
1,2,104,"square(times([-18.3698],minus(times(X(2,:),minus(sin(minus(sin(exp(X(1,:))),minus(X(2,:),[-31.5729]))),X(2,:))),minus(minus(minus(tanh(plus(negexp(X(2,:)),times(X(2,:),X(1,:)))),square(minus(X(1,:),X(1,:)))),X(2,:)),X(2,:)))))"
1,2,105,"square(times(plus(tanh(exp(tanh(X(2,:)))),tanh(plus(square(plus(square(cos(X(1,:))),minus(X(1,:),X(2,:)))),sin(exp(square(cos(X(1,:)))))))),minus(plus(exp(square(cos(plus(X(2,:),[7.3432])))),plus(times(X(1,:),plus(square(cos(X(1,:))),plus(X(1,:),square(X(1,:))))),plus(X(1,:),plus(plus(square([-6.0974]),minus(X(1,:),X(2,:))),X(1,:))))),square(X(1,:)))))"
1,2,106,"square(minus(square(minus([-61.4304],plus(minus(X(1,:),X(2,:)),plus(minus(plus(minus(X(1,:),X(2,:)),minus(X(1,:),X(2,:))),X(2,:)),minus(X(1,:),X(2,:)))))),minus(times(minus([-60.5048],plus(tanh(tanh(times([-60.5048],X(2,:)))),[-44.9156])),[44.2460]),square(plus(X(1,:),minus(X(1,:),X(2,:)))))))"
1,2,107,"square(minus([55.4439],minus(times(plus(plus(times(X(1,:),[-17.1901]),plus(X(2,:),X(2,:))),plus(plus(X(2,:),X(2,:)),X(2,:))),plus(times(square(X(2,:)),cos(cos(plus(X(1,:),X(2,:))))),minus([11.6347],[-21.6397]))),plus(plus(times(X(1,:),[-21.4197]),square(X(2,:))),minus([11.6347],[-21.1077])))))"
1,2,108,"square(minus(times(times([9.1228],plus(X(1,:),minus(plus(plus(plus(X(1,:),X(1,:)),square(X(1,:))),square(X(2,:))),times([8.8617],sin(minus(X(2,:),X(2,:))))))),plus(exp(X(1,:)),square(X(2,:)))),plus(plus(X(1,:),minus(plus(plus(sin(X(2,:)),square(X(1,:))),square(plus(exp(X(1,:)),square(X(2,:))))),[-43.8432])),square(negexp(sin(plus([8.8586],times(cos(X(2,:)),X(1,:)))))))))"
1,2,109,"times(plus(plus(plus(cos(X(2,:)),plus(X(1,:),plus(plus(X(1,:),X(2,:)),plus(X(1,:),X(2,:))))),plus(X(1,:),plus(plus(plus(times([-0.7669],X(1,:)),plus(X(1,:),X(2,:))),plus(plus(X(2,:),plus(X(1,:),X(2,:))),plus(X(1,:),X(2,:)))),tanh(cos(X(2,:)))))),plus(X(1,:),plus(plus(plus(plus(X(2,:),X(2,:)),plus(plus(X(2,:),plus(X(1,:),X(2,:))),plus(X(1,:),X(2,:)))),plus(plus(X(2,:),X(2,:)),plus(plus(X(2,:),plus(X(1,:),X(2,:))),plus(X(1,:),X(2,:))))),cos(minus(cos(X(2,:)),plus(plus(X(2,:),plus(X(1,:),X(2,:))),times(plus(X(2,:),X(2,:)),cos([-98.0278])))))))),square(exp(square(square(tanh(times(plus(minus(X(2,:),X(1,:)),exp(X(2,:))),minus(X(2,:),X(1,:)))))))))"
1,2,110,"plus(plus(plus(plus(square(X(1,:)),negexp(X(2,:))),plus(plus(sin(sin(exp(X(1,:)))),plus(sin(exp(X(1,:))),X(1,:))),sin(exp(plus(exp(tanh(X(1,:))),X(2,:)))))),negexp(X(2,:))),plus(plus(plus(square(sin(negexp(X(1,:)))),negexp(X(2,:))),plus(plus(square(X(1,:)),negexp(X(2,:))),X(1,:))),times(plus(plus(plus(plus(plus(X(1,:),X(1,:)),negexp(X(1,:))),negexp(X(2,:))),negexp(X(2,:))),times(square(times(tanh(exp(X(1,:))),X(1,:))),sin(exp(X(1,:))))),sin(exp(tanh(X(1,:)))))))"
1,2,111,"times(plus(plus(X(2,:),plus([1.8453],X(1,:))),plus(plus(plus(plus(X(2,:),X(1,:)),plus(plus(plus(X(2,:),X(1,:)),[-58.7521]),plus(X(2,:),X(1,:)))),plus(X(2,:),X(1,:))),plus(X(2,:),tanh(minus(plus(times(plus([2.2150],X(2,:)),negexp(X(1,:))),times(sin(X(2,:)),plus(X(2,:),X(1,:)))),square(X(1,:))))))),plus(X(2,:),X(1,:)))"
1,2,112,"square(exp(minus(cos(sin(cos(square(plus(X(1,:),[-30.1906]))))),cos(square(plus(square(square(plus(X(1,:),[-30.1906]))),times(sin(minus(X(1,:),X(2,:))),negexp([-30.1906]))))))))"
1,2,113,"square(plus(minus(plus(plus(X(2,:),cos(square(square(X(1,:))))),cos(cos(exp(plus(X(1,:),X(2,:)))))),plus(square(X(1,:)),X(1,:))),minus(square(times(cos(exp(X(1,:))),X(1,:))),minus(X(1,:),plus(X(2,:),cos(sin(negexp(plus(X(1,:),X(2,:))))))))))"
1,2,114,"times(cos(cos(negexp(times(plus(X(1,:),X(2,:)),X(2,:))))),plus(plus(X(1,:),plus(plus(plus(X(2,:),plus(X(1,:),square(plus(X(1,:),X(2,:))))),plus(negexp(X(2,:)),[95.9130])),plus(plus(X(1,:),X(2,:)),square(plus(X(1,:),X(2,:)))))),plus(plus(plus(plus(plus(X(1,:),X(1,:)),plus(X(1,:),square(plus(X(1,:),X(2,:))))),plus(X(1,:),square(plus(X(1,:),X(2,:))))),plus(X(1,:),plus(X(1,:),plus(times(X(1,:),X(2,:)),square(plus(X(1,:),X(2,:))))))),plus(times(cos(cos(negexp(times(X(2,:),X(2,:))))),plus(cos(negexp(X(2,:))),plus(X(1,:),[42.4684]))),plus(plus(X(1,:),plus(X(1,:),square(plus(X(1,:),X(2,:))))),plus(X(1,:),plus(X(1,:),X(1,:))))))))"
1,2,115,"plus(minus(square(times(negexp(cos(minus(X(1,:),plus(X(2,:),[-62.6331])))),negexp(tanh(sin(X(1,:)))))),square(negexp(sin(cos(times(times(minus(X(1,:),X(2,:)),minus(X(1,:),X(2,:))),cos(minus(X(1,:),X(2,:))))))))),square(plus(times(sin(X(1,:)),plus(plus(X(2,:),X(1,:)),minus(X(1,:),X(2,:)))),plus(minus(X(1,:),X(2,:)),cos(X(2,:))))))"
1,2,116,"square(times(minus(minus(minus(minus(X(1,:),[-12.3156]),exp(exp(sin(sin(X(1,:)))))),[-12.3215]),[70.0370]),minus(X(2,:),exp(cos(sin(cos(minus(X(1,:),[-12.3156]))))))))"
1,2,117,"times(times(X(2,:),minus(minus(minus(times(exp(cos(times(X(1,:),[7.6571]))),X(2,:)),X(1,:)),X(1,:)),X(1,:))),exp(cos(times(exp(cos(times(times(X(2,:),minus(X(2,:),[7.3909])),X(2,:)))),X(2,:)))))"
1,2,118,"times(plus(negexp(plus(cos(square(plus(plus([-76.8762],X(2,:)),X(1,:)))),exp(cos(plus([-77.0144],X(2,:)))))),exp(sin(square(X(2,:))))),times(minus(sin(plus([-76.8748],tanh(X(1,:)))),X(2,:)),X(1,:)))"
1,2,119,"plus(square(plus(X(1,:),X(2,:))),times([-42.1451],plus(tanh(negexp(cos(minus(square(X(1,:)),cos(plus(X(1,:),X(2,:))))))),cos(minus(cos(cos(minus(cos([-42.5724]),cos(X(1,:))))),minus(cos(negexp(X(2,:))),minus(X(1,:),X(2,:))))))))"
1,2,120,"times(tanh(times(plus(cos(plus(times(minus(minus([98.6566],X(1,:)),cos(X(1,:))),cos(minus(X(2,:),X(2,:)))),negexp(tanh(cos(X(1,:)))))),X(2,:)),X(1,:))),times(plus(plus(X(1,:),plus(sin(sin(minus(X(2,:),X(1,:)))),plus(X(1,:),X(1,:)))),plus(sin(sin(minus(X(2,:),X(1,:)))),plus(X(1,:),X(1,:)))),plus(cos(plus(times(minus(minus([98.6916],X(2,:)),cos(X(1,:))),cos(X(2,:))),X(1,:))),plus(cos(plus(times(minus(plus(X(2,:),X(1,:)),cos(X(1,:))),cos(minus(X(2,:),X(2,:)))),negexp(X(1,:)))),X(2,:)))))"
1,2,121,"minus(X(2,:),plus(plus(plus(minus(minus([99.7857],plus(plus(X(1,:),[-93.9174]),[-93.9426])),plus(times(X(2,:),X(2,:)),square(X(1,:)))),minus([99.9016],plus(plus(X(1,:),[-93.9174]),[-94.0408]))),cos(minus(X(2,:),plus([99.7331],cos(minus(exp(X(2,:)),plus(X(1,:),[-93.9174]))))))),minus(cos(minus(plus(times(X(2,:),X(2,:)),square(square(X(1,:)))),plus(minus(cos(X(2,:)),plus(plus(X(1,:),X(2,:)),square(X(1,:)))),minus([99.6963],plus(X(1,:),X(2,:)))))),plus(minus(plus(plus(X(1,:),[-93.9174]),[-93.9426]),[27.7638]),plus(plus(X(1,:),[-93.9174]),[-93.9174])))))"
1,2,122,"square(plus(plus(square(plus(plus(X(2,:),plus(plus([-51.5668],plus(X(2,:),X(2,:))),X(2,:))),X(2,:))),plus(plus(plus(plus(plus(plus([82.6635],X(2,:)),X(2,:)),[82.6635]),plus([82.6635],plus([82.6635],plus(X(2,:),X(2,:))))),negexp(X(2,:))),plus(plus(plus([82.6635],exp(sin(X(1,:)))),plus(plus([82.6635],plus(X(2,:),X(2,:))),plus(plus([82.6635],X(2,:)),plus([82.6635],X(2,:))))),negexp(X(2,:))))),plus(plus(plus(plus(plus(plus([82.6635],plus(X(2,:),X(2,:))),square(sin(X(1,:)))),plus(plus(plus([82.6635],X(2,:)),X(2,:)),plus([82.5545],X(2,:)))),plus(plus(plus([82.6635],plus(X(2,:),X(2,:))),plus([82.5420],plus([82.6635],X(2,:)))),plus([82.4313],plus([82.6635],plus([82.6635],X(2,:)))))),negexp(X(2,:))),plus(plus(plus([82.6635],square(cos(X(2,:)))),X(2,:)),times(times(exp(sin(X(1,:))),plus(square(X(2,:)),[-51.4708])),square(cos(X(2,:))))))))"
1,2,123,"plus(plus(plus(plus(square(X(2,:)),cos(exp(exp(X(2,:))))),plus(X(2,:),plus(negexp(plus(square(plus(X(1,:),X(2,:))),exp(X(1,:)))),X(1,:)))),plus(plus(plus(square(X(2,:)),X(2,:)),exp(X(2,:))),plus(X(2,:),exp(exp(tanh(X(1,:))))))),plus(plus(plus(plus(square(X(2,:)),exp(X(2,:))),plus(X(2,:),plus(negexp(cos(X(2,:))),plus(X(1,:),X(2,:))))),plus(plus(plus(square(X(2,:)),cos(square(X(2,:)))),plus(exp(X(2,:)),plus(plus(X(1,:),X(1,:)),X(1,:)))),plus(plus(plus(square(X(2,:)),exp(X(2,:))),exp(X(2,:))),plus(X(2,:),plus(square(X(2,:)),plus(X(1,:),X(1,:))))))),plus(plus(plus(square(X(2,:)),exp(X(2,:))),plus(X(2,:),plus(negexp(cos(X(2,:))),plus(cos(X(2,:)),X(1,:))))),plus(plus(plus(square(X(2,:)),exp(X(2,:))),plus(X(2,:),plus(negexp(cos(X(2,:))),plus(plus(X(1,:),X(2,:)),X(1,:))))),X(1,:)))))"
1,2,124,"minus(minus(exp(tanh(minus(minus(square(X(1,:)),square(X(2,:))),negexp(X(2,:))))),minus(minus(X(1,:),minus(minus(square(X(2,:)),X(1,:)),minus(minus(square(X(1,:)),square(X(2,:))),negexp(X(2,:))))),negexp(X(1,:)))),minus(minus(X(1,:),minus(minus(square(X(2,:)),minus(minus(square(X(1,:)),square(X(2,:))),negexp(X(1,:)))),minus(minus(minus(minus(square(X(1,:)),square(X(2,:))),X(2,:)),X(2,:)),negexp(X(2,:))))),negexp(X(1,:))))"
1,2,125,"plus(plus(X(1,:),plus(plus([-84.5760],plus([-84.3091],plus([-84.3091],plus([-84.5760],plus([-84.3091],plus([-84.3091],X(2,:))))))),plus(plus(plus([-84.3091],plus([-84.3091],X(2,:))),plus([-84.3091],plus([-84.3091],plus([-84.3371],X(2,:))))),plus(plus([-84.3091],plus([-84.5760],plus([-84.3091],plus([-84.3091],X(2,:))))),plus([-84.3091],plus([-84.5760],plus([-84.3091],plus([-84.3091],X(2,:))))))))),plus(plus([-84.5760],plus(exp(cos(sin([-42.0424]))),plus([-84.3091],plus([-84.5760],plus([-84.3091],plus([-84.3091],X(2,:))))))),plus(plus(plus([-84.3091],plus(plus([-84.3091],X(2,:)),X(2,:))),plus([-84.3091],plus([-84.3091],[-84.3091]))),plus(plus([-84.3091],plus([-84.5760],plus([-84.3091],plus([-84.3091],X(2,:))))),plus([-84.3091],plus([-84.5760],plus([-84.3091],plus([-84.3091],X(2,:)))))))))"
1,2,126,"minus(times(square([56.9249]),plus(X(2,:),plus(square(X(1,:)),exp(X(2,:))))),square(plus(plus(plus(times(X(1,:),[-38.2877]),exp(X(2,:))),plus(X(1,:),plus(square(X(1,:)),exp(X(2,:))))),negexp(plus(plus(X(2,:),plus(plus(X(1,:),sin(X(1,:))),plus(X(1,:),X(1,:)))),plus(square(square(plus(X(1,:),X(1,:)))),sin(negexp(X(2,:)))))))))"
1,2,127,"times(times(X(1,:),plus(times(exp(cos(tanh(X(2,:)))),X(1,:)),[-5.9064])),square(plus(tanh(square(square(tanh(square(square(X(1,:))))))),times(tanh(times(negexp(times(tanh(X(1,:)),tanh(X(1,:)))),negexp(exp(X(2,:))))),negexp(tanh(square(minus(X(1,:),X(2,:)))))))))"
1,2,128,"plus(plus(plus(square(times(square(X(2,:)),X(2,:))),times([53.5545],plus(plus(plus(square(X(2,:)),X(1,:)),X(1,:)),plus(square(X(2,:)),plus(X(1,:),cos(negexp(X(1,:)))))))),plus(plus(plus(square(times(square(X(2,:)),X(2,:))),times(square(X(1,:)),times(negexp(X(1,:)),sin(X(2,:))))),plus(plus(square(square(X(2,:))),times(square(plus(X(1,:),X(1,:))),plus(X(1,:),X(1,:)))),times(square(X(2,:)),plus(X(1,:),cos(negexp(X(1,:))))))),plus(plus(square(times(square(X(2,:)),X(2,:))),times(square(plus(square(X(2,:)),X(1,:))),plus(X(1,:),X(1,:)))),plus(plus(square(times(square(X(2,:)),X(2,:))),times(square(plus(X(1,:),X(1,:))),plus(X(1,:),X(1,:)))),plus(square(times(square(X(2,:)),X(2,:))),times(square(plus(X(1,:),X(1,:))),plus(X(1,:),plus(X(1,:),X(1,:))))))))),plus(plus(plus(square(times(square(X(2,:)),X(2,:))),times(square(plus(X(1,:),X(1,:))),plus(X(1,:),X(1,:)))),times([53.2976],plus(plus(square(X(2,:)),X(1,:)),plus(X(1,:),X(1,:))))),plus(plus(plus(square(times(square(X(2,:)),X(2,:))),times(square(X(1,:)),times(negexp(X(1,:)),sin(X(2,:))))),plus(plus(square(times(square(X(2,:)),X(2,:))),times(square(plus(X(1,:),X(1,:))),plus(X(1,:),X(1,:)))),times(square(X(2,:)),X(2,:)))),plus(plus(square(times(square(X(2,:)),X(2,:))),times(square(plus(X(1,:),X(1,:))),plus(X(1,:),X(1,:)))),plus(square(square(X(2,:))),plus(square(times(square(X(2,:)),X(2,:))),times(square(plus(X(1,:),X(1,:))),plus(X(1,:),X(1,:)))))))))"
1,2,129,"plus(minus(plus(minus(minus(square(square(minus(X(1,:),X(2,:)))),minus(square(X(2,:)),square(square(X(1,:))))),minus(square(square(X(2,:))),square(square(minus(X(1,:),X(2,:)))))),minus(minus(cos(minus(X(1,:),cos(X(2,:)))),minus(minus(minus(X(1,:),X(2,:)),cos(X(1,:))),square(square(minus(X(1,:),X(2,:)))))),minus(square(square(X(2,:))),square(square(minus(X(1,:),X(2,:))))))),minus(minus(minus(square(square(X(2,:))),square(square(minus(X(1,:),X(2,:))))),square(square(minus(X(1,:),X(2,:))))),minus(minus(square(square(minus(X(1,:),X(2,:)))),minus(times(X(1,:),X(2,:)),square(square(minus(X(1,:),X(2,:)))))),minus(square(square(X(2,:))),square(square(minus(X(1,:),X(2,:)))))))),plus(square(square(minus(minus(X(1,:),X(2,:)),X(2,:)))),minus(X(1,:),X(2,:))))"
1,2,130,"square(times(plus(plus([-81.0008],plus(plus(plus([-81.0331],plus(square(X(1,:)),[-81.0008])),plus(square(X(1,:)),X(2,:))),plus(plus([-80.9318],X(2,:)),plus([-88.0734],plus(square(X(1,:)),[-80.8389]))))),minus(plus([-80.8389],[-81.0363]),negexp(X(2,:)))),plus(minus(X(2,:),times(exp(cos(cos(X(2,:)))),negexp(negexp(minus(sin(X(1,:)),cos(X(2,:))))))),X(1,:))))"
1,2,131,"square(times(minus(cos(times([-53.4089],plus(times(X(1,:),[-20.7105]),exp(X(2,:))))),minus(cos(minus(X(2,:),[-53.2422])),minus(cos(times(plus(minus(X(1,:),X(1,:)),exp(X(2,:))),[-53.2824])),minus(cos(minus(X(2,:),[-53.5694])),[-53.4375])))),plus(plus(times(minus(times(X(1,:),minus(X(2,:),[-53.4089])),minus([-84.1468],times(X(1,:),[-20.7395]))),cos(negexp(negexp(times(X(1,:),[-20.7105]))))),negexp(X(2,:))),times(X(1,:),[-20.7105]))))"
1,2,132,"minus(times(square(plus(plus(plus(square(times(X(1,:),X(2,:))),square([26.4621])),square(square(X(1,:)))),square(square(X(1,:))))),plus(X(2,:),[15.2930])),plus(square(plus(plus(plus(plus(square(square(X(1,:))),square([26.2215])),square(square(X(1,:)))),plus(plus(square([26.3021]),square([26.2878])),square(square(X(1,:))))),square([26.0789]))),times(square(plus(plus(plus(square(times(X(1,:),X(1,:))),square([26.3021])),square(square(X(1,:)))),plus(X(2,:),[68.7609]))),X(1,:))))"
1,2,133,"plus(square(plus([55.5817],plus(plus(X(1,:),X(2,:)),X(1,:)))),minus(negexp(plus(X(1,:),negexp(sin(plus(negexp(cos(X(1,:))),X(2,:)))))),exp(X(2,:))))"
1,2,134,"plus(square(minus(minus(minus(minus(minus(times(X(2,:),X(2,:)),tanh(X(1,:))),X(2,:)),cos(minus(minus(minus(X(1,:),X(2,:)),tanh(X(1,:))),[-71.9812]))),cos(minus(minus(minus(X(1,:),X(2,:)),tanh(X(1,:))),[-71.9243]))),X(2,:))),minus(minus(minus(minus(X(1,:),cos(minus(minus(minus(X(1,:),X(2,:)),tanh(X(1,:))),[-72.0404]))),times(X(2,:),X(2,:))),tanh(X(1,:))),minus(minus(square(X(2,:)),X(2,:)),tanh(minus(minus(X(1,:),minus(minus(square(X(2,:)),X(2,:)),minus(X(1,:),X(2,:)))),tanh(minus(minus(square(X(2,:)),X(2,:)),minus(X(1,:),times(X(2,:),X(2,:))))))))))"
1,2,135,"times(square(minus(times(X(2,:),X(2,:)),negexp(minus(square(minus(times(X(2,:),X(2,:)),exp(exp(X(2,:))))),negexp(times(X(2,:),X(2,:))))))),plus(times(exp(cos(times(times([-9.3299],exp(exp(X(2,:)))),times(exp(X(2,:)),X(2,:))))),times(X(1,:),X(1,:))),cos(negexp(minus(square(minus(times(X(2,:),X(2,:)),exp(exp(X(2,:))))),negexp(negexp([19.9738])))))))"
1,2,136,"times(cos(plus(X(1,:),X(2,:))),minus(times(cos(sin(negexp(times(X(2,:),exp(X(1,:)))))),[-98.0061]),plus(cos(times(exp(X(1,:)),X(2,:))),plus(X(2,:),plus(X(2,:),times(exp(X(1,:)),X(2,:)))))))"
1,2,137,"square(minus(plus(minus(plus(minus(X(2,:),minus(X(2,:),X(1,:))),X(2,:)),exp(tanh(minus(X(2,:),minus(X(2,:),minus(X(2,:),X(1,:))))))),plus(cos(minus(plus(minus(X(2,:),minus(X(2,:),X(1,:))),X(2,:)),cos(X(2,:)))),sin(times(minus(X(2,:),minus(X(2,:),X(1,:))),[51.5439])))),sin(cos(minus(X(1,:),cos(minus(X(2,:),minus(X(2,:),X(1,:)))))))))"
1,2,138,"plus(plus(plus(plus(plus(X(1,:),plus(X(1,:),plus(square(minus(X(2,:),X(1,:))),minus(X(2,:),X(1,:))))),plus(plus(plus(X(1,:),X(2,:)),square(X(2,:))),exp(negexp(minus(sin(X(2,:)),cos(X(2,:))))))),plus(plus(minus(minus(X(1,:),[43.8272]),square(square([66.8555]))),plus(minus(X(1,:),[43.8272]),plus(square(minus(X(2,:),X(1,:))),minus(X(2,:),X(1,:))))),plus(plus(plus(X(1,:),X(2,:)),square(X(2,:))),exp(negexp(minus(sin(X(2,:)),cos(X(2,:)))))))),plus(plus(X(1,:),plus(minus(X(1,:),square(square([66.8555]))),plus(plus(square(minus(X(2,:),X(1,:))),minus(X(1,:),[43.7451])),X(1,:)))),plus(plus(plus(plus(minus(X(1,:),[43.8272]),X(2,:)),square(X(1,:))),X(1,:)),cos(times(X(1,:),X(2,:)))))),plus(plus(square(minus(X(2,:),X(1,:))),X(1,:)),sin(sin(tanh(minus(tanh(X(1,:)),sin(X(1,:))))))))"
1,2,139,"plus(times(plus(times(X(1,:),X(2,:)),plus(square(times(X(1,:),X(2,:))),cos(X(2,:)))),plus(sin(cos(X(2,:))),cos(plus(cos(square(plus(X(1,:),plus(X(1,:),X(1,:))))),plus(negexp(square(X(1,:))),plus(negexp(times(X(1,:),X(2,:))),sin(square(X(1,:))))))))),square(times(X(1,:),X(2,:))))"
1,2,140,"times(times(plus(plus(plus(plus(X(2,:),plus(X(2,:),X(2,:))),plus(X(1,:),plus(X(2,:),plus(X(2,:),X(2,:))))),plus(plus(X(2,:),plus(plus(X(2,:),plus(X(2,:),X(2,:))),plus(X(2,:),X(2,:)))),plus(X(2,:),X(2,:)))),plus(negexp(tanh(times(X(1,:),[-97.2073]))),plus(plus(X(2,:),cos(X(1,:))),plus(sin(X(2,:)),plus(plus(X(2,:),cos(X(1,:))),plus(X(2,:),X(2,:))))))),exp(sin(X(2,:)))),plus(plus(times(cos(X(1,:)),negexp(X(2,:))),plus(cos(times(plus(plus([-73.7426],minus(X(1,:),X(2,:))),negexp(X(1,:))),square(minus(minus(X(1,:),X(1,:)),cos(X(1,:)))))),plus([-73.9499],square(cos([-73.9499]))))),plus(plus(square(X(1,:)),plus([-73.9499],exp(sin(X(2,:))))),plus(cos(times(plus(plus([-73.6860],minus(X(1,:),X(2,:))),X(2,:)),square(minus(minus(X(1,:),X(1,:)),cos(X(1,:)))))),plus([-73.9499],cos([-73.6335]))))))"
1,2,141,"times(plus(plus(X(1,:),cos(minus(sin(plus(minus(exp(X(1,:)),sin(X(1,:))),X(2,:))),cos(square(X(1,:)))))),X(2,:)),times(exp(cos(X(1,:))),plus(plus(plus(X(1,:),cos(negexp(negexp(X(1,:))))),cos(square(X(1,:)))),X(2,:))))"
1,2,142,"times(plus(X(1,:),X(1,:)),plus(plus(plus(X(2,:),cos(cos(plus(X(2,:),plus(tanh(X(2,:)),X(2,:)))))),negexp(sin(X(2,:)))),plus(plus(plus(cos(plus(tanh(X(2,:)),X(2,:))),cos(plus(sin(X(1,:)),plus(times(X(1,:),X(2,:)),times(X(1,:),[-42.3256]))))),plus(X(2,:),cos(plus(sin(X(1,:)),plus(tanh(X(2,:)),times(X(1,:),[-42.3270])))))),cos(plus(sin(X(1,:)),plus(tanh(plus(sin(X(1,:)),X(2,:))),times(X(1,:),[-42.3256])))))))"
1,2,143,"times(square(sin(plus(plus(plus(X(2,:),square(tanh(negexp(X(1,:))))),plus(plus(tanh(times(X(2,:),X(1,:))),plus(negexp(X(1,:)),sin(X(2,:)))),sin(negexp(sin(X(2,:)))))),times(plus(tanh(times(X(2,:),[98.8616])),plus(negexp(X(1,:)),sin(X(2,:)))),tanh(square(sin(exp(X(2,:))))))))),[98.7873])"
1,2,144,"plus(times(cos(plus(minus(minus(X(1,:),X(2,:)),square(minus(X(1,:),X(2,:)))),minus(minus(X(1,:),minus(minus(X(1,:),[-25.1457]),square(X(2,:)))),square(minus(cos(X(1,:)),square(X(1,:))))))),times(cos(exp(exp(minus(times(X(1,:),X(1,:)),minus(X(1,:),[-25.2990]))))),plus(minus(times(X(1,:),X(1,:)),[-25.3469]),minus(X(2,:),square(minus(X(1,:),X(2,:))))))),minus(minus(times(X(1,:),X(1,:)),minus(X(1,:),[-25.1457])),minus(X(2,:),square(X(2,:)))))"
1,2,145,"plus(plus(minus(minus(X(2,:),plus(X(1,:),plus([83.9355],sin(negexp(times(X(1,:),X(2,:))))))),plus(plus(X(1,:),plus([83.9514],sin(negexp(times(X(1,:),X(2,:)))))),sin(tanh(tanh(tanh(sin(X(2,:)))))))),cos(plus([83.8357],sin(negexp(times(X(1,:),X(2,:))))))),plus(minus(minus(minus(X(2,:),plus(X(1,:),sin(negexp(times(X(1,:),X(2,:)))))),plus(X(1,:),plus([83.7651],sin(negexp(times(X(1,:),X(2,:))))))),plus(X(1,:),sin(sin(negexp(times(X(1,:),X(2,:))))))),cos(plus(plus(X(2,:),X(1,:)),X(1,:)))))"
1,2,146,"minus(times(plus(square(plus([89.6066],X(2,:))),X(1,:)),plus(square(square(plus([-99.2156],plus([89.5525],X(2,:))))),square([89.6066]))),times(plus(square(plus(plus([-99.2156],plus([89.5525],X(2,:))),[89.6779])),plus([89.5525],plus(plus([-99.2156],plus([89.8465],plus([-99.1182],plus([89.6779],[89.6568])))),[89.8465]))),plus(plus(square(square(plus([-99.2156],plus([89.5298],X(2,:))))),square([-99.0664])),square(plus([-99.2156],plus([89.6568],tanh(times(X(2,:),times(X(1,:),[-99.2477])))))))))"
1,2,147,"plus(square(minus(X(1,:),minus(minus([-37.0514],sin(negexp(X(2,:)))),minus(X(1,:),[52.1221])))),plus(square(minus(X(1,:),minus(negexp(cos(negexp(X(2,:)))),X(1,:)))),minus(minus(minus(minus(minus([-37.0514],sin(plus([-35.6489],X(2,:)))),minus(cos(plus(X(1,:),[52.2364])),tanh(X(1,:)))),minus(cos(negexp(X(2,:))),minus(tanh(X(1,:)),sin(plus([52.0232],X(2,:)))))),sin(plus(negexp(X(2,:)),X(2,:)))),minus(minus(cos(X(2,:)),minus(minus([-37.0514],sin(plus([-35.6489],X(2,:)))),cos(plus(X(1,:),[52.1221])))),minus(minus(minus([-37.0514],sin(negexp(X(2,:)))),minus(cos(plus(X(1,:),[52.1221])),tanh(X(1,:)))),minus(cos(plus(X(1,:),[52.2364])),tanh(X(1,:))))))))"
1,2,148,"plus(plus(plus(X(1,:),plus(minus(times([-10.0709],X(2,:)),sin(times([-10.1633],X(2,:)))),square(times(times(times(X(2,:),tanh(X(1,:))),tanh(X(1,:))),tanh(X(1,:)))))),plus(plus(X(1,:),plus(minus(times([-10.1178],X(2,:)),times(X(1,:),X(2,:))),square(times(times(X(2,:),tanh(X(1,:))),tanh(X(1,:)))))),plus(plus(minus(times([-10.1863],X(2,:)),tanh(minus(times([-10.4009],X(2,:)),X(1,:)))),square(times(times(X(2,:),tanh(X(1,:))),tanh(X(1,:))))),square(times(X(2,:),tanh(X(1,:))))))),plus(plus(plus(X(1,:),plus(minus(times([-10.0221],X(2,:)),times(X(1,:),X(2,:))),square(times(times(X(2,:),tanh(X(1,:))),tanh(X(1,:)))))),plus(plus(minus(times([-10.0134],X(2,:)),times(X(1,:),X(2,:))),square(times(times(X(2,:),tanh(X(1,:))),tanh(X(1,:))))),square(times(times(X(2,:),tanh(X(1,:))),tanh(X(1,:)))))),square(times(X(2,:),tanh(X(1,:))))))"
1,2,149,"plus([46.5308],plus(plus(plus(plus(X(2,:),X(2,:)),X(2,:)),X(2,:)),plus(X(2,:),plus(X(2,:),plus(plus(plus([46.5612],X(2,:)),X(2,:)),plus(X(2,:),plus(X(2,:),X(1,:))))))))"
1,2,150,"plus(plus(plus(plus(times(X(1,:),X(1,:)),square(times(X(1,:),times(X(1,:),X(2,:))))),times(plus(X(2,:),X(2,:)),plus(plus(tanh(cos(plus([-40.3322],X(2,:)))),square(times(X(1,:),X(2,:)))),X(2,:)))),plus(times(X(1,:),X(1,:)),plus(times(X(1,:),X(1,:)),square(times(X(1,:),times(X(1,:),X(2,:))))))),times(plus(plus(X(2,:),X(2,:)),negexp(square(negexp(plus(X(2,:),X(2,:)))))),plus(plus(plus(X(2,:),X(2,:)),square(square(X(2,:)))),X(1,:))))"
1,2,151,"minus(sin(cos(square(tanh(times(exp(sin(sin(X(2,:)))),X(1,:)))))),sin(times(tanh(plus(square(cos(X(2,:))),plus(plus(plus(exp(X(2,:)),exp(X(2,:))),plus(exp(X(2,:)),exp(X(2,:)))),plus(plus(exp(X(2,:)),exp(X(2,:))),plus(exp(X(2,:)),exp(X(2,:))))))),negexp(negexp(square(minus(plus(exp(X(2,:)),cos(X(2,:))),X(2,:))))))))"
1,2,152,"times(times(plus(plus(plus(square(square(plus(X(2,:),square(X(2,:))))),times(exp(tanh(X(1,:))),times(X(1,:),minus(minus([76.9737],X(1,:)),square(X(2,:)))))),times(exp(cos(times(times(X(1,:),X(2,:)),cos(X(1,:))))),times(sin(minus(plus([-83.8766],X(2,:)),tanh(X(2,:)))),minus(times(X(1,:),[-39.6672]),times(times(X(1,:),X(2,:)),cos(X(1,:))))))),plus(minus(plus(X(1,:),times(tanh(plus(X(2,:),X(2,:))),minus(sin(X(1,:)),cos(X(2,:))))),times(exp(X(1,:)),times(X(1,:),[-39.6672]))),[-83.8766])),negexp(sin(times(plus([96.3517],X(2,:)),tanh(X(2,:)))))),negexp(sin(negexp(sin(minus(plus([-83.8766],X(2,:)),cos(X(1,:))))))))"
1,2,153,"plus(square(times(plus(plus(X(1,:),X(2,:)),X(2,:)),square(X(2,:)))),minus(minus(minus(times(plus(times(plus(plus(X(1,:),X(2,:)),X(2,:)),square(X(2,:))),plus(times(exp(X(1,:)),cos(X(1,:))),sin(minus([80.4832],[-45.4906])))),times(X(2,:),X(2,:))),plus(minus(plus(negexp(X(1,:)),square(minus(X(2,:),X(1,:)))),plus(square(X(1,:)),negexp(X(2,:)))),minus(exp(X(2,:)),square(plus(minus(X(2,:),[-45.5073]),exp(X(1,:))))))),X(2,:)),X(2,:)))"
1,2,154,"square(times(minus(minus(minus(minus(minus(minus([22.4230],sin([-45.3407])),sin([-45.3688])),sin(sin(sin([-45.3519])))),sin([-45.3407])),sin(sin([-45.3407]))),sin(square(minus(X(2,:),X(1,:))))),minus(plus(X(1,:),X(1,:)),times(minus(minus(minus([21.9947],sin([-45.3407])),sin([-45.3407])),sin([-45.3407])),minus(X(2,:),X(1,:))))))"
1,2,155,"square(plus(plus(exp(X(2,:)),plus(exp(X(2,:)),times(plus(plus(plus(minus(X(2,:),X(1,:)),plus(X(1,:),[-5.5433])),plus([23.5937],plus(X(2,:),[23.3591]))),times(plus(plus(X(2,:),X(1,:)),X(1,:)),[23.5973])),[23.3591]))),exp(X(2,:))))"
1,2,156,"times(square(square(square(X(1,:)))),minus(times(square(square(X(1,:))),minus(tanh(minus(tanh(cos(X(2,:))),square(square(exp(X(1,:)))))),minus(X(2,:),[100.1044]))),square(square(exp(exp(tanh(tanh(X(1,:)))))))))"
1,2,157,"plus(plus(plus(square(times(X(2,:),X(1,:))),cos(times(X(1,:),plus(plus(square(times(X(2,:),X(1,:))),plus(tanh(X(1,:)),tanh(X(1,:)))),tanh(times(X(2,:),X(1,:))))))),plus(times([-57.5614],plus(X(2,:),cos(times(times(X(2,:),plus([-57.5467],[-57.6948])),X(1,:))))),cos(times(X(1,:),plus(plus(square(times(X(2,:),X(1,:))),plus(tanh(X(1,:)),tanh(X(1,:)))),tanh(plus(tanh(X(1,:)),tanh(X(1,:))))))))),plus(plus(plus(square(times(X(2,:),X(1,:))),cos(tanh(plus(X(2,:),cos(X(1,:)))))),plus(times([-57.4437],plus(X(2,:),cos(X(1,:)))),times([-57.5428],plus(tanh(X(1,:)),tanh(X(1,:)))))),X(2,:)))"
1,2,158,"plus(plus(plus(negexp(plus(negexp(plus(plus(plus(X(2,:),X(1,:)),plus(X(2,:),X(1,:))),X(1,:))),X(2,:))),plus(negexp(plus(negexp(sin(minus([-38.7055],X(2,:)))),X(2,:))),plus(plus(X(2,:),X(1,:)),negexp(X(2,:))))),plus(plus(plus(X(2,:),X(1,:)),negexp(plus(negexp(plus(X(2,:),X(1,:))),X(2,:)))),negexp(X(2,:)))),plus(plus(plus(plus(X(2,:),X(1,:)),negexp(plus(negexp(sin(minus([-38.5652],X(2,:)))),X(2,:)))),X(1,:)),negexp(plus(negexp(sin(minus([-38.7450],X(2,:)))),X(2,:)))))"
1,2,159,"square(plus(plus(plus(minus(minus(X(2,:),minus(X(1,:),X(2,:))),X(1,:)),minus(exp(square(cos(cos(X(2,:))))),negexp(exp(times(X(1,:),X(1,:)))))),minus(cos(tanh(minus(cos(times(X(1,:),X(1,:))),tanh(minus(X(1,:),X(2,:)))))),negexp(plus(square(plus(X(1,:),X(1,:))),plus(cos(times(X(2,:),X(1,:))),cos(times(X(2,:),X(1,:)))))))),minus(sin(cos(minus(X(1,:),exp(square(cos(X(1,:))))))),negexp(plus(square(X(2,:)),plus(cos(X(1,:)),cos(X(2,:))))))))"
1,2,160,"negexp(minus(minus(sin(plus(X(2,:),plus(plus(cos(cos(X(2,:))),X(1,:)),X(1,:)))),exp(tanh(negexp(cos([-58.4370]))))),exp(tanh(negexp(cos(square(square(X(1,:)))))))))"
1,2,161,"minus(times(plus(square(minus(sin(sin(X(1,:))),times(minus(X(1,:),square(X(2,:))),cos(X(1,:))))),cos(square(times(sin(sin(X(1,:))),X(1,:))))),negexp(X(1,:))),cos(square(times(sin(plus(plus(minus(square(X(2,:)),plus(X(2,:),X(2,:))),X(1,:)),cos(cos(square([-6.1412]))))),X(2,:)))))"
1,2,162,"times(minus(times(X(1,:),tanh(plus(cos([-95.7696]),cos(X(1,:))))),X(2,:)),plus(plus(plus(exp(times(plus(X(2,:),tanh(X(1,:))),cos(X(1,:)))),minus(cos(X(1,:)),tanh(tanh(cos(X(2,:)))))),X(2,:)),plus(minus(plus(X(2,:),[-79.2341]),plus(X(2,:),X(1,:))),minus(cos(plus(X(2,:),X(1,:))),tanh(exp(cos(plus([87.0350],X(2,:)))))))))"
1,2,163,"square(plus(times(X(2,:),X(1,:)),times(times(sin(times(X(1,:),X(2,:))),negexp(sin(exp(square(tanh([-58.7228])))))),plus(times(X(2,:),X(1,:)),square(cos([55.7283]))))))"
1,2,164,"plus(square(square(plus(square(plus(X(1,:),exp(cos(sin(X(1,:)))))),exp(cos(square(plus(X(1,:),X(2,:)))))))),exp(square(plus(sin(X(1,:)),exp(sin(X(1,:)))))))"
1,2,165,"square(plus(tanh(plus(plus(plus(plus(X(2,:),times(negexp([15.0881]),negexp(X(2,:)))),times(times(negexp([15.0881]),[-93.3330]),negexp(minus(X(2,:),X(1,:))))),square(times(sin(X(1,:)),cos(X(2,:))))),negexp(sin(plus(X(2,:),exp(cos(X(2,:)))))))),plus(sin(sin(times(plus(plus(X(2,:),exp([-18.9403])),negexp(X(2,:))),X(1,:)))),plus(X(2,:),X(1,:)))))"
1,2,166,"times(plus(tanh(plus(tanh(X(2,:)),plus(cos(plus(negexp(tanh(X(2,:))),tanh(X(2,:)))),X(2,:)))),plus(X(2,:),tanh(times(plus(X(1,:),X(2,:)),times(X(2,:),X(1,:)))))),plus(X(1,:),times(cos(minus(minus(times(tanh(X(1,:)),times(X(2,:),tanh(X(1,:)))),cos(plus(X(2,:),tanh(X(2,:))))),sin(sin(exp(minus(X(1,:),X(2,:))))))),X(2,:))))"
1,2,167,"times(tanh(plus(sin(times(X(2,:),sin(exp(plus(X(2,:),X(2,:)))))),sin(times(negexp(cos(times(X(2,:),plus(X(1,:),X(2,:))))),[48.8471])))),plus(X(1,:),X(2,:)))"
1,2,168,"plus(plus(X(2,:),plus(cos(X(1,:)),times(exp(cos(minus(X(1,:),exp(sin(X(2,:)))))),cos(plus(square(X(2,:)),X(1,:)))))),plus(negexp(cos(X(2,:))),plus(plus(X(2,:),plus(cos(X(1,:)),times(exp(exp(minus(X(1,:),X(1,:)))),cos(plus(square(X(2,:)),X(1,:)))))),plus(plus(negexp(cos(X(2,:))),times(exp(exp(negexp([25.4487]))),cos(times([82.6964],X(2,:))))),times(exp(exp(negexp([25.4487]))),cos(times([82.6825],X(2,:))))))))"
1,2,169,"plus(plus(plus(minus(square(X(2,:)),square(X(1,:))),plus(plus(plus(X(2,:),plus(X(1,:),X(1,:))),X(2,:)),cos(plus(X(2,:),negexp(negexp(square([48.3452]))))))),plus(plus(minus(square(X(2,:)),square(X(1,:))),plus(plus(plus(X(2,:),plus(X(1,:),X(1,:))),X(2,:)),cos(plus(plus(X(2,:),X(2,:)),X(2,:))))),X(2,:))),X(2,:))"
1,2,170,"times(minus(minus(square(minus(minus(square(plus(plus(X(1,:),[-8.6511]),[-8.7085])),[14.1819]),[14.3471])),minus(exp(square(exp(tanh(times(X(2,:),X(1,:)))))),minus(square(plus(plus(plus(X(1,:),[-8.6511]),[-8.8350]),times(X(2,:),X(1,:)))),times(X(2,:),plus(plus(X(1,:),times(X(2,:),X(1,:))),[-8.7085]))))),negexp([-8.8350])),minus(minus(minus(minus(square(plus(plus(X(1,:),[-8.8350]),[-8.6449])),[14.3471]),[14.2905]),[14.3471]),square(plus(X(1,:),[-8.8350]))))"
1,2,171,"plus(square(X(2,:)),minus(plus(minus(plus(plus(plus(times([64.7659],X(2,:)),square(plus(X(2,:),X(2,:)))),square(X(1,:))),plus(plus(plus(cos(X(1,:)),minus(X(2,:),X(1,:))),minus(X(2,:),X(1,:))),plus(cos(X(1,:)),cos(plus(X(2,:),X(1,:)))))),X(1,:)),plus(plus(plus(plus(cos(X(1,:)),cos(times([64.6402],X(2,:)))),exp(minus([83.5102],[49.5752]))),minus(cos(X(1,:)),X(1,:))),square(plus(X(2,:),X(2,:))))),X(1,:)))"
1,2,172,"plus(plus(plus(plus(plus(negexp(X(2,:)),minus(minus(sin(sin(X(2,:))),sin(X(2,:))),sin(X(2,:)))),plus(negexp(X(2,:)),minus(minus(square(X(1,:)),sin(X(2,:))),sin(X(2,:))))),minus(minus(minus(minus(minus(square(X(1,:)),sin(X(2,:))),sin(X(2,:))),sin(X(2,:))),sin(X(2,:))),sin(X(2,:)))),minus(minus(minus(minus(square(X(1,:)),cos(sin(X(2,:)))),sin(X(2,:))),X(2,:)),sin(X(2,:)))),plus(plus(plus(negexp(X(2,:)),minus(minus(square(X(1,:)),sin(X(2,:))),sin(X(2,:)))),minus(plus(plus(negexp(X(2,:)),minus(minus(square(X(1,:)),sin(X(2,:))),sin(X(2,:)))),plus(negexp(X(2,:)),minus(minus(X(1,:),sin(X(2,:))),sin(X(2,:))))),sin(X(2,:)))),minus(minus(plus(plus(negexp(X(2,:)),minus(minus(square(X(1,:)),sin(X(2,:))),sin(X(2,:)))),plus(negexp(X(2,:)),minus(minus(X(1,:),sin(X(2,:))),sin(X(2,:))))),sin(X(2,:))),sin(minus(square(X(1,:)),negexp(X(2,:)))))))"
1,2,173,"minus(minus(minus(tanh(X(2,:)),X(1,:)),minus(plus(tanh(times(plus(X(1,:),X(2,:)),sin(X(2,:)))),tanh(times(tanh(minus(tanh(X(1,:)),X(2,:))),times(sin(X(2,:)),plus(X(2,:),X(2,:)))))),plus(X(2,:),exp([-8.7399])))),minus(minus(minus(plus(times(tanh(minus(minus(X(2,:),X(2,:)),plus(X(2,:),X(2,:)))),times(plus(X(2,:),exp([-8.6488])),plus(X(2,:),exp([-8.6399])))),tanh(exp(negexp(sin(X(1,:)))))),X(2,:)),plus(X(2,:),X(2,:))),plus(X(2,:),X(2,:))))"
1,2,174,"square(times(minus(plus(negexp(X(2,:)),plus(plus(plus(negexp(X(1,:)),[94.3063]),square(X(2,:))),plus(plus(plus(negexp(X(1,:)),[94.3063]),[94.4013]),[94.0770]))),negexp(plus(cos(times(negexp(X(1,:)),times(X(1,:),X(2,:)))),plus(negexp(X(1,:)),X(2,:))))),plus(cos(cos(square(tanh(times([93.6078],X(1,:)))))),cos(plus(cos(minus(X(2,:),X(2,:))),cos(square(cos([93.7685]))))))))"
1,2,175,"minus(tanh(tanh(tanh(plus(exp(X(1,:)),plus(tanh(tanh(X(2,:))),plus(X(2,:),[-0.5493])))))),tanh(plus(exp(plus(tanh(tanh(plus(X(2,:),sin([74.9740])))),plus(X(2,:),sin(sin([-0.3995]))))),X(2,:))))"
1,2,176,"times([79.0824],square(plus(plus(square(square(cos(minus(exp(X(2,:)),plus([-50.1048],X(1,:)))))),plus(cos(square(X(1,:))),square(X(2,:)))),square(exp(tanh(X(1,:)))))))"
1,2,177,"square(plus(plus(plus(plus(plus(plus(minus(X(2,:),X(1,:)),square(minus(X(2,:),X(1,:)))),X(2,:)),plus(tanh(exp(sin(X(1,:)))),exp(sin(cos(X(2,:)))))),square(plus(minus(X(2,:),X(1,:)),tanh(exp(sin(X(1,:))))))),plus(minus(X(2,:),X(1,:)),minus(tanh(exp(square(cos(X(2,:))))),X(1,:)))),plus(plus(plus(plus(plus(minus(X(2,:),X(1,:)),square(minus(X(2,:),X(1,:)))),minus(X(2,:),X(1,:))),square(minus(X(2,:),X(1,:)))),square(plus(exp(cos(X(2,:))),tanh(cos(X(2,:)))))),square(plus(plus(plus(sin(X(2,:)),tanh(X(2,:))),tanh(plus(sin(X(2,:)),tanh(X(2,:))))),tanh(X(2,:)))))))"
1,2,178,"plus(plus(plus(square(times(square(square([76.0142])),[92.2897])),square(times(square(plus(X(1,:),tanh(cos([59.2988])))),[92.2618]))),times(negexp(sin(sin(sin(times(square([-31.1969]),exp(X(2,:))))))),square([76.1692]))),plus(plus(plus(plus(square(times(square(square([92.2897])),[92.2897])),square(times(square(plus(X(1,:),X(1,:))),[92.2600]))),square(times(square(plus(X(1,:),X(1,:))),[92.2618]))),times(times(square(X(1,:)),X(1,:)),square([75.7802]))),square(times(square(plus(X(1,:),tanh(cos([59.2988])))),[92.2618]))))"
1,2,179,"plus(times(plus(plus(X(2,:),X(1,:)),X(2,:)),plus(times(plus(plus([-38.0615],plus(X(1,:),X(1,:))),plus(plus([-89.1244],X(2,:)),plus([-38.0512],plus(X(2,:),X(2,:))))),plus(plus(X(1,:),plus(plus(plus(X(1,:),X(1,:)),plus(X(1,:),X(1,:))),plus(X(1,:),X(1,:)))),plus(plus([-38.0615],plus(square(X(1,:)),plus(X(1,:),X(1,:)))),plus(plus(square(X(1,:)),plus(X(1,:),X(1,:))),plus(plus(X(1,:),X(1,:)),X(1,:)))))),times(plus(plus(times(exp(X(2,:)),plus(plus(X(1,:),X(1,:)),X(1,:))),X(1,:)),[-37.8379]),plus(plus(plus([-38.0615],plus(plus(X(1,:),X(1,:)),X(1,:))),tanh(exp([-38.0615]))),[-37.8379])))),times(plus(square(minus(plus(plus([-38.0615],plus(plus(X(1,:),X(1,:)),[-37.8379])),minus(plus(plus([-37.8379],X(1,:)),X(1,:)),[53.6818])),[53.6818])),square(minus(plus(plus(plus(plus(X(1,:),X(1,:)),X(1,:)),[-89.2259]),[-75.5364]),[53.6818]))),plus(plus(X(2,:),X(1,:)),times(plus(X(1,:),plus(plus(X(1,:),X(1,:)),plus(plus([-38.0615],plus(X(2,:),X(1,:))),plus(X(2,:),X(1,:))))),X(1,:)))))"
1,2,180,"square(times(minus(exp(negexp(tanh(negexp(exp(X(2,:)))))),X(2,:)),square(plus(plus(plus(tanh(plus(X(2,:),X(1,:))),plus(tanh(plus(X(2,:),X(1,:))),minus(X(2,:),[-43.6992]))),X(1,:)),X(1,:)))))"
1,2,181,"plus(times(plus(sin(X(1,:)),plus(sin(X(1,:)),X(1,:))),plus(plus(plus(plus(sin(X(1,:)),plus(sin(X(1,:)),plus(sin(X(1,:)),sin(X(1,:))))),plus(sin(sin(X(1,:))),plus(sin(X(1,:)),sin(X(1,:))))),plus(sin(X(1,:)),minus(sin(square(exp(X(2,:)))),tanh(sin(times(X(2,:),[19.2795])))))),[74.5149])),times(X(2,:),times(plus(plus(sin(X(1,:)),plus(plus(sin(X(1,:)),sin(X(1,:))),plus(minus(sin(X(1,:)),X(1,:)),sin(X(1,:))))),plus(plus(sin(X(1,:)),plus(sin(X(1,:)),plus(cos(X(1,:)),sin(X(1,:))))),plus(sin(plus([-37.3075],X(1,:))),plus([-10.8619],[74.3145])))),X(2,:))))"
1,2,182,"minus(exp(X(1,:)),minus(minus(minus(minus(minus(sin(X(2,:)),plus(plus(X(2,:),plus(X(2,:),[97.4372])),times(X(1,:),X(1,:)))),exp(tanh(plus(plus(X(2,:),X(2,:)),times(X(1,:),X(1,:)))))),exp(tanh(plus(plus(X(2,:),X(2,:)),times(X(1,:),X(1,:)))))),exp(tanh(plus(plus(plus(plus(X(2,:),X(2,:)),times(X(1,:),X(1,:))),minus(negexp(X(1,:)),X(1,:))),minus(negexp(tanh(X(1,:))),times(negexp([34.2570]),X(1,:))))))),exp(exp(tanh(plus(plus(plus(plus(X(2,:),X(2,:)),times(X(1,:),X(1,:))),X(2,:)),times(X(1,:),X(1,:))))))))"
1,2,183,"plus(plus(times(plus(plus(X(2,:),exp(X(1,:))),plus(X(2,:),sin(plus(exp(X(1,:)),plus(X(2,:),X(2,:)))))),[75.3202]),exp(plus(plus(X(2,:),sin(X(1,:))),X(1,:)))),plus(exp(plus(plus(X(2,:),sin(plus(exp(exp(X(1,:))),plus(X(2,:),X(2,:))))),exp(sin(plus(X(2,:),X(2,:)))))),exp(plus(plus(X(2,:),plus(tanh(tanh(X(1,:))),exp(sin(X(2,:))))),tanh(tanh(tanh(tanh(X(1,:)))))))))"
1,2,184,"square(times(cos(square(plus(cos(minus(cos(X(1,:)),square(X(1,:)))),times(square(minus(cos(X(1,:)),exp(X(2,:)))),exp(X(1,:)))))),square(exp(minus(cos(cos(times([-13.7877],X(1,:)))),tanh(tanh(minus(X(1,:),square(X(1,:))))))))))"
1,2,185,"square(times(negexp(negexp(sin(sin(X(2,:))))),square(minus(sin(minus(sin(square(plus(X(1,:),[90.0602]))),plus([-92.2560],X(2,:)))),minus(X(2,:),X(1,:))))))"
1,2,186,"plus(negexp(square(times(minus(X(1,:),X(2,:)),times(X(1,:),square(X(1,:)))))),plus(cos(negexp(cos(square(times(minus(X(1,:),X(2,:)),times(X(1,:),square(X(1,:)))))))),plus(cos(negexp(tanh(cos(negexp(tanh([-61.7448])))))),square(times(minus(X(1,:),X(2,:)),times(X(1,:),square(X(1,:))))))))"
1,2,187,"plus(plus(exp(minus(tanh(times(X(2,:),plus(square(times(X(2,:),[7.0665])),cos(sin(X(1,:)))))),cos(X(1,:)))),plus(plus(exp(X(2,:)),exp(exp(sin(times(X(2,:),[7.1435]))))),exp(exp(sin(square(plus(square(X(1,:)),cos([-12.2627])))))))),exp(exp(sin(square(plus(square(X(1,:)),square(tanh(X(2,:)))))))))"
1,2,188,"plus(times(times(times(X(1,:),plus(plus(times(times(X(2,:),[60.6723]),negexp(sin(X(2,:)))),X(1,:)),X(1,:))),negexp(sin(sin(plus([60.4586],square(plus(X(1,:),X(2,:)))))))),negexp(sin(plus([60.4437],square(plus(X(1,:),X(2,:))))))),plus(times(minus(X(1,:),negexp(X(1,:))),[60.4881]),plus(square(square(plus(X(1,:),X(2,:)))),times(plus(times(times(X(2,:),[60.4621]),negexp(sin(X(2,:)))),X(1,:)),[60.4881]))))"
1,2,189,"minus(square(minus(X(1,:),X(2,:))),times(sin(square(exp(square(tanh(X(1,:)))))),times(sin(exp(plus(X(1,:),X(2,:)))),square(minus(X(1,:),X(2,:))))))"
1,2,190,"plus(times(X(1,:),plus(plus(times(X(2,:),tanh(X(2,:))),plus(plus(X(2,:),cos(square(X(1,:)))),cos(square(X(1,:))))),cos(square(X(1,:))))),plus(plus(plus(plus(times(plus(X(2,:),cos(square(X(1,:)))),X(1,:)),square([-97.9842])),plus(plus(times(X(2,:),X(1,:)),cos(square(tanh(X(1,:))))),cos(square(square(plus(X(1,:),X(2,:))))))),cos(square(tanh(X(1,:))))),plus(cos(square(sin(cos(tanh(X(2,:)))))),plus(plus(X(2,:),tanh(X(2,:))),cos(square(square(plus(square(X(1,:)),X(2,:)))))))))"
1,2,191,"times(square(cos(minus(tanh(X(2,:)),times(square(sin(X(1,:))),X(1,:))))),plus(minus(sin(sin(minus(plus(cos(minus(X(1,:),X(1,:))),times(X(1,:),X(1,:))),exp(negexp([-3.6170]))))),[-31.6019]),minus(sin(minus(plus(cos(X(1,:)),times(X(1,:),X(1,:))),exp(negexp([-3.6170])))),[-31.5248])))"
1,2,192,"plus(times(cos(plus(minus(square(X(2,:)),times(cos(sin([-4.7867])),times(cos(square(X(2,:))),times([-4.6151],X(1,:))))),square(X(1,:)))),times(minus(times([-4.5616],X(1,:)),minus(square(X(2,:)),times(cos(square(X(1,:))),times(cos(X(2,:)),times([-4.6129],X(1,:)))))),cos(plus(plus(X(1,:),[-22.5825]),sin([-41.7040]))))),plus(minus(square(X(2,:)),sin(X(1,:))),square(X(1,:))))"
1,2,193,"plus(plus(square(X(2,:)),plus(X(1,:),plus(X(2,:),plus(X(1,:),plus(X(1,:),plus(X(1,:),times(X(1,:),X(1,:)))))))),plus(minus(times(times(sin(square(X(2,:))),sin(square(X(2,:)))),times(square(cos(X(1,:))),cos(X(2,:)))),negexp(cos(times(X(1,:),X(1,:))))),minus(exp(tanh(times([93.2114],X(1,:)))),tanh(tanh(tanh(negexp(X(2,:))))))))"
1,2,194,"square(minus(times(X(1,:),minus(times(X(1,:),[18.2220]),plus([-29.5871],X(1,:)))),minus(minus(minus(minus(minus(minus(exp(X(1,:)),[18.8616]),[18.8130]),plus([18.9475],[18.8616])),X(2,:)),exp(X(2,:))),times(minus(times(X(1,:),[18.7791]),[53.7083]),[53.4845]))))"
1,2,195,"plus(plus(plus(plus(cos(X(2,:)),sin(cos(negexp(cos(X(2,:)))))),plus(plus(plus(plus(X(2,:),plus(X(1,:),square(X(1,:)))),X(1,:)),cos(X(2,:))),sin(cos(X(2,:))))),plus(plus(plus(X(2,:),plus(X(1,:),square(X(1,:)))),X(1,:)),plus(plus(X(2,:),plus(X(1,:),plus(X(2,:),plus(X(1,:),square(X(1,:)))))),X(1,:)))),plus(plus(plus(plus(plus(plus(exp([-80.4602]),plus([-40.8391],X(2,:))),plus(X(1,:),square(X(1,:)))),X(1,:)),sin(cos(X(2,:)))),plus(plus(plus(plus(X(2,:),plus(X(1,:),square(X(1,:)))),X(1,:)),sin(cos(X(2,:)))),cos(negexp(cos(X(2,:)))))),plus(plus(plus(plus(plus(X(2,:),plus(X(1,:),square(X(1,:)))),plus(X(1,:),[79.3603])),sin(cos(negexp(cos(X(2,:)))))),sin(cos(X(2,:)))),times(plus(sin(X(2,:)),cos(minus(tanh(plus(X(1,:),X(2,:))),X(2,:)))),X(2,:)))))"
1,2,196,"plus(plus(plus(plus(plus(plus(exp(X(2,:)),sin(X(2,:))),sin(sin(sin(X(2,:))))),sin(sin(tanh(negexp(times(X(1,:),X(2,:))))))),sin(X(2,:))),square(X(1,:))),square(plus(X(1,:),plus(X(2,:),exp(tanh(negexp(sin(tanh(X(2,:))))))))))"
1,2,197,"minus(sin(minus(sin(X(2,:)),minus(plus(times([17.6288],X(2,:)),X(1,:)),cos(plus(X(1,:),X(2,:)))))),minus(plus(plus(plus(plus(plus(plus(plus(X(1,:),[-64.1554]),[-64.3354]),[-64.1554]),[-64.1554]),[-63.9972]),[-64.3354]),[-63.9972]),minus(X(2,:),minus(times([17.2904],X(2,:)),cos(plus(X(1,:),X(2,:)))))))"
1,2,198,"plus(plus(plus(square(plus(square(X(2,:)),square(X(2,:)))),plus(exp(plus(plus(X(2,:),sin(X(2,:))),sin(X(2,:)))),exp(plus(plus(X(2,:),sin(sin(X(2,:)))),sin(sin(sin(X(1,:)))))))),plus(exp(plus(X(1,:),exp(plus(tanh(exp(X(1,:))),sin(sin(X(1,:))))))),plus(plus(exp(plus(tanh(X(1,:)),plus(tanh(X(1,:)),X(1,:)))),exp(plus(X(2,:),sin(sin(X(2,:)))))),exp(plus(tanh(square(X(1,:))),plus(tanh(X(1,:)),X(1,:))))))),square(plus(plus(tanh(square(X(1,:))),plus(tanh(plus(tanh(X(1,:)),X(1,:))),X(1,:))),exp(X(1,:)))))"
1,2,199,"tanh(minus(X(2,:),minus(sin(times(exp(square([-21.8231])),minus(minus(minus(X(1,:),plus(X(1,:),[-21.8231])),plus(X(1,:),[-17.6219])),plus(X(1,:),[-17.5981])))),X(1,:))))"
1,2,200,"times(minus(plus(tanh(sin(X(1,:))),plus(tanh(minus(cos(X(1,:)),plus(X(2,:),X(2,:)))),plus(minus(plus(X(1,:),X(2,:)),minus([61.0087],X(2,:))),X(1,:)))),square(plus(X(2,:),plus(X(2,:),X(2,:))))),times(plus(tanh(tanh(plus(square(square(X(1,:))),plus(minus(cos(X(2,:)),[61.0816]),square(exp(X(1,:))))))),minus(plus(minus(plus(minus(X(1,:),square(X(2,:))),X(1,:)),square(X(2,:))),X(2,:)),minus([61.1710],plus(tanh(sin(X(1,:))),plus(minus(plus(X(1,:),X(2,:)),minus([61.0087],X(2,:))),X(1,:)))))),cos(negexp(negexp(exp(plus(square(exp(X(1,:))),X(1,:))))))))"
1,2,201,"plus(minus(plus(plus(minus(plus(square(square(minus(X(1,:),X(2,:)))),square(square(minus(X(1,:),X(2,:))))),minus(X(1,:),X(2,:))),times(square(X(1,:)),sin(X(1,:)))),minus(plus(plus(square(square(minus(X(1,:),X(2,:)))),square(square(minus(X(1,:),X(2,:))))),plus(square(square(minus(X(1,:),X(2,:)))),square(square(minus(X(1,:),X(2,:)))))),minus(square(X(1,:)),plus(square(square(minus(X(1,:),X(2,:)))),square(square(minus(X(1,:),X(2,:)))))))),minus(sin(square(X(1,:))),plus(minus(plus(square(square(minus(X(1,:),X(2,:)))),square(square(minus(X(1,:),X(2,:))))),minus(X(1,:),times(square(X(1,:)),sin([92.6891])))),times(square(X(1,:)),sin([92.7116]))))),minus(plus(plus(minus(plus(square(square(minus(X(1,:),X(2,:)))),square(square(minus(X(1,:),X(2,:))))),negexp(X(2,:))),plus(plus(square(square(minus(X(1,:),X(2,:)))),square(square(minus(X(1,:),X(2,:))))),plus(square(square(minus(X(1,:),X(2,:)))),square(square(minus(X(1,:),X(2,:))))))),plus(minus(plus(square(square(minus(X(1,:),X(2,:)))),square(square(minus(X(1,:),X(2,:))))),negexp(X(2,:))),minus(plus(square(square(minus(X(1,:),X(2,:)))),square(square(minus(X(1,:),X(2,:))))),negexp(X(2,:))))),minus(minus(X(1,:),X(2,:)),plus(minus(plus(times(square(X(1,:)),sin([92.3861])),square(square(minus(X(1,:),X(2,:))))),negexp(X(2,:))),minus(plus(square(square(minus(X(1,:),X(2,:)))),negexp(X(1,:))),X(1,:))))))"
1,2,202,"square(minus(times(plus(square(cos(times([11.6005],X(1,:)))),plus(plus(minus(sin(tanh(X(2,:))),negexp(X(1,:))),minus(minus([68.5798],[11.6675]),[11.7645])),X(1,:))),[-38.0625]),minus(square(plus(times([11.4016],X(1,:)),[-52.0819])),times(minus([-38.0592],[95.6319]),square(X(1,:))))))"
1,2,203,"times(times(plus(plus(plus(exp(square(tanh([-28.9115]))),plus(plus(plus(plus(X(1,:),X(1,:)),X(1,:)),negexp(exp(X(1,:)))),plus(plus(X(1,:),X(1,:)),plus(sin([-28.9033]),X(1,:))))),X(2,:)),plus(plus(X(1,:),plus(plus(X(1,:),plus(X(1,:),X(1,:))),X(1,:))),cos(X(1,:)))),plus(plus(X(1,:),plus(sin(negexp(exp(X(2,:)))),[-7.5627])),cos(sin(X(1,:))))),times(times([-28.7212],[26.3390]),[-98.0167]))"
1,2,204,"plus(times(times(square(times(square([5.5955]),[7.5701])),[-94.4182]),X(1,:)),plus(times(square(X(1,:)),times(exp(X(2,:)),times(square(X(1,:)),times(square(X(1,:)),X(1,:))))),plus(times(square(X(1,:)),times([5.8849],times(square(X(1,:)),times(square([5.7752]),X(1,:))))),square(times(square([5.5955]),times(square([5.5955]),X(1,:)))))))"
1,2,205,"times(minus(plus(square(times(minus(plus(plus(square(X(2,:)),X(2,:)),X(2,:)),[-48.4966]),tanh(negexp(tanh(X(2,:)))))),plus(plus(minus(square(X(1,:)),cos(X(1,:))),X(1,:)),plus(X(2,:),X(1,:)))),times(cos(X(1,:)),X(1,:))),tanh(negexp(tanh(X(2,:)))))"
1,2,206,"minus(minus(minus(exp(X(1,:)),square(cos(times(exp(cos([-74.0858])),X(2,:))))),cos(tanh(plus(cos(exp(X(2,:))),negexp(X(1,:)))))),minus(X(2,:),times(minus(tanh([-74.0812]),tanh(X(2,:))),minus(times(plus(plus(cos([-74.0858]),minus(X(1,:),X(2,:))),cos(exp(X(1,:)))),X(1,:)),exp(X(2,:))))))"
1,2,207,"plus(minus(plus(times(plus(minus(cos(X(1,:)),times(exp(X(2,:)),cos(X(2,:)))),minus(negexp(negexp(X(2,:))),minus(cos(X(2,:)),exp(X(2,:))))),[10.5397]),minus(times(plus(X(1,:),minus(negexp(negexp(X(1,:))),minus(cos(X(2,:)),exp(X(2,:))))),[10.2718]),[10.2473])),minus(cos(exp(exp(minus(cos(X(2,:)),exp(X(2,:)))))),minus(minus(X(1,:),minus(exp(X(2,:)),exp(X(1,:)))),exp(X(2,:))))),plus(times(plus(minus(cos(X(1,:)),times(exp(X(2,:)),cos(X(2,:)))),minus(negexp(negexp(X(1,:))),minus(cos(X(2,:)),exp(X(2,:))))),[10.2718]),plus(times(plus(minus(cos(X(1,:)),times(exp(X(2,:)),cos(X(2,:)))),minus(negexp(negexp(X(1,:))),minus(cos(X(2,:)),plus(exp(X(2,:)),square([-88.3460]))))),[10.2400]),minus(times(plus(minus(cos(X(2,:)),exp(X(2,:))),minus(negexp(negexp(X(2,:))),minus(cos(X(2,:)),exp(X(2,:))))),[10.2892]),[10.5166]))))"
1,2,208,"times(minus(square(minus(sin(tanh(times(tanh(tanh(X(2,:))),[78.7178]))),minus(cos(X(2,:)),cos(X(1,:))))),X(1,:)),times([-34.6537],plus(minus(exp(cos(minus(X(2,:),X(1,:)))),square(minus(sin(tanh(X(2,:))),minus(cos([-34.9407]),cos(X(1,:)))))),X(1,:))))"
1,2,209,"times(times(square(exp(exp(minus(tanh(X(2,:)),tanh(X(1,:)))))),sin(sin(sin(negexp(cos(plus(negexp(X(2,:)),times([35.0081],X(1,:))))))))),exp(sin(negexp(plus(plus(X(1,:),X(2,:)),tanh(minus(tanh(negexp(X(1,:))),X(1,:))))))))"
1,2,210,"square(square(minus(minus(minus(minus(exp(X(2,:)),sin(sin(X(2,:)))),negexp(plus(square(X(2,:)),X(1,:)))),X(1,:)),sin(minus(minus(exp(X(2,:)),sin(sin(X(2,:)))),X(1,:))))))"
1,2,211,"minus(times(square(times(X(1,:),cos(X(1,:)))),times(X(2,:),cos(times(X(1,:),times([2.3543],X(2,:)))))),minus(minus(plus(times(X(1,:),X(2,:)),plus(tanh(times(times(plus(X(2,:),X(1,:)),negexp([-9.4815])),square(exp(X(2,:))))),X(2,:))),square(X(2,:))),plus(square(times(X(1,:),cos(tanh(times(X(2,:),times(X(1,:),X(2,:))))))),exp(X(2,:)))))"
1,2,212,"square(times(minus([60.0170],plus(tanh(tanh(minus(negexp(exp(X(1,:))),cos(cos(X(2,:)))))),times(plus(square([-2.4353]),[-39.2722]),X(1,:)))),plus(sin(minus(tanh(plus([-2.3940],plus([-2.4476],X(1,:)))),minus(tanh(plus([-2.4353],plus([-2.5379],X(1,:)))),negexp(cos(X(2,:)))))),sin(cos(sin(negexp(plus(X(2,:),X(1,:)))))))))"
1,2,213,"square(minus(plus(plus(tanh(tanh(tanh(tanh(tanh(X(2,:)))))),plus(X(1,:),X(2,:))),tanh(cos(times(exp(X(1,:)),negexp(X(2,:)))))),sin(plus(tanh(negexp(exp(times(X(2,:),sin(X(2,:)))))),plus(tanh(sin(sin(minus(X(1,:),[15.6217])))),sin(cos(times(times(X(2,:),X(1,:)),X(2,:)))))))))"
1,2,214,"times(times(times(times(plus(X(2,:),plus(X(1,:),times(X(1,:),X(2,:)))),[7.5988]),cos(sin(plus(X(2,:),X(1,:))))),cos(sin(times(times(plus(X(2,:),plus(X(1,:),times(X(1,:),X(2,:)))),[7.8503]),cos(sin(plus(X(2,:),X(1,:)))))))),cos(sin(times(times(plus(X(2,:),plus(X(1,:),times(X(1,:),X(2,:)))),[7.7220]),cos(sin(plus(X(2,:),X(1,:))))))))"
1,2,215,"minus(exp(minus([3.9059],sin(sin(sin(plus(times(exp(X(1,:)),[52.0304]),negexp(X(2,:)))))))),cos(plus(plus(times(exp(X(1,:)),cos(plus(times(exp(X(1,:)),[52.0304]),negexp(X(2,:))))),times(exp(X(1,:)),cos(plus(times(exp(X(1,:)),[52.0304]),negexp(X(2,:)))))),sin(times([3.9915],[3.9858])))))"
1,2,216,"plus(square(X(2,:)),plus(times(X(1,:),X(1,:)),times(plus([2.8304],plus([2.9704],plus(times(minus(X(1,:),X(2,:)),sin(exp(X(1,:)))),X(2,:)))),plus(cos(minus(negexp(minus(X(2,:),[2.7351])),X(2,:))),exp(cos(times(exp(X(2,:)),plus(X(1,:),X(1,:)))))))))"
1,2,217,"plus(times(plus(tanh(plus(exp(X(1,:)),minus(square(X(1,:)),minus(X(2,:),negexp(sin(X(2,:))))))),exp(exp(negexp(negexp(tanh(X(2,:))))))),X(1,:)),plus(X(1,:),plus(X(1,:),plus(minus(plus(X(1,:),[69.1384]),cos(plus(X(1,:),[69.0505]))),plus(square(X(1,:)),times(X(2,:),X(2,:)))))))"
1,2,218,"times(plus(plus(times(exp(X(2,:)),square(minus([-88.9746],[-24.5789]))),plus(times(exp(X(2,:)),square([-89.1856])),times(minus(square(minus(tanh(X(2,:)),[-24.6204])),X(2,:)),square([92.8790])))),square(minus(tanh(plus(sin(square(square(X(2,:)))),X(1,:))),minus(minus([-89.1856],X(2,:)),square(X(2,:)))))),[46.0281])"
1,2,219,"times(plus([18.8114],X(1,:)),minus(square(X(2,:)),minus(X(1,:),minus(minus(minus(sin(cos(X(2,:))),X(2,:)),negexp(sin(X(2,:)))),square(tanh(X(1,:)))))))"
1,2,220,"plus(square(X(2,:)),plus(plus(plus(square(negexp(exp(plus(square(X(2,:)),plus(X(2,:),X(2,:)))))),X(2,:)),exp(negexp(times(X(1,:),X(1,:))))),plus(plus(plus(square(exp(negexp(times(X(1,:),X(1,:))))),sin(plus(sin(X(2,:)),[40.5709]))),X(2,:)),plus(square(times(X(1,:),X(2,:))),plus(times(X(1,:),plus(square(negexp([-1.2894])),X(2,:))),plus(exp(X(2,:)),plus(square(X(2,:)),plus(X(2,:),X(2,:)))))))))"
1,2,221,"minus(minus(plus(plus(minus(X(2,:),minus(minus(minus(times(X(2,:),[57.5383]),X(2,:)),[-21.3850]),sin(square(minus([-21.3850],X(2,:)))))),X(2,:)),X(2,:)),X(1,:)),minus(X(2,:),minus(minus(minus(times(X(2,:),[46.3686]),X(2,:)),X(2,:)),sin(square(minus([-21.3850],X(2,:)))))))"
1,2,222,"plus(plus(plus(times(exp(X(1,:)),plus(square(plus(X(1,:),plus(X(2,:),X(2,:)))),plus(square(plus(X(1,:),plus(X(2,:),X(2,:)))),plus(X(1,:),plus(X(1,:),X(2,:)))))),times(X(2,:),plus([51.7961],plus(X(1,:),plus(X(1,:),plus(X(2,:),X(2,:))))))),times(times(X(2,:),plus(square(plus(X(1,:),plus(X(2,:),X(2,:)))),plus(X(1,:),plus(X(1,:),X(2,:))))),X(1,:))),plus(plus(plus(X(2,:),plus(tanh(plus(cos(X(1,:)),cos(X(2,:)))),X(2,:))),plus(times(exp(X(1,:)),plus(square(plus(X(1,:),plus(X(2,:),X(2,:)))),[19.7748])),times(plus(X(1,:),plus(X(2,:),X(2,:))),plus([51.7628],X(1,:))))),negexp(X(2,:))))"
1,2,223,"negexp(times([-62.3382],tanh(tanh(minus(tanh(plus(exp(tanh(X(1,:))),plus(X(2,:),X(1,:)))),minus(tanh(X(1,:)),minus(tanh(X(1,:)),X(1,:))))))))"
1,2,224,"times(times(square(minus(plus(minus(plus(plus(square([-4.6685]),square(X(1,:))),plus(cos([68.0356]),square(X(1,:)))),X(2,:)),square(minus(X(1,:),cos(X(1,:))))),X(2,:))),X(1,:)),plus(X(1,:),exp(square(cos(minus(X(1,:),cos(cos([68.0668]))))))))"
1,2,225,"times(plus(times(tanh(plus(X(2,:),cos(square(plus(X(2,:),cos([5.7205])))))),times(plus(plus(X(2,:),cos(plus(square(X(1,:)),X(1,:)))),cos(plus(X(2,:),cos(X(2,:))))),X(2,:))),square(square(minus(plus(X(1,:),plus(square(tanh(X(2,:))),X(1,:))),[5.7059])))),plus([5.9741],plus(X(2,:),cos(X(2,:)))))"
1,2,226,"times(minus(minus(minus(minus([-16.7832],minus(X(1,:),[-6.3785])),X(1,:)),times(minus(minus(minus(minus([-16.7832],minus(X(1,:),[-6.3785])),X(1,:)),minus(minus([-16.7863],X(2,:)),X(2,:))),minus(X(1,:),[-6.3785])),minus(minus(X(2,:),X(1,:)),X(1,:)))),times(minus(minus(minus(minus(X(2,:),X(2,:)),X(1,:)),times(minus(minus([-16.7353],X(2,:)),X(1,:)),minus(minus([-16.7832],plus(X(2,:),X(1,:))),X(1,:)))),[-16.9517]),plus([-16.8828],plus(times(minus(minus([-16.7953],X(2,:)),X(1,:)),minus(minus([-16.8299],X(2,:)),X(1,:))),X(2,:))))),plus(plus(times(tanh(sin(cos(minus(X(1,:),[-6.3785])))),exp(cos(minus(X(2,:),X(2,:))))),square(X(2,:))),plus(plus(exp(tanh(X(2,:))),square(X(2,:))),plus(plus(square(plus(X(1,:),[-16.8312])),exp(X(1,:))),minus([-16.8402],X(1,:))))))"
1,2,227,"plus(minus(times(plus(sin(square(square(cos([-46.5264])))),X(2,:)),times(times(times(sin(square([-86.6469])),[-46.5305]),[-46.3420]),minus([-46.2929],plus(square(X(1,:)),sin(square([-46.3420])))))),plus(X(1,:),negexp([-46.3420]))),square(times(plus(sin(square(square(cos([-46.5264])))),X(2,:)),times(times(times(sin(square([-86.6469])),[-46.3420]),cos(cos(X(1,:)))),minus([-46.5023],plus(square(X(1,:)),exp(negexp(cos(X(2,:))))))))))"
1,2,228,"square(times(plus(tanh(plus(tanh(tanh([63.9184])),square(times([63.9051],times(X(1,:),X(1,:)))))),plus(tanh(plus(exp(square(X(2,:))),square(times(minus([13.2334],X(2,:)),times(X(2,:),X(1,:)))))),minus(X(1,:),X(2,:)))),plus(plus(plus(plus(plus(exp(X(1,:)),plus([63.9184],[22.9280])),plus([63.8757],[63.9184])),plus(plus(exp(X(1,:)),[63.8405]),plus([63.9184],[63.9184]))),plus(exp(X(1,:)),plus(tanh(exp(X(1,:))),plus(tanh(times(X(2,:),X(2,:))),minus(X(1,:),X(2,:)))))),plus(plus(exp(X(1,:)),plus([63.9184],[22.7743])),plus(plus(plus(exp(X(1,:)),plus([63.9184],[22.9280])),plus(plus(exp(X(2,:)),plus([63.9184],[23.0001])),X(1,:))),plus(X(1,:),[23.0001]))))))"
1,2,229,"plus(plus(plus(sin(plus(exp(X(2,:)),square(plus(plus(times(X(1,:),[58.4835]),exp(X(2,:))),X(1,:))))),exp(X(1,:))),minus(plus(exp(X(2,:)),square(plus(plus(X(1,:),X(2,:)),X(1,:)))),times(square(sin(times(times(X(1,:),[58.6007]),plus(plus(X(2,:),X(1,:)),X(2,:))))),plus(X(1,:),plus(plus(X(2,:),[-98.2277]),X(1,:)))))),minus(plus(square(X(1,:)),minus(plus(exp(X(2,:)),square(plus(plus(plus(X(2,:),X(1,:)),X(2,:)),X(1,:)))),times([7.7027],plus(plus(plus(plus(X(2,:),X(1,:)),X(2,:)),X(1,:)),X(1,:))))),minus(times([98.1122],X(2,:)),X(2,:))))"
1,2,230,"plus(times(tanh(X(2,:)),square(X(1,:))),plus(plus(X(2,:),plus(X(2,:),minus(minus(X(1,:),square(times(tanh(X(2,:)),X(1,:)))),square(square(times(tanh(X(1,:)),tanh(X(1,:)))))))),square(times(times(tanh(X(1,:)),tanh(X(2,:))),square(X(1,:))))))"
1,2,231,"plus(plus(plus(plus(X(2,:),cos(plus(plus(plus(X(2,:),negexp(X(2,:))),[-44.9030]),[-44.9030]))),cos(plus(plus(plus(X(2,:),negexp(X(2,:))),[-44.8879]),[-44.8879]))),plus(plus(X(2,:),cos(plus(plus(plus(X(2,:),negexp(X(2,:))),[-44.8879]),[-44.9257]))),negexp(X(2,:)))),times(plus(X(1,:),plus(plus(X(2,:),plus(X(2,:),plus(X(1,:),X(2,:)))),[-10.3427])),plus(plus(plus(X(1,:),X(2,:)),[-10.3210]),X(1,:))))"
1,2,232,"square(times(plus(exp(cos(times(cos(negexp(times([-14.4347],X(1,:)))),square(square(times(X(2,:),[11.0868])))))),times(sin(times([-14.8848],plus(X(2,:),[14.8371]))),[15.3084])),sin(minus(square(plus(exp(X(1,:)),X(2,:))),minus([-14.8848],plus(minus(X(1,:),X(2,:)),tanh(X(1,:))))))))"
1,2,233,"times(plus(plus(cos([72.0644]),times(cos(negexp(X(2,:))),times(cos(negexp(plus(tanh(X(2,:)),X(2,:)))),times(cos(cos(X(1,:))),exp(X(1,:)))))),X(2,:)),plus(X(1,:),X(2,:)))"
1,2,234,"times(exp(tanh(plus(plus(cos(X(1,:)),plus(cos(X(1,:)),square(plus(X(1,:),X(2,:))))),plus(cos(X(1,:)),square(plus(X(1,:),X(2,:))))))),plus(times(exp(tanh(plus(X(1,:),minus(times(minus([-84.9585],X(1,:)),times(X(2,:),X(1,:))),times(minus(X(1,:),[63.5938]),cos(X(1,:))))))),plus(X(1,:),plus(plus(X(1,:),square(plus(X(2,:),X(1,:)))),cos(X(1,:))))),plus(times(exp(tanh(plus(cos(X(1,:)),square(plus(X(1,:),X(2,:)))))),plus(X(1,:),plus(plus(X(1,:),square(plus(X(2,:),X(1,:)))),cos(X(1,:))))),tanh(plus(plus(plus(X(1,:),square(plus(X(1,:),X(1,:)))),times(minus(plus(X(1,:),X(2,:)),[64.2213]),tanh(X(2,:)))),plus(times(square(plus(X(1,:),X(2,:))),times(plus(X(2,:),X(1,:)),X(2,:))),square(X(2,:))))))))"
1,2,235,"square(plus(plus(plus(X(1,:),square(times(cos(minus(X(2,:),square(X(1,:)))),X(1,:)))),tanh(X(1,:))),times(plus(minus(cos(cos(minus(X(2,:),square(X(1,:))))),sin(plus(cos([79.7189]),[79.7169]))),tanh(tanh(tanh(X(1,:))))),X(2,:))))"
1,2,236,"plus(plus(times(sin(sin(X(2,:))),[91.7834]),times(plus(times(exp(X(2,:)),sin(X(1,:))),times(times(exp(sin(plus(X(1,:),X(1,:)))),tanh(times(X(1,:),[91.9481]))),plus(plus(square(X(2,:)),exp(X(1,:))),exp(X(1,:))))),plus(exp(sin(X(2,:))),[91.8901]))),times(plus(times(negexp(X(1,:)),sin(X(1,:))),times(times(exp(sin(sin(plus(X(1,:),[91.8094])))),tanh(times(X(1,:),square(exp(X(1,:)))))),plus(square(X(2,:)),exp(X(1,:))))),plus(square(sin(times(exp(sin(X(2,:))),tanh(times(exp(X(1,:)),[91.7834]))))),plus(plus(square(X(2,:)),[91.7676]),[91.9233]))))"
1,2,237,"times(plus(minus(cos(plus(minus(plus(minus(plus(X(2,:),X(1,:)),sin(X(2,:))),X(1,:)),sin(X(2,:))),plus(minus(X(2,:),X(1,:)),plus(minus(plus(X(2,:),X(1,:)),exp(X(1,:))),sin(exp(X(1,:))))))),sin(square(plus(square(X(2,:)),[81.3163])))),plus(minus(cos(plus(minus(plus(times(X(1,:),X(1,:)),X(1,:)),sin(sin(X(1,:)))),sin(exp(X(1,:))))),sin(square(plus(square(X(2,:)),[81.3163])))),X(2,:))),plus(plus(X(2,:),X(1,:)),X(1,:)))"
1,2,238,"times(plus(plus(X(1,:),negexp(times(X(1,:),X(1,:)))),plus(plus(plus(X(1,:),negexp(times(X(1,:),X(1,:)))),tanh(cos(sin(X(1,:))))),negexp(exp(times(minus(X(1,:),minus(tanh(X(2,:)),sin(X(1,:)))),X(2,:)))))),times(exp(sin(sin(times(times([6.0075],times(X(1,:),X(2,:))),[-92.5886])))),X(2,:)))"
1,2,239,"times(square(tanh(exp(cos(sin(exp(X(1,:))))))),plus(times(sin(negexp(negexp(X(1,:)))),sin(negexp(negexp(plus(sin(exp(X(1,:))),plus(exp(X(1,:)),exp(X(1,:)))))))),times(sin(times(times(plus(exp(X(1,:)),times(X(1,:),X(1,:))),minus(tanh([-66.1824]),cos(X(2,:)))),[92.4032])),[48.3731])))"
1,2,240,"minus(plus(square(X(1,:)),cos(plus(square(sin(times(times(X(1,:),cos(X(1,:))),X(2,:)))),square(X(1,:))))),times(minus(X(2,:),times(X(1,:),minus(cos(plus(plus(square(X(1,:)),cos(X(2,:))),cos(X(1,:)))),sin(sin(square(X(1,:))))))),minus(X(2,:),times(times(X(1,:),minus(cos(plus(square(X(1,:)),X(2,:))),sin(plus(square(X(1,:)),cos(X(1,:)))))),sin(times(times(X(1,:),X(2,:)),negexp(X(2,:))))))))"
1,2,241,"plus(plus(plus(plus(plus(square(X(2,:)),plus(plus(plus(X(1,:),X(2,:)),cos(plus(X(1,:),X(2,:)))),plus(plus(X(1,:),X(2,:)),sin(sin([-97.9370]))))),tanh(plus(plus(plus(X(1,:),X(2,:)),X(2,:)),sin(X(2,:))))),square(X(1,:))),X(2,:)),tanh(plus(plus(plus(plus(plus(X(1,:),X(2,:)),sin([-98.0468])),X(2,:)),X(2,:)),cos(plus(X(1,:),X(2,:))))))"
1,2,242,"square(plus(square(plus(plus(plus(X(2,:),X(2,:)),X(2,:)),minus(exp(cos(exp(X(1,:)))),negexp(sin(plus(sin(X(1,:)),times([-37.7869],X(1,:)))))))),square(plus(plus(plus([-59.6698],plus(X(2,:),X(2,:))),plus(X(2,:),X(2,:))),X(2,:)))))"
1,2,243,"minus(square(minus(X(2,:),square(X(2,:)))),minus(minus(minus(square(X(2,:)),X(2,:)),X(1,:)),minus(square(minus(square(X(2,:)),X(2,:))),minus(minus(minus(square(X(2,:)),sin(X(2,:))),X(1,:)),minus(minus(times(square(X(1,:)),X(1,:)),minus(square(X(2,:)),plus(square([-39.4426]),X(2,:)))),square(X(1,:)))))))"
1,2,244,"plus(plus(times(tanh(plus(times(tanh(tanh(X(1,:))),square(X(2,:))),times(X(1,:),plus(times(tanh(X(1,:)),square(X(1,:))),square(tanh(X(1,:))))))),times(tanh(times(tanh(X(1,:)),square(X(2,:)))),square(X(2,:)))),times(X(1,:),plus(times(tanh(X(1,:)),square(X(2,:))),square(X(1,:))))),plus(square(X(2,:)),times(tanh(times(tanh(X(1,:)),square(X(1,:)))),plus(plus(times(X(1,:),square(X(2,:))),square(X(2,:))),square(X(2,:))))))"
1,2,245,"minus(minus(X(1,:),minus(plus(sin(X(2,:)),minus(minus(plus(X(1,:),square(square([-74.0220]))),X(2,:)),X(2,:))),X(2,:))),minus(minus(plus(sin(sin(sin(times(X(2,:),X(2,:))))),minus(minus(minus(minus(times(X(1,:),[-1.0138]),X(2,:)),X(2,:)),X(2,:)),X(2,:))),X(2,:)),X(2,:)))"
1,2,246,"square(plus(times(plus(X(1,:),minus(minus(cos(sin(sin(X(2,:)))),negexp(tanh(minus(X(2,:),X(1,:))))),cos(sin(cos(X(2,:)))))),negexp(minus(minus(tanh(plus(cos(X(2,:)),X(1,:))),negexp(tanh(X(1,:)))),negexp(tanh(plus(cos(X(2,:)),X(1,:))))))),X(2,:)))"
1,2,247,"times(tanh(plus(minus(plus(minus(plus(X(1,:),X(1,:)),negexp(cos([60.5232]))),tanh([-36.3737])),negexp(cos(square(square(X(1,:)))))),tanh([-36.5308]))),negexp(times(tanh(plus(minus(X(1,:),cos([60.5415])),sin(exp(X(1,:))))),negexp(plus(plus(tanh(cos(X(1,:))),square(X(1,:))),cos(plus(times(X(2,:),tanh([-36.5308])),sin(cos([60.5415])))))))))"
1,2,248,"plus(times(minus(minus(minus(minus(minus(minus([25.4436],cos(X(1,:))),cos(X(1,:))),cos(X(1,:))),cos(minus(minus([25.4436],cos(X(1,:))),cos(X(1,:))))),cos(minus(minus(minus([25.4436],cos(X(1,:))),cos(X(1,:))),cos(X(1,:))))),cos(minus(minus(minus(minus([25.4436],cos(X(1,:))),cos(X(1,:))),cos(X(1,:))),cos(X(1,:))))),plus(times([79.6351],plus(cos(X(2,:)),X(2,:))),plus(plus(cos(X(2,:)),square(plus(cos(cos(X(1,:))),square(X(1,:))))),square(times(X(1,:),square(X(1,:))))))),X(2,:))"
1,2,249,"square(plus(plus(plus(plus(plus(plus(X(1,:),negexp([23.5002])),negexp([23.0895])),X(2,:)),X(2,:)),plus(plus(plus(plus(X(1,:),negexp([23.5002])),times(X(1,:),X(2,:))),square(plus(plus(X(1,:),negexp([22.8897])),negexp([23.2123])))),plus(X(1,:),negexp([23.3606])))),plus(plus(plus(times(X(1,:),X(2,:)),X(2,:)),plus(plus(X(1,:),square(plus(X(1,:),X(2,:)))),plus([26.2086],square(plus(X(1,:),X(2,:)))))),plus(plus(plus(plus(X(1,:),negexp([23.5002])),negexp(sin(cos(X(1,:))))),X(2,:)),plus(plus(X(1,:),X(2,:)),plus(X(1,:),plus(X(2,:),square(plus(X(1,:),X(2,:))))))))))"
1,2,250,"times(square(times(tanh(times(square(X(1,:)),exp(exp(tanh(plus(X(2,:),X(2,:))))))),times(X(1,:),exp(square(exp(tanh(X(2,:)))))))),square(times(tanh(negexp(cos(X(1,:)))),times(X(1,:),times(tanh(square(X(1,:))),exp(square(exp(tanh(X(2,:))))))))))"
1,2,251,"times(plus(plus([-29.3242],square(X(2,:))),X(2,:)),plus(plus(plus(plus(plus(plus(plus(X(2,:),[-21.8725]),X(2,:)),plus([-5.3955],[73.8681])),plus(plus(cos(X(2,:)),X(2,:)),times(plus(plus(X(2,:),X(2,:)),X(2,:)),times(X(2,:),X(2,:))))),plus(plus(plus(X(2,:),plus([65.8417],X(2,:))),plus(plus(X(2,:),X(2,:)),plus(plus(X(2,:),X(2,:)),X(2,:)))),plus(plus(square(X(1,:)),plus(X(2,:),X(1,:))),square(minus([-53.9440],X(2,:)))))),negexp(plus([-5.3254],plus(plus(X(1,:),X(2,:)),minus(X(2,:),X(2,:)))))),times(plus(plus(plus(plus(plus(plus(X(2,:),[-21.8139]),X(2,:)),plus(X(2,:),[-21.8743])),plus(plus(X(2,:),X(2,:)),X(2,:))),plus(plus(plus(X(2,:),plus(X(2,:),X(2,:))),plus(plus(X(2,:),X(2,:)),plus(X(2,:),X(2,:)))),plus(plus(X(2,:),X(2,:)),plus(X(2,:),[-21.6465])))),times(plus(X(1,:),plus(X(2,:),[-21.8139])),square(X(1,:)))),square([65.8417]))))"
1,2,252,"times(square(square([30.6566])),minus(minus(minus(minus(square(X(1,:)),minus(X(2,:),negexp(X(2,:)))),minus(square(negexp(square(X(1,:)))),negexp(X(2,:)))),minus(negexp(square(square(X(1,:)))),negexp(square(minus(X(2,:),negexp(X(2,:))))))),minus(square(negexp(exp(times(minus(X(2,:),negexp(X(2,:))),X(1,:))))),negexp(square(X(2,:))))))"
1,2,253,"minus(times(minus([-91.7692],minus(minus(square(X(1,:)),minus(X(2,:),negexp(tanh(negexp(X(2,:)))))),X(2,:))),minus(X(2,:),minus(plus([12.0868],X(1,:)),X(2,:)))),minus(times(minus(plus(plus(plus([12.4035],exp(X(1,:))),exp(X(1,:))),minus(exp(X(1,:)),tanh([-91.7692]))),X(2,:)),sin(minus(minus(exp(X(1,:)),tanh(minus(X(1,:),X(1,:)))),sin(cos(X(1,:)))))),minus(minus(minus(X(1,:),negexp(tanh(plus(plus(X(2,:),X(1,:)),X(1,:))))),negexp(tanh(X(2,:)))),minus(X(1,:),times(minus(plus(X(2,:),X(1,:)),sin(tanh(minus(X(2,:),[-29.4975])))),exp(tanh(X(1,:))))))))"
1,2,254,"plus(plus(minus(X(1,:),minus(plus(minus(minus(plus([63.8936],X(2,:)),exp(X(1,:))),exp(X(1,:))),square(minus(X(1,:),square(X(1,:))))),square(X(1,:)))),plus(minus(plus(minus(minus(X(2,:),exp(X(1,:))),exp(X(1,:))),square(minus(X(1,:),square(X(1,:))))),square(X(1,:))),cos(plus(minus(minus(X(2,:),exp(X(1,:))),exp(square(square(X(1,:))))),square(exp(X(1,:))))))),plus(minus(X(2,:),square(X(1,:))),plus(minus(plus(minus(minus(X(2,:),exp(X(1,:))),exp(X(1,:))),square(minus(X(1,:),square(X(1,:))))),square(X(1,:))),negexp(plus(X(2,:),exp(plus(X(2,:),exp(X(1,:)))))))))"
1,2,255,"times(times(times(square(times(minus([-8.0125],X(1,:)),minus(X(2,:),X(1,:)))),negexp(negexp(negexp(square(times([-1.6597],minus(X(2,:),X(1,:)))))))),sin(sin(sin(exp(exp(sin(times([-1.4612],[-55.9318])))))))),exp(negexp(square(plus(sin(exp(X(2,:))),cos(X(1,:)))))))"
1,2,256,"square(minus(minus(cos(plus(times([-66.9093],X(1,:)),negexp(square(minus(sin(X(2,:)),negexp(X(2,:))))))),minus(minus(minus(exp(sin(square(X(2,:)))),cos(square(plus(X(1,:),[-90.7599])))),cos(square(plus(X(1,:),[-90.7599])))),cos(square(plus(X(1,:),[-90.7599]))))),plus(exp(sin(square(X(2,:)))),minus(minus(exp(sin(square(X(2,:)))),cos(square(plus(plus(X(1,:),[-90.7599]),[-90.6391])))),cos(square(plus(X(1,:),[-90.7599])))))))"
1,2,257,"square(plus(minus(minus(plus(X(1,:),X(2,:)),sin(sin(square(square(X(1,:)))))),sin(minus(plus(X(1,:),X(2,:)),sin(plus(exp(plus(X(1,:),X(2,:))),X(2,:)))))),plus(minus(minus(tanh(X(1,:)),sin(sin(square(X(1,:))))),sin(square(X(1,:)))),X(2,:))))"
1,2,258,"plus(plus(times([8.6206],plus(square(plus(X(2,:),X(1,:))),X(1,:))),times(square(plus(X(2,:),X(1,:))),cos(X(1,:)))),times(square(cos(plus(X(2,:),square(plus(square(plus(X(2,:),X(2,:))),X(1,:)))))),plus(plus(minus(times([45.4143],X(1,:)),square([8.7775])),times(sin(times(square(X(1,:)),cos(plus(X(2,:),X(1,:))))),square([9.0120]))),times(sin(times(minus(times([45.2519],plus(X(2,:),X(1,:))),plus(X(2,:),X(2,:))),cos(X(1,:)))),[9.0120]))))"
1,2,259,"square(times(plus(plus(X(2,:),times(X(2,:),X(1,:))),times(X(2,:),X(1,:))),cos(plus(minus(sin(sin(exp(plus(X(1,:),X(1,:))))),times(negexp(negexp(X(1,:))),times(tanh(X(2,:)),[94.0457]))),negexp(X(1,:))))))"
1,2,260,"square(plus(plus(cos(plus(cos(minus(cos(X(2,:)),[-17.4434])),times(negexp(cos(X(2,:))),minus(X(2,:),tanh(negexp(X(2,:))))))),plus(times(X(2,:),minus(X(2,:),[-17.4671])),plus(plus(plus(X(2,:),X(2,:)),plus(times(X(2,:),X(1,:)),X(1,:))),minus(X(2,:),[-17.6352])))),minus(plus(plus(square(X(1,:)),plus(times(X(2,:),square(X(2,:))),times(X(2,:),X(1,:)))),minus(X(2,:),[-17.4685])),[-17.4685])))"
1,2,261,"square(minus(plus(X(2,:),minus(plus(X(2,:),X(1,:)),cos([-14.9860]))),negexp(plus(tanh(times(plus(sin(negexp(X(2,:))),sin(negexp(X(2,:)))),sin(X(1,:)))),tanh(X(1,:))))))"
1,2,262,"minus(plus(minus(minus(negexp(minus(cos(exp(tanh(X(2,:)))),negexp(sin(negexp(X(1,:)))))),square(plus(X(1,:),X(2,:)))),times(X(1,:),cos(minus(cos(exp(plus(X(1,:),X(2,:)))),X(1,:))))),minus(exp(exp(tanh(negexp(sin(negexp(X(1,:))))))),times(plus(plus(X(1,:),X(2,:)),tanh(minus(exp(plus(X(1,:),X(2,:))),X(1,:)))),cos(minus(cos(exp(plus(X(1,:),X(1,:)))),X(1,:)))))),negexp(negexp(minus(square(plus(X(1,:),plus(exp(plus(X(1,:),X(1,:))),plus(plus(X(1,:),X(1,:)),negexp(X(1,:)))))),negexp(minus(X(1,:),negexp(sin(negexp(X(1,:))))))))))"
1,2,263,"times(plus(plus(plus(plus(X(1,:),X(2,:)),plus(plus(X(1,:),X(2,:)),sin(tanh(tanh(tanh(X(2,:))))))),plus(plus(X(1,:),X(2,:)),sin(X(2,:)))),tanh(X(2,:))),minus(minus(cos(minus([88.0557],square(X(1,:)))),cos(times(minus(cos(minus([88.0172],square(X(1,:)))),plus(X(2,:),X(2,:))),square(square(X(1,:)))))),cos(times(minus(square(square(X(1,:))),plus(X(2,:),X(2,:))),sin(negexp(minus(plus(X(1,:),X(2,:)),square(X(1,:)))))))))"
1,2,264,"minus(minus(times(X(2,:),X(2,:)),square(exp(plus(tanh(sin(sin([32.5926]))),sin(plus(sin([32.7487]),sin(times([-57.0826],X(1,:))))))))),minus(minus(X(2,:),minus(exp([32.6740]),minus(sin(sin(sin([32.5926]))),minus(exp([32.6740]),minus(X(2,:),minus(X(2,:),X(1,:))))))),square(X(1,:))))"
1,2,265,"plus(plus(plus(plus(plus(plus(plus(plus(X(2,:),[-87.5406]),[-87.5406]),plus(plus(plus(X(2,:),[-87.5406]),[-87.5406]),plus(X(2,:),plus(X(2,:),X(1,:))))),plus(plus(X(1,:),[-87.5406]),plus(X(2,:),plus(X(2,:),plus(X(2,:),X(1,:)))))),plus(plus(plus(plus(plus(X(2,:),[-87.5406]),[-87.5406]),[-87.4760]),[-87.4305]),[-87.5316])),plus(X(2,:),[-87.5406])),X(1,:)),plus(plus(sin(cos(sin([-87.4305]))),plus(plus(plus(plus(X(2,:),[-87.4760]),[-87.4305]),[-87.5316]),X(1,:))),plus(plus(plus(X(2,:),plus(square(X(1,:)),times(X(2,:),X(2,:)))),[-87.4305]),[-87.5406])))"
1,2,266,"plus(times(plus(times(times(X(2,:),minus(X(1,:),minus(plus(X(2,:),X(1,:)),[87.8887]))),minus(minus(sin(square(plus(X(2,:),X(1,:)))),plus(times(minus([19.7110],X(2,:)),minus([19.7110],X(2,:))),plus(X(2,:),X(1,:)))),plus(times(minus(minus([19.7110],X(2,:)),X(2,:)),minus([19.7110],X(2,:))),times(sin(X(2,:)),minus([19.7110],X(2,:)))))),minus(times(minus([19.7110],times(sin(sin(X(2,:))),minus([19.7110],X(2,:)))),plus([19.7110],plus(X(2,:),X(1,:)))),minus(square(plus(plus(sin(X(2,:)),plus(X(2,:),X(1,:))),X(1,:))),times(X(2,:),minus(square(plus(X(2,:),X(1,:))),minus(plus(X(2,:),X(2,:)),[88.0321])))))),minus([19.7110],minus([19.7110],[88.0321]))),minus(minus(minus(square(times(X(1,:),X(1,:))),cos(sin(X(1,:)))),times(times(sin(square(plus(X(2,:),X(1,:)))),minus(minus([19.7110],X(2,:)),minus(exp(X(2,:)),[88.1179]))),minus(minus(X(2,:),plus(times(minus([19.7110],X(2,:)),minus([19.7110],X(2,:))),plus(X(1,:),plus(X(2,:),X(1,:))))),plus(times(minus(minus([19.7110],X(1,:)),X(2,:)),minus(minus([19.7110],X(2,:)),X(1,:))),times(sin(X(2,:)),minus([19.7110],X(2,:))))))),X(2,:)))"
1,2,267,"square(plus(plus(plus(X(1,:),sin(plus(X(1,:),X(2,:)))),plus(plus(plus(X(1,:),plus(X(1,:),[-13.1200])),tanh(plus(cos(square(X(2,:))),sin(square(X(2,:)))))),negexp(exp(plus(X(1,:),X(2,:)))))),sin(exp(X(1,:)))))"
1,2,268,"plus(plus(plus(times(X(1,:),minus(X(1,:),[88.7327])),times(X(2,:),plus(X(1,:),plus(X(1,:),X(1,:))))),negexp(X(2,:))),plus(plus(plus(times(plus(times(X(1,:),minus(X(1,:),X(2,:))),X(1,:)),minus(X(1,:),X(2,:))),negexp(X(2,:))),negexp(times(tanh(square(minus(cos(X(1,:)),negexp(X(1,:))))),X(2,:)))),negexp(times(tanh(square(minus(cos(X(1,:)),negexp(minus(X(1,:),X(2,:)))))),X(2,:)))))"
1,2,269,"plus(plus(X(2,:),plus(plus(minus(plus(minus(X(2,:),X(1,:)),plus(X(2,:),plus(X(1,:),X(2,:)))),X(2,:)),X(1,:)),plus(plus(X(2,:),plus(plus(X(2,:),X(2,:)),X(2,:))),plus(minus(X(2,:),X(1,:)),X(1,:))))),X(2,:))"
1,2,270,"plus(plus(minus(minus(minus(exp(plus(X(1,:),X(2,:))),plus(X(1,:),square(tanh(X(1,:))))),plus(X(1,:),minus(negexp(plus(X(2,:),X(1,:))),plus(X(2,:),[-17.9804])))),times(minus(minus(exp(X(2,:)),plus(X(1,:),negexp(X(1,:)))),plus(sin(X(1,:)),minus(negexp(X(2,:)),plus(square(X(1,:)),negexp(X(1,:)))))),tanh(X(1,:)))),square(minus(minus(minus(exp(X(2,:)),plus(X(1,:),[-5.0356])),plus(negexp(X(1,:)),minus(plus(sin(X(1,:)),[-5.0356]),plus(square(X(1,:)),negexp(X(1,:)))))),times(minus(minus(tanh(X(1,:)),X(2,:)),sin(plus(X(2,:),[-17.9804]))),tanh(exp(plus(square(X(1,:)),X(2,:)))))))),square(minus(minus(minus(X(1,:),plus(tanh(X(1,:)),[-5.0356])),plus(minus(tanh(X(1,:)),X(2,:)),minus(negexp(exp(X(2,:))),plus(square(X(1,:)),negexp(X(1,:)))))),times(minus(minus(tanh(plus(tanh(X(1,:)),negexp(X(2,:)))),X(2,:)),sin(plus(X(2,:),[-17.8931]))),tanh(plus(X(1,:),square(X(1,:))))))))"
1,2,271,"square(minus(sin(tanh(tanh(X(2,:)))),negexp(square(tanh(plus(square(times(cos(X(1,:)),tanh(X(1,:)))),plus(square(times(X(1,:),X(2,:))),square(tanh(X(1,:))))))))))"
1,2,272,"square(square(minus(minus(plus(X(1,:),minus(minus(plus(X(1,:),X(1,:)),cos(X(2,:))),exp(cos(exp(X(2,:)))))),cos(minus(plus(times([-66.0901],X(2,:)),square(exp(X(2,:)))),minus(times(X(1,:),[-45.1136]),sin(X(1,:)))))),exp(cos(square(square(cos([-44.9398]))))))))"
1,2,273,"times(square(times([23.6616],exp(sin(sin(tanh(X(2,:))))))),times(plus(X(1,:),negexp(square(times(cos(minus(minus(X(2,:),X(2,:)),times([24.3602],X(2,:)))),plus(tanh([98.4888]),X(1,:)))))),plus(plus(plus(plus(X(1,:),minus(X(1,:),[-2.9621])),X(2,:)),minus(X(1,:),[-3.0758])),X(2,:))))"
1,2,274,"square(times(negexp(tanh(negexp(tanh(tanh([65.8132]))))),times(minus(times(minus(X(1,:),X(2,:)),minus(minus(exp(cos(X(1,:))),[18.0297]),tanh(sin(times(X(1,:),X(2,:)))))),X(2,:)),[66.3050])))"
1,2,275,"times(square(plus(minus(X(1,:),X(2,:)),X(1,:))),square(minus(minus(minus(minus(minus([29.7495],times(minus([27.8785],X(1,:)),X(1,:))),minus(minus(sin(X(2,:)),[29.7495]),[29.6654])),minus(minus(minus([-98.2141],X(2,:)),minus([28.0084],sin(X(1,:)))),plus(minus(X(1,:),exp(X(2,:))),X(1,:)))),[-88.3235]),square([28.0084]))))"
1,2,276,"square(times(times(times(plus(minus(times(square(X(2,:)),plus(minus(X(1,:),X(2,:)),plus(X(2,:),[61.5787]))),square(minus(cos(X(2,:)),square(X(1,:))))),tanh(plus(tanh(square(X(1,:))),plus(tanh(X(1,:)),X(1,:))))),X(2,:)),tanh(minus(X(2,:),sin(tanh(X(2,:)))))),plus(X(2,:),plus(X(2,:),X(2,:)))))"
1,2,277,"minus(minus(times(X(2,:),plus(plus(times(times(X(2,:),X(1,:)),tanh([-42.9429])),square(X(2,:))),plus(plus(plus([58.0145],times(times(X(2,:),X(1,:)),X(1,:))),times(times(X(2,:),X(1,:)),X(2,:))),plus([57.7460],times(times(X(2,:),X(1,:)),X(1,:)))))),negexp(X(1,:))),plus(plus(plus(plus(plus(plus(times(X(2,:),X(2,:)),times(times(X(2,:),X(1,:)),X(2,:))),times(X(1,:),[-43.2039])),plus(times(X(2,:),X(1,:)),times(times(X(2,:),X(1,:)),X(2,:)))),times(times(X(2,:),X(1,:)),X(2,:))),times(X(1,:),[-43.1338])),plus(times(X(2,:),X(1,:)),times(times(X(2,:),X(1,:)),X(2,:)))))"
1,2,278,"plus(plus(minus(plus(plus(plus(minus(plus(negexp(X(2,:)),X(1,:)),cos(X(2,:))),plus(plus(negexp(X(2,:)),X(2,:)),X(1,:))),plus(plus(negexp(X(2,:)),X(2,:)),negexp(plus(cos(X(2,:)),X(2,:))))),plus(minus(plus(sin(X(2,:)),plus(negexp(X(2,:)),X(1,:))),cos(plus(negexp(X(1,:)),X(2,:)))),plus(X(2,:),[51.9929]))),negexp(exp(minus(plus(cos(X(1,:)),X(2,:)),plus(plus(negexp(X(2,:)),X(1,:)),X(1,:)))))),exp(X(1,:))),negexp(plus(plus(cos(X(2,:)),X(2,:)),cos(negexp(plus(cos(X(2,:)),X(2,:)))))))"
1,2,279,"plus(plus(plus(square(minus(X(1,:),X(2,:))),times(square(exp(square(cos(tanh(X(1,:)))))),square(minus(X(1,:),X(2,:))))),times(square(exp(cos(exp(tanh(X(2,:)))))),square(minus(X(1,:),X(2,:))))),plus(plus(tanh(minus(plus(tanh(X(1,:)),X(1,:)),cos(exp(cos(tanh(X(1,:))))))),times(square(exp(square(cos(tanh(X(1,:)))))),square(minus(X(1,:),X(2,:))))),times(square(exp(cos(exp(tanh(X(2,:)))))),square(minus(X(1,:),X(2,:))))))"
1,2,280,"times(times(square(plus(X(2,:),plus(plus(X(2,:),negexp(tanh(tanh(X(1,:))))),square(sin(minus([71.0627],X(1,:))))))),negexp(X(1,:))),minus(sin(times(times(square(minus(sin(plus(X(2,:),X(1,:))),plus(minus([71.2434],X(1,:)),exp(X(1,:))))),minus(sin(times(X(2,:),plus(X(1,:),X(1,:)))),sin(sin(X(1,:))))),plus(X(1,:),X(1,:)))),sin(sin(plus(X(2,:),X(1,:))))))"
1,2,281,"minus(square(times(square(sin(times(times(minus(square([-35.8866]),minus(X(2,:),X(2,:))),plus(cos(X(1,:)),minus([14.7094],X(1,:)))),square(exp(minus(X(2,:),[-68.9282])))))),negexp(X(1,:)))),minus(minus(square(exp(tanh(X(2,:)))),exp(plus(X(1,:),X(2,:)))),exp(plus(X(1,:),X(2,:)))))"
1,2,282,"times(cos(negexp(minus(X(1,:),plus(plus(times([63.8272],X(1,:)),[-26.5426]),times([63.8272],X(2,:)))))),minus(plus(plus(negexp(minus(X(1,:),cos(plus(times(X(2,:),X(2,:)),X(1,:))))),negexp(minus(X(1,:),cos(plus(times(X(2,:),X(2,:)),X(1,:)))))),times([63.7647],X(2,:))),exp(exp(cos(plus(times([63.8688],X(1,:)),X(1,:)))))))"
1,2,283,"plus(tanh(times(tanh(minus(square(tanh(X(1,:))),times(X(1,:),negexp(times(X(2,:),X(1,:)))))),times(negexp(cos(square(square(times(X(2,:),X(1,:)))))),times(X(2,:),[44.5789])))),times(exp(cos(cos(square(X(1,:))))),times(square(times(X(2,:),X(1,:))),square(sin(times(plus(X(1,:),times(X(2,:),[44.6973])),times(plus(plus(X(2,:),X(1,:)),X(1,:)),[44.4792])))))))"
1,2,284,"square(square(minus(cos(square(plus(tanh(sin([89.9656])),sin(plus(X(2,:),X(2,:)))))),times(plus(exp(negexp(negexp(exp(X(1,:))))),X(2,:)),plus(exp(tanh([89.9678])),exp(negexp(tanh(exp(X(1,:))))))))))"
1,2,285,"square(plus(plus(plus(X(2,:),X(1,:)),tanh(sin(tanh(times(X(2,:),[3.4947]))))),cos(plus(X(2,:),negexp(sin(times(X(2,:),[3.3532])))))))"
1,2,286,"plus(times(cos(plus(plus(X(2,:),times(X(2,:),X(1,:))),X(1,:))),plus(sin(plus(plus(X(2,:),times(plus(tanh(X(2,:)),X(1,:)),X(1,:))),times(X(2,:),X(1,:)))),plus(times(cos(X(2,:)),plus(sin([19.2785]),plus(times(cos(X(2,:)),X(1,:)),times(X(2,:),X(1,:))))),plus(X(2,:),times(X(2,:),X(1,:)))))),plus(X(2,:),times(X(2,:),X(1,:))))"
1,2,287,"times(sin(square(plus(square(plus(X(2,:),square(plus(X(1,:),X(2,:))))),square(plus(X(1,:),X(2,:)))))),plus(plus(plus(plus(plus(X(1,:),plus(X(1,:),X(2,:))),cos(sin(X(2,:)))),plus(plus(plus(X(1,:),sin(square(X(1,:)))),plus(X(1,:),X(2,:))),X(2,:))),plus(plus(X(1,:),plus(X(1,:),X(2,:))),X(2,:))),X(2,:)))"
1,2,288,"plus(plus(minus(times(square(cos(negexp(minus(plus([-47.7683],X(1,:)),X(1,:))))),plus(X(1,:),X(2,:))),plus(cos(minus(plus([-47.6291],X(1,:)),X(2,:))),sin(cos(plus(X(2,:),X(2,:)))))),minus(times(minus(cos(negexp(minus(plus([-47.7683],X(1,:)),X(1,:)))),sin(exp(plus(X(2,:),X(1,:))))),times(square(cos(negexp(plus(X(2,:),X(2,:))))),X(1,:))),plus(cos(minus(plus([-47.5793],X(1,:)),X(2,:))),sin(cos(plus(X(2,:),X(2,:))))))),plus(minus(times(negexp(cos(negexp(minus([-53.8806],X(1,:))))),times(square(cos(negexp(minus([-54.1537],X(1,:))))),X(1,:))),plus(cos(minus(plus([-47.5736],X(1,:)),X(2,:))),sin(cos(plus(X(2,:),X(2,:)))))),times(square(cos(plus(cos(plus(X(1,:),X(2,:))),sin(cos(plus(X(2,:),X(2,:))))))),times(square(cos(negexp(minus(plus([-47.7683],X(1,:)),X(1,:))))),X(1,:)))))"
1,2,289,"plus(plus(minus(plus(tanh(square(square(tanh(square(X(2,:)))))),X(2,:)),negexp(negexp(square(tanh(sin(tanh(X(1,:)))))))),plus(plus(plus(minus(X(2,:),minus(square(X(2,:)),square(X(1,:)))),minus(X(1,:),sin(square(times([11.4331],X(1,:)))))),minus(X(1,:),sin(square(times([11.3343],times([11.4331],X(1,:))))))),X(1,:))),minus(X(1,:),sin(minus(plus(tanh(square(X(2,:))),X(2,:)),[-3.0405]))))"
1,2,290,"minus(minus(times(minus(times(square(X(1,:)),negexp([-7.5321])),square(minus(minus([97.9674],X(1,:)),X(1,:)))),negexp([-7.4636])),square(minus(minus(cos(times(negexp(X(1,:)),cos(X(1,:)))),times(negexp([-7.6369]),exp(cos(tanh([-68.1027]))))),minus([97.9674],X(1,:))))),minus(minus(times(minus(times(square(X(1,:)),negexp([-7.5321])),minus(square(X(1,:)),X(2,:))),negexp([-7.4250])),times(minus(minus(negexp(X(1,:)),exp(exp(cos(X(2,:))))),exp(X(1,:))),negexp([-7.6369]))),times(minus(negexp(X(1,:)),exp(exp(cos(X(2,:))))),negexp(plus(X(1,:),X(1,:))))))"
1,2,291,"plus(minus(plus(plus(X(2,:),plus(square(minus(minus(X(2,:),X(1,:)),minus(plus(X(2,:),X(2,:)),tanh(X(1,:))))),plus(plus(X(2,:),plus(X(1,:),cos(X(1,:)))),X(2,:)))),square(plus(X(1,:),plus(tanh(X(1,:)),cos(plus(cos(X(2,:)),cos([61.9112]))))))),tanh(plus(plus(X(1,:),plus(tanh(plus(X(1,:),cos(X(1,:)))),cos(X(1,:)))),tanh(plus(cos(X(1,:)),cos(plus(cos(X(2,:)),cos(X(1,:))))))))),plus(square(minus(minus(minus([-12.8533],X(1,:)),X(1,:)),X(1,:))),X(2,:)))"
1,2,292,"plus(plus(plus(plus(plus(exp(X(1,:)),sin(sin(plus(sin(X(1,:)),negexp(X(2,:)))))),plus(plus(plus(sin(X(1,:)),sin(sin(X(2,:)))),times(X(2,:),X(2,:))),plus(plus(exp(X(1,:)),sin(X(1,:))),sin(X(1,:))))),plus(plus(plus(sin(X(1,:)),sin(sin(tanh(X(2,:))))),times(X(2,:),X(2,:))),plus(plus(exp(X(1,:)),X(2,:)),sin(X(1,:))))),square(X(2,:))),plus(plus(plus(plus(exp(X(1,:)),sin(X(1,:))),sin(X(1,:))),plus(plus(plus(sin(X(1,:)),sin(X(1,:))),times(X(2,:),X(2,:))),plus(plus(exp(X(1,:)),sin(X(1,:))),sin(X(1,:))))),plus(plus(plus(sin(X(1,:)),X(2,:)),plus(plus(sin(X(1,:)),sin(plus(sin(X(1,:)),sin(X(1,:))))),times(X(2,:),X(2,:)))),plus(plus(exp(plus(X(1,:),sin(X(1,:)))),sin(sin(plus(sin(X(1,:)),sin(X(1,:)))))),sin(X(1,:))))))"
1,2,293,"plus(minus(minus(X(2,:),[-46.3128]),minus(minus(square(negexp(negexp(tanh(X(1,:))))),X(2,:)),X(2,:))),plus(X(2,:),minus(plus(minus(minus(minus(minus(X(2,:),[-46.4376]),[-46.4376]),[-46.1937]),[-46.3819]),plus(plus(minus(minus(X(2,:),[-46.4376]),minus(minus([-78.4626],X(2,:)),X(2,:))),X(1,:)),cos(negexp(X(1,:))))),minus(sin(square(negexp(negexp(tanh(X(1,:)))))),plus(minus(minus(minus(X(2,:),[-78.4626]),[-46.4376]),[-46.4376]),minus(minus(X(2,:),[-46.1937]),[-46.3819]))))))"
1,2,294,"plus(plus(plus(times(negexp(plus(square(square(square(X(1,:)))),tanh(X(2,:)))),[45.0218]),plus(square(plus(X(2,:),X(2,:))),square(negexp(X(2,:))))),plus(plus(plus(square(plus(X(2,:),X(2,:))),square(negexp(X(2,:)))),square(times(square(X(1,:)),X(1,:)))),square(times(times(plus(negexp(tanh(X(2,:))),negexp(tanh(X(2,:)))),X(1,:)),plus(negexp(tanh(tanh(X(2,:)))),plus(negexp(tanh(X(2,:))),negexp(tanh(X(2,:))))))))),square(times(minus(square(X(1,:)),times(negexp(plus(square(square(X(1,:))),tanh(plus(X(2,:),X(1,:))))),[45.4038])),X(1,:))))"
1,2,295,"times(plus(cos(cos(square(times(negexp(X(2,:)),times(X(2,:),X(2,:)))))),tanh(sin(plus(tanh(exp(tanh(times(X(1,:),[49.4087])))),plus(sin(cos(exp(X(1,:)))),negexp(tanh(square([-19.4370])))))))),sin(negexp(plus(negexp(tanh(square(X(1,:)))),plus(sin(sin(cos(exp(X(1,:))))),negexp(tanh(plus(X(2,:),X(1,:)))))))))"
1,2,296,"square(minus(plus(minus(plus(X(2,:),times([11.9019],square(X(2,:)))),cos(minus(plus(square(X(2,:)),times([11.8480],square(X(2,:)))),cos(X(2,:))))),minus(plus(plus(plus(cos(X(2,:)),square(tanh(X(2,:)))),square(tanh(X(2,:)))),times([11.8480],square(exp(tanh(X(1,:)))))),X(2,:))),[11.8480]))"
1,2,297,"times(square(minus(square(plus(plus(X(1,:),cos(exp(tanh(X(2,:))))),exp(tanh(times([53.3890],exp(X(1,:))))))),cos(square(square(minus(cos(minus([53.1910],X(1,:))),exp(cos(X(1,:))))))))),minus([53.1800],plus(plus(plus(X(1,:),cos(exp(tanh(X(2,:))))),exp(tanh(times([53.2730],exp(X(1,:)))))),cos(exp(tanh(X(2,:)))))))"
1,2,298,"square(plus(minus(times(plus([17.6383],[17.6383]),[-29.7918]),times(X(2,:),minus(times(plus(X(2,:),plus([17.6383],X(1,:))),[-29.6938]),times(X(2,:),X(2,:))))),minus(times(plus(X(2,:),plus(plus([17.6383],X(1,:)),X(1,:))),[-29.7859]),plus(plus(times(X(2,:),X(1,:)),plus(plus([17.6383],times(exp(X(1,:)),cos(X(2,:)))),X(1,:))),X(1,:)))))"
1,2,299,"times(minus(negexp(minus(plus(X(1,:),X(1,:)),negexp(tanh(times(X(2,:),square(X(1,:))))))),plus(minus(minus(plus(square(exp(X(1,:))),[-77.0069]),negexp(sin(negexp(X(1,:))))),times(minus(minus(minus([-15.0297],plus(X(1,:),X(2,:))),plus(X(1,:),X(2,:))),X(2,:)),square(exp(X(1,:))))),plus(plus(tanh(times(minus(minus([-15.0297],X(1,:)),X(2,:)),X(2,:))),plus(square(times(minus([-15.0297],X(1,:)),[-77.0008])),tanh(plus(sin([-49.6235]),negexp(X(1,:)))))),times(minus(plus(minus(X(2,:),X(1,:)),sin(minus(X(2,:),X(1,:)))),X(1,:)),[-77.0008])))),plus(minus(plus(minus(X(2,:),X(1,:)),sin(minus([-49.6235],X(1,:)))),X(1,:)),sin(X(2,:))))"
1,2,300,"minus(minus(minus(minus(square(square(plus(plus(square(X(2,:)),X(1,:)),X(1,:)))),square(square(times(X(2,:),X(1,:))))),times(minus(square(exp(X(1,:))),square(square(times(X(2,:),X(1,:))))),times(plus(plus(plus(square(X(2,:)),X(1,:)),X(1,:)),square(X(2,:))),negexp(sin(plus(X(1,:),[25.6416])))))),plus(minus(square(X(1,:)),exp(X(1,:))),square(square(X(1,:))))),times(minus(times(cos(times(square(X(2,:)),cos(minus(square(X(1,:)),square([-13.4000]))))),square(times(exp(X(1,:)),X(2,:)))),square(square(plus(X(1,:),[26.2124])))),times(plus(square(X(2,:)),X(1,:)),negexp(sin(sin(sin(minus(negexp(X(1,:)),square([74.7479])))))))))"
1,2,301,"minus(plus(minus(plus(square(plus(X(1,:),X(1,:))),square(minus(plus(X(1,:),plus(cos(X(2,:)),cos(X(2,:)))),X(1,:)))),plus(plus(plus(plus(times(times(X(2,:),X(1,:)),times(X(2,:),X(2,:))),plus(cos(X(2,:)),cos(X(2,:)))),plus(cos(exp(X(2,:))),plus(cos(X(2,:)),cos(X(2,:))))),cos(plus(square(X(2,:)),plus([50.2707],plus(X(1,:),[-10.5826]))))),X(2,:))),square(minus(minus(plus(square(X(2,:)),plus([50.1326],plus(X(1,:),[-10.7579]))),cos(plus([50.1326],plus(X(1,:),[-10.5826])))),cos(square(X(2,:)))))),plus(square(square(X(2,:))),plus(square(square(X(2,:))),X(2,:))))"
1,2,302,"plus(exp(X(2,:)),plus(minus(X(1,:),cos(tanh(times(X(2,:),X(2,:))))),plus(cos(exp(plus(cos([25.5765]),tanh(X(2,:))))),plus(plus(exp(X(2,:)),plus(X(1,:),plus(X(2,:),plus(X(1,:),times(X(2,:),X(2,:)))))),plus(minus(X(1,:),cos(tanh(times(X(2,:),X(2,:))))),plus(X(1,:),times(X(1,:),X(2,:))))))))"
1,2,303,"plus(plus(plus(tanh(square(sin(times(negexp(X(2,:)),X(1,:))))),plus(plus(negexp(X(2,:)),times(negexp(X(2,:)),X(1,:))),times(negexp(X(2,:)),X(1,:)))),times(exp(X(2,:)),X(1,:))),plus(times(X(1,:),times(plus(plus(plus(plus(negexp(X(2,:)),plus(X(1,:),X(2,:))),X(1,:)),times(X(2,:),X(1,:))),times(X(2,:),X(1,:))),X(1,:))),plus(plus(plus(plus(negexp(X(2,:)),plus(negexp(X(2,:)),times(negexp(X(2,:)),X(1,:)))),times(exp(X(2,:)),X(1,:))),plus(negexp(X(2,:)),plus(times(exp(X(1,:)),minus(X(2,:),[-53.8665])),plus(square(X(2,:)),X(1,:))))),tanh(plus(negexp(X(2,:)),plus(negexp(X(2,:)),times(negexp(X(2,:)),X(1,:))))))))"
1,2,304,"square(plus(plus(plus(negexp(cos(square(square(square(X(2,:)))))),negexp(tanh(X(1,:)))),plus(negexp(cos(square(square(square(X(2,:)))))),negexp(cos(square(square(square(X(2,:)))))))),plus(plus(negexp(cos(square(square(square(X(2,:)))))),negexp(sin(square(X(2,:))))),plus(negexp(cos(square(minus(plus(X(2,:),[27.0407]),plus(X(2,:),X(2,:)))))),negexp(sin(square(X(2,:))))))))"
1,2,305,"square(times(plus(square(minus(plus(X(1,:),X(2,:)),cos(square([-14.0611])))),cos(minus(plus(X(1,:),X(2,:)),cos(square(square([-13.9669])))))),negexp(negexp(cos(square(square(X(1,:))))))))"
1,2,306,"square(plus(plus(times(times(X(1,:),cos(negexp(X(2,:)))),minus(sin(cos(negexp(X(2,:)))),sin(sin(negexp(times(X(1,:),[-82.5032])))))),X(2,:)),plus(plus(X(1,:),X(2,:)),times(X(2,:),exp(minus(cos(negexp(exp(X(2,:)))),sin(negexp(times(X(1,:),[-82.4910])))))))))"
1,2,307,"minus(minus(negexp(X(2,:)),times(X(1,:),plus(cos(square(X(1,:))),plus(cos(square(X(1,:))),plus(tanh(X(1,:)),cos(square(X(1,:)))))))),times(sin(sin(plus(square(times(cos(X(2,:)),plus(X(2,:),square(X(1,:))))),square(square(X(1,:)))))),square(X(2,:))))"
1,2,308,"times([-29.5669],minus(sin(square(plus([-14.8315],times(X(1,:),square(X(1,:)))))),square(plus([-14.8008],times(X(1,:),square(X(1,:)))))))"
1,2,309,"plus(square(square(negexp(sin(square(negexp(minus(plus(X(2,:),X(1,:)),cos(X(1,:))))))))),plus(exp(negexp(sin(square(negexp(minus(plus(X(1,:),X(2,:)),cos(X(1,:)))))))),square(plus(X(2,:),X(1,:)))))"
1,2,310,"minus(minus(minus(minus(X(2,:),times(X(1,:),X(2,:))),minus(times(sin(X(1,:)),times(X(2,:),cos([-41.7189]))),exp(negexp(sin(square(X(2,:))))))),times(X(1,:),X(2,:))),minus(times(X(2,:),cos([-41.6059])),exp(negexp(sin(sin(X(2,:)))))))"
1,2,311,"square(plus(plus([-90.9275],cos(cos(plus(X(2,:),sin(times(plus([-81.3001],X(1,:)),X(1,:))))))),cos([-90.9275])))"
1,2,312,"plus(plus(plus(X(1,:),times([-7.5834],cos(times(times(times(X(2,:),X(1,:)),times(X(2,:),X(1,:))),plus(cos(negexp(X(1,:))),exp(times(X(2,:),X(1,:)))))))),plus(X(1,:),X(2,:))),plus(plus(X(1,:),cos(cos(exp(sin(X(2,:)))))),times([-7.4254],cos(times(times(times(times(X(2,:),X(1,:)),X(1,:)),times(X(2,:),X(1,:))),plus(cos(X(1,:)),exp(plus(X(2,:),X(1,:)))))))))"
1,2,313,"plus(tanh(plus(plus(X(2,:),plus(plus(X(2,:),plus(plus(X(2,:),X(2,:)),plus(square(X(2,:)),square(X(2,:))))),sin(plus(sin(minus(X(1,:),[29.7764])),plus(X(2,:),minus(X(2,:),X(1,:))))))),X(2,:))),plus(X(2,:),plus(plus(minus(minus(minus(X(1,:),exp([20.1416])),exp([20.2420])),minus(X(1,:),X(2,:))),plus(minus(minus(minus(X(1,:),[29.7764]),exp([29.7764])),minus(X(1,:),X(2,:))),plus(square(X(2,:)),square(X(1,:))))),X(2,:))))"
1,2,314,"square(plus(plus(plus(square(times([-19.3844],[-19.5383])),plus(square(times([21.0649],[21.0454])),times(X(2,:),X(2,:)))),plus(minus(X(2,:),cos(cos(plus(X(1,:),times([21.0649],[21.0649]))))),plus(minus(minus(X(2,:),cos(sin(X(2,:)))),[20.8137]),cos(plus(X(2,:),[-89.7598]))))),plus(minus(X(2,:),cos(cos(plus(cos(sin(X(2,:))),[-19.3578])))),cos(plus(cos(plus(cos(plus(X(2,:),[-89.8587])),[-89.8139])),[-90.0357])))))"
1,2,315,"plus(plus(plus(plus(X(1,:),sin(square(X(2,:)))),plus(square(minus(X(2,:),negexp(times(square(X(2,:)),square(X(2,:)))))),plus(minus(exp(minus(plus(X(2,:),X(1,:)),exp(X(1,:)))),plus(square(X(2,:)),plus(X(2,:),X(1,:)))),plus(plus(plus(minus(X(2,:),[-65.5537]),X(1,:)),plus(square(X(2,:)),plus(X(2,:),X(1,:)))),sin(sin(square(X(2,:)))))))),sin(minus(X(2,:),minus(plus(X(1,:),X(2,:)),exp(X(1,:)))))),plus(plus(plus(minus(X(2,:),negexp(times(square(square(X(2,:))),square(X(2,:))))),plus(plus(plus(X(1,:),X(2,:)),plus(square(X(2,:)),plus(X(2,:),X(1,:)))),sin(square(X(2,:))))),plus(square(X(2,:)),plus(X(2,:),plus(plus(plus(X(1,:),X(2,:)),plus(square(X(2,:)),plus(X(2,:),X(1,:)))),sin(square(X(2,:))))))),sin(minus(X(1,:),[61.6381]))))"
1,2,316,"plus(plus(minus(exp(negexp(tanh(X(1,:)))),square(tanh(minus(sin(minus(negexp(X(2,:)),X(2,:))),X(2,:))))),minus(negexp(X(2,:)),X(2,:))),square(minus(tanh(plus(minus(times(square(cos(X(1,:))),plus(negexp(X(2,:)),tanh(X(2,:)))),[83.9112]),minus(negexp(X(2,:)),X(2,:)))),minus(plus(minus(tanh([84.0536]),X(1,:)),negexp(tanh(X(1,:)))),X(2,:)))))"
1,2,317,"minus(minus(X(1,:),X(1,:)),plus(plus(plus(plus(plus(minus(X(1,:),minus([-17.0106],X(2,:))),X(2,:)),plus(X(2,:),X(2,:))),plus([-17.1024],X(2,:))),X(2,:)),plus(plus(plus(X(2,:),X(2,:)),X(2,:)),X(2,:))))"
1,2,318,"plus(square(plus(plus(plus(plus(negexp(cos(X(2,:))),plus(negexp(cos(X(2,:))),tanh(tanh(X(2,:))))),X(2,:)),exp(X(2,:))),plus(plus(negexp(cos(X(2,:))),negexp(cos(X(2,:)))),X(2,:)))),square(plus(plus(square(X(1,:)),exp(times(exp(tanh(X(2,:))),tanh(tanh(X(2,:)))))),square(X(1,:)))))"
1,2,319,"plus(plus(plus(tanh(minus(X(2,:),cos(square(minus(X(1,:),square(X(2,:))))))),plus(tanh(minus(minus(X(2,:),X(1,:)),plus(tanh(minus(X(2,:),X(1,:))),tanh(minus(X(2,:),X(1,:)))))),plus(tanh(square(X(2,:))),tanh(minus(minus(minus(X(2,:),X(1,:)),X(1,:)),X(1,:)))))),plus(plus(plus(tanh(minus(X(2,:),X(1,:))),plus(tanh(minus(minus(X(2,:),X(1,:)),X(1,:))),plus(tanh(minus(X(2,:),X(1,:))),tanh(minus(X(2,:),X(1,:)))))),plus(tanh(minus(minus(minus(X(2,:),X(1,:)),X(1,:)),X(1,:))),plus(tanh(tanh(square(X(2,:)))),plus(tanh(minus(X(2,:),X(1,:))),tanh(minus(X(2,:),X(1,:))))))),tanh(minus(minus(sin(minus(X(1,:),minus(X(2,:),X(1,:)))),tanh(square(X(2,:)))),square(X(2,:)))))),plus(plus(tanh(tanh(minus(minus(X(2,:),X(1,:)),plus(tanh(minus(X(2,:),X(1,:))),tanh(minus(X(2,:),X(1,:))))))),square(sin(exp(minus(minus(sin(X(1,:)),square(X(2,:))),square(X(2,:))))))),square(sin(exp(minus(minus(sin(X(1,:)),minus(X(2,:),X(1,:))),square(X(2,:))))))))"
1,2,320,"minus(minus(times(square(X(1,:)),times(square(X(2,:)),times(X(2,:),X(1,:)))),times(times(X(2,:),X(1,:)),minus(tanh(exp([69.2116])),[69.2116]))),times(times(cos(sin(square(square(X(1,:))))),square(square(X(2,:)))),minus(X(2,:),[69.2848])))"
1,2,321,"minus(square(square(minus(plus(X(2,:),minus(X(2,:),X(1,:))),X(1,:)))),minus(square(minus(plus(tanh(sin(sin(minus(X(2,:),X(1,:))))),minus(X(2,:),X(1,:))),times(X(1,:),X(2,:)))),minus(minus(square(square(minus(plus(X(2,:),minus(X(2,:),X(1,:))),X(1,:)))),minus(X(1,:),minus(minus(plus(X(2,:),minus(X(2,:),X(1,:))),X(1,:)),negexp(minus(X(1,:),X(1,:)))))),times(minus(X(1,:),times(X(1,:),minus(plus(X(2,:),minus(X(2,:),X(1,:))),X(1,:)))),X(2,:)))))"
1,2,322,"plus(times(square(plus(times(X(2,:),X(1,:)),minus(plus(square(minus(sin(X(1,:)),[-10.2976])),[97.7881]),times(plus(minus(X(2,:),[-39.2769]),[60.6065]),X(2,:))))),[78.4860]),square(minus(plus(plus(plus(square(minus([-39.4184],sin(X(1,:)))),plus(minus(X(2,:),negexp(X(2,:))),plus(minus(X(2,:),[-39.4184]),[60.6065]))),[97.7881]),minus(plus(square(minus(sin(X(1,:)),[-10.2976])),[97.7881]),times(plus(minus(X(2,:),[-39.4184]),[60.5962]),X(2,:)))),times(plus(plus(negexp(X(2,:)),plus(plus(negexp(X(2,:)),negexp(X(2,:))),X(1,:))),[60.6065]),negexp(square(cos(X(1,:))))))))"
1,2,323,"square(minus(times(plus(X(1,:),plus(X(1,:),X(1,:))),square(X(2,:))),minus(square(negexp(tanh(X(2,:)))),minus(times(X(1,:),square(X(2,:))),square(minus(minus([-42.8464],X(1,:)),square(X(2,:))))))))"
1,2,324,"square(times(plus(plus(times(plus(exp(times(negexp([9.8154]),negexp(X(2,:)))),tanh(X(1,:))),sin(X(1,:))),plus(plus(plus(times(X(1,:),[-36.3500]),X(1,:)),X(1,:)),[-90.7982])),times(plus(X(1,:),tanh(tanh(sin([-38.5919])))),tanh(times(X(1,:),[-36.3500])))),plus([-38.6523],X(1,:))))"
1,2,325,"times(plus(plus(plus(plus(plus(X(1,:),X(1,:)),plus(plus(plus(X(1,:),X(1,:)),X(1,:)),X(1,:))),plus(plus(X(1,:),negexp(square(X(2,:)))),plus(X(1,:),X(1,:)))),plus(X(1,:),plus(X(1,:),X(1,:)))),plus(plus(cos(negexp(tanh(tanh(X(1,:))))),plus(plus(X(1,:),plus(X(1,:),X(1,:))),X(1,:))),plus(X(1,:),plus(X(1,:),X(1,:))))),plus(plus(X(1,:),exp(plus(tanh(plus(X(1,:),plus(X(2,:),negexp(X(1,:))))),tanh(cos(sin(X(1,:))))))),exp(plus(tanh(tanh(plus(sin(X(1,:)),negexp(X(1,:))))),negexp(sin(sin(X(1,:))))))))"
1,2,326,"minus(plus(square(times(times(plus(square(X(2,:)),X(1,:)),tanh(X(1,:))),tanh(X(1,:)))),X(1,:)),minus(square(X(1,:)),plus(times(plus(tanh(plus(X(2,:),negexp(cos(X(2,:))))),sin(plus(tanh(cos(X(2,:))),sin(square(X(1,:)))))),X(2,:)),plus(X(1,:),[22.0821]))))"
1,2,327,"plus(plus(plus(minus(X(2,:),cos(negexp(square(times(negexp(X(2,:)),times(X(2,:),X(2,:))))))),plus(plus(X(2,:),times(square(plus(plus(X(1,:),X(1,:)),plus(X(1,:),X(1,:)))),tanh(negexp(X(1,:))))),plus(X(2,:),times(square(plus(plus(X(1,:),X(1,:)),X(1,:))),tanh(negexp(X(1,:))))))),plus(plus(plus(tanh(X(2,:)),X(2,:)),plus(plus(X(2,:),X(1,:)),times(square(plus(plus(X(1,:),X(1,:)),X(1,:))),tanh(negexp(X(1,:)))))),times(square(plus(plus(plus(plus(X(1,:),X(1,:)),X(1,:)),X(1,:)),X(1,:))),tanh(negexp(plus(plus(X(1,:),X(1,:)),X(1,:))))))),plus(plus(minus(minus(X(2,:),negexp(tanh(minus(X(1,:),negexp(X(2,:)))))),negexp(tanh(minus(X(2,:),negexp(X(2,:)))))),plus(plus(X(2,:),times(square(plus(plus(X(1,:),X(1,:)),X(1,:))),tanh(negexp(X(1,:))))),plus(X(2,:),times(square(plus(plus(X(1,:),X(1,:)),X(1,:))),tanh(negexp(X(1,:))))))),plus(plus(plus(tanh(X(2,:)),X(2,:)),plus(plus(X(2,:),X(1,:)),times(square(plus(plus(X(1,:),X(1,:)),X(1,:))),tanh(negexp(X(1,:)))))),plus(plus(plus(X(2,:),X(1,:)),times(square(plus(plus(X(1,:),X(1,:)),X(1,:))),tanh(negexp(X(1,:))))),plus(X(2,:),times(square(plus(plus(X(1,:),X(1,:)),X(1,:))),tanh(negexp(X(1,:)))))))))"
1,2,328,"plus(sin(plus(exp(sin(minus(plus(minus(X(2,:),[-35.0239]),plus(X(1,:),X(1,:))),negexp(minus(X(2,:),X(1,:)))))),exp(negexp(negexp(minus(X(2,:),sin(minus(X(2,:),X(1,:))))))))),square(minus(minus(minus(X(1,:),cos(cos(negexp(minus(X(2,:),X(1,:)))))),X(2,:)),exp(exp(sin(square(X(2,:))))))))"
1,2,329,"square(times(times(times(times(times(times(X(2,:),negexp(cos(X(1,:)))),negexp(X(1,:))),negexp(X(1,:))),negexp(X(1,:))),negexp(cos(negexp(cos(X(1,:)))))),negexp(cos(negexp(cos(negexp(cos(X(1,:)))))))))"
1,2,330,"exp(plus(plus(plus(minus(plus(minus(tanh(minus(X(2,:),X(1,:))),minus(X(2,:),X(1,:))),minus(square(X(2,:)),plus(X(2,:),X(1,:)))),sin(sin(minus(X(2,:),X(1,:))))),minus(cos(X(2,:)),cos(square(X(2,:))))),minus(cos(X(2,:)),cos(minus(cos(square(X(2,:))),cos(X(2,:)))))),minus(minus(minus(cos(X(2,:)),cos(minus(cos(minus(X(2,:),X(1,:))),cos(X(2,:))))),cos(cos(minus(X(2,:),cos(X(2,:)))))),cos(square(X(2,:))))))"
1,2,331,"square(minus(plus(minus(plus(plus(square(X(2,:)),times(cos(square(X(2,:))),X(1,:))),X(1,:)),plus(cos(cos(cos(X(2,:)))),cos(minus(X(2,:),[21.9851])))),sin(sin(cos(square(X(2,:)))))),plus(cos(exp(cos(square(X(2,:))))),cos(exp(X(2,:))))))"
1,2,332,"minus(minus(times(square([93.1408]),times(X(2,:),negexp(sin(X(2,:))))),times(times(square([93.2420]),negexp(square(plus(times(negexp(X(2,:)),X(1,:)),exp(minus(X(1,:),X(2,:))))))),negexp(minus(tanh(negexp(sin(minus(X(1,:),X(2,:))))),tanh(square(X(2,:))))))),minus(minus(times(minus(times(square([-31.0860]),sin(square(minus(X(1,:),X(2,:))))),negexp(minus(X(1,:),X(2,:)))),exp(cos(minus(X(1,:),X(1,:))))),negexp(minus(X(1,:),X(2,:)))),times(sin(minus(X(1,:),X(2,:))),negexp(minus(X(1,:),X(2,:))))))"
1,2,333,"square(minus(minus(minus(times(cos(cos(tanh(times(X(1,:),[42.9110])))),times(plus(X(1,:),plus(plus(X(1,:),X(2,:)),X(2,:))),cos(tanh(square(X(2,:)))))),cos(tanh(X(1,:)))),cos(times(cos(times(square(X(1,:)),exp(X(1,:)))),times(exp(times(tanh([59.3897]),exp(X(2,:)))),X(2,:))))),minus(X(1,:),X(1,:))))"
1,2,334,"times(X(1,:),plus(plus(plus(plus(tanh(plus(X(2,:),times(X(2,:),cos(X(2,:))))),cos(plus(minus(X(2,:),X(1,:)),cos(X(2,:))))),cos(plus(times(X(1,:),[22.2779]),cos(X(2,:))))),cos(exp(times(minus(times(X(2,:),X(1,:)),times(X(2,:),X(2,:))),tanh(plus(X(2,:),X(2,:))))))),plus(plus(plus(X(2,:),cos(plus(minus(X(2,:),X(1,:)),cos(X(2,:))))),cos(exp(times(minus(times(X(2,:),X(1,:)),times(X(2,:),X(2,:))),tanh(plus(X(2,:),X(2,:))))))),cos(exp(times(minus(times(X(2,:),X(1,:)),times(X(2,:),X(2,:))),tanh(X(2,:))))))))"
1,2,335,"plus(cos(exp(sin(minus(times(X(2,:),X(1,:)),minus(X(2,:),square(X(2,:))))))),plus(square(square(square([-43.1804]))),plus(square(square([-43.1804])),times([-43.3501],sin(minus(minus(times(X(2,:),X(1,:)),minus(X(2,:),square(X(2,:)))),square([-79.5418])))))))"
1,2,336,"plus(times(negexp(sin(minus(X(2,:),times(square(plus(X(2,:),X(2,:))),X(2,:))))),plus(exp(exp(cos(cos(times([-79.4355],times(X(2,:),X(2,:))))))),X(1,:))),times(plus(X(1,:),X(2,:)),minus(X(1,:),X(2,:))))"
1,2,337,"minus(times(times(times(plus(plus(plus(minus(square(X(2,:)),square(X(1,:))),X(2,:)),X(1,:)),X(1,:)),sin(exp(tanh(X(1,:))))),sin(exp(tanh(X(1,:))))),sin(exp(tanh(square(X(1,:)))))),minus(X(1,:),plus(plus(plus(plus(minus(square(X(2,:)),square(X(1,:))),negexp(sin(sin(X(2,:))))),X(1,:)),plus(X(1,:),X(2,:))),X(1,:))))"
1,2,338,"minus(minus(times(minus(minus(square(cos(X(2,:))),plus(X(1,:),square(plus(X(2,:),plus(X(2,:),X(1,:)))))),square(plus(square(plus(plus(X(1,:),[-3.9183]),tanh(X(1,:)))),[61.7066]))),minus(plus(plus(plus(X(1,:),[-3.9183]),tanh(X(1,:))),minus(plus(plus([40.5784],tanh(X(2,:))),tanh(X(1,:))),[96.8292])),[96.8292])),times(minus(plus(plus([40.5784],[-3.9759]),exp(tanh(times(cos(X(2,:)),X(2,:))))),[96.8292]),square(plus(square(X(1,:)),[61.4452])))),times(minus(plus(plus(sin(plus(plus([40.5784],[-3.9759]),tanh(X(1,:)))),[61.3705]),tanh(X(1,:))),[96.8292]),minus(square(plus(square(X(1,:)),[61.4452])),times(minus(plus(X(1,:),[-3.9759]),[96.8292]),square(plus(square(plus(plus(X(1,:),[-3.9183]),tanh(X(1,:)))),[61.5854]))))))"
1,2,339,"plus(plus(minus(plus(X(1,:),cos(X(1,:))),times(plus(plus(plus(square(X(2,:)),X(2,:)),cos(X(2,:))),X(1,:)),plus(X(1,:),plus(X(1,:),[-19.8385])))),plus(tanh(plus(plus(X(1,:),minus(square(X(2,:)),square(X(1,:)))),cos(X(1,:)))),plus(plus(times(X(1,:),X(2,:)),cos(X(2,:))),plus(X(1,:),plus(plus(plus(X(2,:),X(2,:)),cos(X(2,:))),X(1,:)))))),plus(tanh(plus(negexp(plus(plus(X(1,:),times(negexp(X(1,:)),plus(X(2,:),[-51.0905]))),X(2,:))),plus(plus(plus(plus(square(X(2,:)),X(2,:)),cos(X(1,:))),square(X(2,:))),[-19.4927]))),plus(tanh(X(1,:)),plus(plus(times(X(1,:),X(2,:)),negexp(plus(plus(square(X(2,:)),X(1,:)),cos(X(2,:))))),X(1,:)))))"
1,2,340,"minus(times(exp(sin(tanh(times(plus(X(2,:),square(negexp(X(1,:)))),times(exp(X(2,:)),square(exp(X(2,:)))))))),times(exp(tanh(exp(X(2,:)))),plus(times(plus(tanh(exp(exp(X(2,:)))),X(2,:)),X(2,:)),square(X(1,:))))),cos(exp(sin(tanh(times(square(exp(X(2,:))),times(square(X(1,:)),tanh(tanh(X(2,:))))))))))"
1,2,341,"minus(minus(minus(times([-12.1216],X(2,:)),X(1,:)),minus([-12.1675],X(2,:))),minus(minus(X(2,:),X(2,:)),X(2,:)))"
1,2,342,"square(plus(plus(plus(square(X(2,:)),times(times(times(X(1,:),X(2,:)),tanh(square(tanh(X(1,:))))),tanh(tanh(square(tanh(X(2,:))))))),exp(X(1,:))),plus(plus(square(X(2,:)),sin(X(1,:))),times(tanh(square(times(sin(exp(X(1,:))),square(tanh(X(2,:)))))),plus(plus(plus(square(X(2,:)),sin(negexp(X(1,:)))),X(1,:)),exp(X(1,:)))))))"
1,2,343,"tanh(plus(times(exp(tanh(cos(tanh(X(2,:))))),minus(sin(sin(minus(negexp(negexp(X(2,:))),X(1,:)))),negexp(negexp(exp(plus(exp(X(2,:)),plus(X(1,:),X(2,:)))))))),X(1,:)))"
1,2,344,"times(square(plus(plus([21.9676],[7.7974]),plus(sin(times(plus(X(2,:),plus([7.7974],square(X(2,:)))),negexp(times(X(2,:),X(2,:))))),times(square(X(2,:)),X(2,:))))),plus(plus(sin(times(square(sin(X(2,:))),X(2,:))),plus([7.7974],sin(times(plus(X(2,:),plus([7.7974],square(X(2,:)))),negexp([7.7974]))))),plus(sin(times(square(X(2,:)),X(2,:))),[7.7974])))"
1,2,345,"times(plus(square(plus(plus(X(2,:),X(2,:)),times(X(2,:),X(2,:)))),plus(plus(plus(exp(X(1,:)),minus(plus(sin(X(1,:)),plus(X(2,:),X(2,:))),exp(X(2,:)))),minus(plus(X(2,:),plus(plus(X(2,:),X(2,:)),X(2,:))),negexp(negexp(square(plus(X(2,:),X(2,:))))))),minus(plus(X(2,:),plus(plus(X(2,:),X(2,:)),X(2,:))),negexp(plus(plus(sin(X(1,:)),plus(plus(X(2,:),X(2,:)),X(2,:))),times(X(2,:),X(2,:))))))),square(plus(X(2,:),plus(plus(tanh(plus(sin(X(2,:)),X(2,:))),plus(plus(sin(plus(X(2,:),X(1,:))),tanh(X(2,:))),X(2,:))),tanh(plus(exp(X(1,:)),minus(plus(sin(X(1,:)),plus(X(2,:),X(2,:))),exp(X(2,:)))))))))"
1,2,346,"times(plus(times([-57.0850],times(plus(plus(X(2,:),X(1,:)),minus(plus(plus(X(2,:),X(1,:)),minus(X(1,:),[-57.2034])),[99.5769])),[71.6799])),times(plus(plus(plus(plus(plus(X(2,:),X(1,:)),plus(times(X(1,:),X(2,:)),times(X(1,:),X(2,:)))),plus(X(1,:),plus(times(X(1,:),X(2,:)),times(X(1,:),X(2,:))))),plus(plus(plus(plus(X(2,:),X(1,:)),plus(X(1,:),X(2,:))),X(1,:)),minus(plus(plus(X(2,:),X(1,:)),[-57.1302]),times(X(1,:),X(1,:))))),plus(plus(plus(plus(X(2,:),X(1,:)),minus(X(2,:),times(X(1,:),X(1,:)))),X(1,:)),minus(plus(plus(plus(X(2,:),X(1,:)),plus(X(1,:),X(2,:))),minus(X(1,:),[99.5769])),times(X(1,:),X(1,:))))),[99.7242])),times(plus(X(2,:),X(1,:)),minus(plus(plus(X(2,:),plus(X(2,:),X(2,:))),minus(X(1,:),[99.6526])),[-57.2220])))"
1,2,347,"times(square(times([-20.7027],plus(X(1,:),plus(plus(X(2,:),negexp(cos([-20.5877]))),plus(plus(X(2,:),negexp(cos([-83.0266]))),negexp(minus([-20.6602],[-20.7959]))))))),minus(minus(exp(X(1,:)),minus(minus([-20.7027],sin(negexp(negexp(cos([-20.5877]))))),minus(minus(plus(negexp(cos([-20.5877])),sin(minus([-20.6602],[-20.7959]))),[-20.7027]),[-20.6602]))),minus(minus(minus([-82.8703],minus(plus(negexp(tanh([-82.8703])),negexp(X(1,:))),[-20.6602])),minus(plus(negexp(tanh(X(2,:))),negexp(X(1,:))),[-20.7027])),minus(plus(plus(minus(sin(minus(X(2,:),[-20.6602])),[-82.8703]),plus(negexp(tanh(X(2,:))),negexp(X(1,:)))),plus(minus(sin(X(2,:)),[-82.8703]),plus(negexp(X(1,:)),minus(X(2,:),[-20.8368])))),X(2,:)))))"
1,2,348,"square(times(minus([86.2921],minus(cos(minus(plus([-68.9713],X(1,:)),minus(exp([-68.7635]),X(1,:)))),X(1,:))),plus(plus(X(1,:),minus(cos(minus(X(2,:),plus([-69.0240],X(1,:)))),minus(X(2,:),X(1,:)))),plus(plus(plus([-68.9713],X(1,:)),minus([85.9720],minus(X(2,:),X(1,:)))),plus(exp(X(2,:)),square(X(1,:)))))))"
1,2,349,"plus(plus(times(times(plus(X(2,:),X(1,:)),X(2,:)),[-44.0603]),plus(negexp(times(plus(X(2,:),plus(plus(X(2,:),X(1,:)),negexp(sin([-70.6185])))),X(2,:))),plus(times(plus(minus([-8.8734],X(1,:)),X(1,:)),X(2,:)),plus(times(plus(minus([-8.8734],X(2,:)),X(1,:)),X(2,:)),square(plus(plus(X(2,:),plus(X(1,:),X(2,:))),plus(X(1,:),X(2,:)))))))),plus(negexp(times(plus(X(2,:),plus(plus(X(2,:),X(1,:)),negexp(sin([-70.7728])))),X(2,:))),square(plus(plus(negexp(cos(minus([-8.9694],X(1,:)))),exp(negexp(cos(minus([-8.9866],X(2,:)))))),plus(negexp(cos(minus([-8.8734],X(1,:)))),plus(plus(plus(X(2,:),X(1,:)),negexp(sin([-70.7728]))),negexp(sin(X(2,:)))))))))"
1,2,350,"square(times(negexp(negexp(square(negexp(X(2,:))))),minus(plus(plus(X(1,:),tanh(square([-66.8984]))),square(tanh(times(minus(X(1,:),X(2,:)),tanh(times(X(1,:),X(1,:))))))),minus(minus(plus(X(2,:),plus(X(2,:),X(2,:))),cos(negexp(negexp(minus(X(1,:),X(2,:)))))),cos(negexp(tanh(times(minus(X(1,:),X(2,:)),X(1,:)))))))))"
1,2,351,"minus(times([-5.2115],X(2,:)),plus(minus(X(2,:),plus(negexp(X(2,:)),exp(X(1,:)))),plus(plus(times(X(1,:),[-5.2115]),plus(times(plus(X(1,:),X(1,:)),[-5.0778]),minus(times(plus(X(1,:),plus(X(2,:),X(1,:))),X(2,:)),plus(X(1,:),plus(negexp(X(2,:)),exp(X(1,:))))))),minus(negexp(sin(minus(X(2,:),plus(negexp(X(2,:)),negexp(X(2,:)))))),plus(plus(times([-4.9034],X(2,:)),negexp(sin(X(1,:)))),plus(plus(minus([-5.2115],cos([-5.2115])),square(cos(X(1,:)))),negexp(cos(minus(X(1,:),[-5.2115])))))))))"
1,2,352,"exp(exp(negexp(cos(exp(cos(negexp(sin(plus(X(1,:),X(2,:))))))))))"
1,2,353,"square(plus(plus(X(2,:),X(1,:)),plus(minus(minus(tanh(negexp(plus(plus(X(2,:),X(1,:)),plus(X(1,:),X(2,:))))),negexp(cos(times([85.5670],X(1,:))))),negexp(minus(minus(square(minus(X(1,:),X(2,:))),minus(sin([78.6374]),exp(X(2,:)))),negexp(cos(times([85.5670],X(1,:))))))),X(1,:))))"
1,2,354,"square(plus(plus(X(2,:),plus(sin(sin(X(2,:))),times(X(2,:),X(1,:)))),plus(plus(X(2,:),plus(sin(X(2,:)),times(X(2,:),X(1,:)))),minus(minus(exp(X(2,:)),negexp(times(exp(exp(X(2,:))),plus(exp(X(2,:)),cos(X(2,:)))))),negexp(X(2,:))))))"
1,2,355,"minus(square(plus(minus(X(1,:),square(times(sin(cos(times(X(2,:),X(1,:)))),X(1,:)))),plus(plus(plus(X(2,:),tanh(X(1,:))),tanh(X(1,:))),sin(cos(plus(X(2,:),sin(minus(X(2,:),[-15.2761])))))))),cos(times(tanh(cos(times(tanh(tanh(X(1,:))),plus(X(2,:),sin(cos(X(2,:))))))),X(2,:))))"
1,2,356,"square(plus(plus(plus(plus(plus(X(2,:),plus(plus(X(2,:),X(2,:)),X(1,:))),X(1,:)),[-13.1756]),plus(plus(plus(X(2,:),X(2,:)),plus(X(2,:),X(2,:))),X(1,:))),plus(X(2,:),times([-41.7699],plus(negexp(tanh(tanh(X(1,:)))),X(1,:))))))"
1,2,357,"times(sin(plus(times(cos(sin(times(plus([-46.2917],times(X(1,:),X(2,:))),times(times([-46.2155],X(2,:)),X(2,:))))),cos(exp(times(X(1,:),X(2,:))))),negexp(cos(square(times(X(1,:),exp(times(X(1,:),X(2,:))))))))),plus([-52.8719],plus(X(2,:),times(X(1,:),X(2,:)))))"
1,2,358,"minus(plus(plus(times(sin(square(square(square(X(1,:))))),times(X(2,:),X(2,:))),minus(X(1,:),minus(sin([95.9820]),sin(square(square(square(X(1,:)))))))),minus(plus(times(cos(times(X(2,:),minus(sin([96.0045]),times([56.3607],[-57.9947])))),times(X(2,:),X(2,:))),minus(X(1,:),minus(sin([95.9820]),times([56.3607],times([56.3607],[-57.9947]))))),times(X(1,:),X(2,:)))),times(X(1,:),X(2,:)))"
1,2,359,"minus(times(sin(times(times(minus(cos(times(plus(X(1,:),X(1,:)),tanh(X(1,:)))),[56.8878]),tanh(X(2,:))),times(cos([56.0539]),tanh(X(1,:))))),[56.0539]),sin(plus(square(tanh(cos(times(plus(X(1,:),X(1,:)),tanh(X(1,:)))))),exp(times(sin(tanh(cos(cos([56.7829])))),negexp(cos(times(plus(X(1,:),X(1,:)),tanh(X(1,:))))))))))"
1,2,360,"plus(times(plus(exp(minus(exp(sin(sin(times(X(1,:),X(2,:))))),tanh(sin(plus(times(X(1,:),X(2,:)),times(X(1,:),X(2,:))))))),times(X(1,:),X(2,:))),tanh(plus(plus(times(negexp(minus(sin(X(2,:)),sin([-16.6056]))),sin(plus(times(X(1,:),X(2,:)),times(X(2,:),X(1,:))))),times(plus(X(2,:),plus(sin([-72.2905]),times(X(2,:),X(1,:)))),cos(square(plus([-72.2905],X(2,:)))))),plus(sin(sin(X(1,:))),plus(plus(X(2,:),plus(sin(X(1,:)),times(X(2,:),X(1,:)))),plus(sin([-72.2151]),plus(sin(X(2,:)),times(X(2,:),X(1,:))))))))),times(times(X(1,:),X(2,:)),tanh(plus(X(2,:),times(X(1,:),X(2,:))))))"
1,2,361,"plus(plus(plus(plus(plus(plus(plus(plus(square(X(1,:)),times(X(2,:),X(2,:))),X(1,:)),X(1,:)),X(2,:)),X(1,:)),exp(sin(sin(sin(sin(sin(X(1,:)))))))),exp(sin(tanh(minus(exp(X(1,:)),X(2,:)))))),X(1,:))"
1,2,362,"times(square(times(square(plus(plus([-23.4288],X(2,:)),X(2,:))),tanh(sin(tanh(square(plus(plus([-23.7163],X(2,:)),exp(X(2,:))))))))),minus([62.5172],plus(plus(plus([-22.9468],X(2,:)),X(2,:)),tanh(X(1,:)))))"
1,2,363,"plus(plus(plus(cos(cos(X(1,:))),plus(X(1,:),plus(exp(X(2,:)),plus(X(1,:),square(X(2,:)))))),plus(cos(plus(exp(X(2,:)),plus(times(X(1,:),X(1,:)),plus(exp(X(2,:)),plus(X(1,:),square(X(2,:))))))),plus(minus(X(1,:),[56.0640]),plus(exp(X(2,:)),plus(X(1,:),square(X(2,:))))))),plus(plus(plus(plus(X(2,:),plus(exp(X(2,:)),plus(X(1,:),square(X(2,:))))),plus(X(1,:),square(X(2,:)))),plus(plus(X(2,:),plus(exp(X(2,:)),plus(minus(minus([72.9685],X(1,:)),times(X(1,:),X(1,:))),square(X(2,:))))),plus(X(1,:),plus(exp(X(2,:)),plus(X(1,:),square(X(2,:))))))),plus(plus(X(1,:),plus(exp(X(2,:)),plus(X(1,:),plus(exp(X(2,:)),plus(X(1,:),square(X(2,:))))))),plus(X(1,:),square(X(2,:))))))"
1,2,364,"plus(plus(plus(plus(plus(plus(plus(cos(plus(X(1,:),X(1,:))),negexp(cos(X(2,:)))),X(1,:)),minus(plus(minus(negexp(X(1,:)),square(X(2,:))),exp(X(2,:))),minus(cos(X(1,:)),square(X(1,:))))),times(plus(plus(cos(plus(X(1,:),X(1,:))),negexp(cos(X(2,:)))),X(1,:)),negexp(tanh(minus(minus(X(1,:),X(2,:)),X(2,:)))))),minus(plus(minus(negexp(X(1,:)),square(X(2,:))),exp(X(2,:))),minus(cos(plus(cos(plus(X(1,:),X(1,:))),X(2,:))),square(X(1,:))))),times(plus(cos(negexp(X(2,:))),times(X(1,:),negexp(cos(plus(X(1,:),X(1,:)))))),negexp(cos(plus(X(1,:),X(1,:)))))),minus(plus(minus(negexp(X(1,:)),square(X(2,:))),exp(X(2,:))),minus(cos(times(X(1,:),negexp(tanh(minus(times(X(2,:),X(2,:)),negexp(X(1,:))))))),square(X(1,:)))))"
1,2,365,"minus(X(2,:),minus(minus(sin(X(2,:)),plus(plus(plus(X(1,:),X(2,:)),X(2,:)),tanh(negexp(tanh(square(X(2,:))))))),plus(plus(X(2,:),X(2,:)),plus(X(2,:),plus(sin(minus(plus(plus(X(1,:),[68.3498]),square(X(2,:))),[-6.1818])),plus(X(2,:),plus(X(2,:),plus(X(2,:),X(2,:)))))))))"
1,2,366,"plus(square(minus(minus(minus(minus(plus(plus(X(1,:),[-85.7129]),[-85.7129]),plus([48.1216],minus(X(2,:),X(1,:)))),negexp(tanh(minus(X(2,:),negexp(X(1,:)))))),negexp(tanh(minus(X(2,:),negexp(X(1,:)))))),plus(square(X(2,:)),negexp(X(1,:))))),plus(square(minus(minus(minus(plus(X(1,:),[-85.6113]),plus([47.7436],minus(X(2,:),X(1,:)))),negexp(tanh(minus(X(2,:),negexp(X(1,:)))))),plus(square(X(2,:)),negexp(X(1,:))))),minus(minus(minus(X(2,:),plus(square(square(X(2,:))),negexp(minus(X(1,:),X(2,:))))),negexp(minus(X(1,:),X(2,:)))),plus(square(square(X(2,:))),minus(minus(plus(X(1,:),square(square(X(2,:)))),plus(negexp(X(1,:)),minus(negexp(X(1,:)),X(1,:)))),negexp(minus(X(2,:),minus(X(1,:),X(1,:)))))))))"
1,2,367,"times(square(plus(plus([-3.6903],sin(negexp([-3.6088]))),plus(plus(X(2,:),X(2,:)),X(1,:)))),minus(plus(X(1,:),minus(plus(times(exp(X(2,:)),negexp(exp(X(1,:)))),plus(times(exp(X(2,:)),negexp(times(X(1,:),X(1,:)))),plus([-3.4295],negexp([-3.6088])))),plus(plus(X(2,:),X(2,:)),X(2,:)))),times(exp(X(2,:)),cos(X(2,:)))))"
1,2,368,"minus(minus(times([92.0876],plus(plus(times(X(2,:),times(X(2,:),minus(X(1,:),sin(X(1,:))))),times(times(X(2,:),X(2,:)),square(times(X(2,:),X(2,:))))),times(minus(X(1,:),sin(X(1,:))),[92.6032]))),plus(plus(X(2,:),times(times(X(2,:),X(2,:)),square(times(X(2,:),X(2,:))))),times(minus(X(1,:),sin(times(minus(X(1,:),sin(X(1,:))),[92.9560]))),[92.9560]))),plus(plus(plus(plus(times(times(X(1,:),minus(X(1,:),sin(X(1,:)))),minus(plus(X(1,:),X(1,:)),sin(X(1,:)))),times(times(X(2,:),X(2,:)),square(times(X(2,:),X(2,:))))),times(minus(X(1,:),sin(sin(X(1,:)))),[92.7950])),plus(plus(plus(times(X(2,:),times(X(2,:),minus(X(2,:),[93.3972]))),times(times(X(2,:),X(2,:)),square(times(X(2,:),X(2,:))))),times(X(1,:),[93.0215])),times(times(X(2,:),X(2,:)),times(times(X(2,:),X(2,:)),square(times(X(2,:),X(2,:))))))),times(minus(X(1,:),[92.9560]),[93.0559])))"
1,2,369,"square(square(minus(square(X(2,:)),minus(minus(cos(times(cos(X(2,:)),exp(tanh(X(1,:))))),exp(tanh(plus(X(1,:),X(2,:))))),exp(tanh(minus(X(1,:),X(2,:))))))))"
1,2,370,"square(times(minus(minus(plus(minus([89.2644],X(1,:)),tanh(minus(exp(times(X(1,:),X(1,:))),minus([89.4539],sin([89.3507]))))),minus(X(2,:),minus(plus(minus([88.9402],X(1,:)),minus(X(2,:),plus(X(2,:),[87.2030]))),X(1,:)))),minus(plus(minus(X(2,:),minus([88.9402],X(1,:))),X(2,:)),minus(plus(square(negexp(cos(X(2,:)))),minus(minus([62.4529],X(1,:)),X(1,:))),X(1,:)))),plus(minus(plus(plus(minus(plus(minus(X(2,:),X(1,:)),X(2,:)),X(1,:)),sin([89.5815])),X(2,:)),X(2,:)),sin([89.4241]))))"
1,2,371,"times(plus(X(1,:),[5.0160]),plus(times(X(1,:),plus(times(X(2,:),plus(times(times(times(X(2,:),X(2,:)),times([-29.1898],X(1,:))),negexp(X(1,:))),times([85.0800],plus([4.6894],[4.9348])))),times([4.5826],plus(square(plus(plus([4.9348],[5.0160]),times([-29.1197],X(1,:)))),times([85.0800],plus(plus([4.6894],[4.9348]),[4.9348])))))),square(times([85.0800],plus(X(2,:),X(2,:))))))"
1,2,372,"times(plus(plus(plus(plus(plus(X(1,:),square(X(2,:))),square(times([2.7205],sin(tanh(X(1,:)))))),plus(plus(plus(X(1,:),X(1,:)),negexp(X(2,:))),tanh(X(2,:)))),negexp(plus(X(2,:),negexp(plus(X(2,:),square(X(1,:))))))),tanh(X(1,:))),square(times([3.0301],times([3.0560],[-96.8438]))))"
1,2,373,"plus(minus(minus(times([11.7842],plus(X(1,:),minus(tanh(X(1,:)),times([11.7252],plus(minus(X(1,:),X(2,:)),X(1,:)))))),times(plus([-57.6100],X(2,:)),plus(minus(X(1,:),X(2,:)),sin(negexp(minus(X(1,:),exp(X(1,:)))))))),sin(times(sin(times(sin(square(minus(X(2,:),X(1,:)))),negexp(sin([-21.0733])))),negexp(sin([11.7252]))))),X(2,:))"
1,2,374,"square(square(plus(X(2,:),square(plus(negexp(sin(negexp(negexp(X(1,:))))),cos(cos(sin(minus(X(2,:),[-89.6177])))))))))"
1,2,375,"square(times(plus(tanh(plus(times(X(2,:),X(1,:)),times(tanh(X(1,:)),tanh(plus(times(X(2,:),X(1,:)),X(2,:)))))),X(2,:)),plus(times(X(2,:),X(1,:)),plus(times(sin(sin(sin(tanh(X(1,:))))),square(times(tanh(X(2,:)),cos(X(1,:))))),X(2,:)))))"
1,2,376,"times(sin(times(exp(negexp(square(cos(exp(X(2,:)))))),sin(times(exp(square(cos(tanh(X(2,:))))),cos(times(exp(sin(X(1,:))),times(X(1,:),X(1,:)))))))),exp(exp(times(negexp(sin(square(minus([22.9654],X(1,:))))),cos(exp(cos(X(2,:))))))))"
1,2,377,"plus(plus(exp(exp(cos(times(plus(X(1,:),times([14.7530],times(X(1,:),X(2,:)))),minus(X(1,:),plus(X(1,:),minus(X(1,:),X(2,:)))))))),plus(exp(exp(cos(times(plus(X(1,:),square(X(2,:))),X(2,:))))),plus(exp(exp(cos(times([14.7877],times(X(1,:),X(2,:)))))),square(minus(X(1,:),plus(X(1,:),minus(X(1,:),X(2,:)))))))),square(minus(square(exp(cos(times(minus(square(X(1,:)),sin(X(2,:))),minus(X(1,:),X(2,:)))))),X(1,:))))"
1,2,378,"times(plus(plus(plus(square(square(X(2,:))),exp(X(1,:))),times(tanh(times(X(1,:),cos(times(tanh(X(1,:)),exp(X(2,:)))))),exp(X(2,:)))),sin(plus(plus(tanh(times(tanh(times([39.3257],X(1,:))),exp(X(2,:)))),plus(tanh(times(tanh(X(1,:)),exp([39.3257]))),square(minus(X(1,:),X(1,:))))),square(square(tanh(X(2,:))))))),minus(times(X(2,:),times(minus(X(2,:),times(X(1,:),cos(times(tanh(X(1,:)),exp(X(2,:)))))),negexp([0.2508]))),cos(X(1,:))))"
1,2,379,"square(plus(times(X(2,:),times(cos(square(times(square(X(2,:)),square(X(1,:))))),times(cos(square(times(square(X(2,:)),square(X(1,:))))),sin(plus(times(square([-70.8034]),X(2,:)),square(square(X(2,:)))))))),plus(times(sin(square(square(times(X(2,:),X(1,:))))),times(X(2,:),X(1,:))),X(1,:))))"
1,2,380,"square(minus(times([30.5573],minus(exp(square(tanh(X(1,:)))),X(2,:))),square(minus(exp(square(tanh(times(X(1,:),negexp(X(2,:)))))),X(1,:)))))"
1,2,381,"times(negexp(exp(negexp(square(cos(square(plus([-88.3122],X(2,:)))))))),plus(plus(times(negexp(sin(cos(X(1,:)))),square(plus(minus(X(1,:),X(2,:)),X(1,:)))),plus(X(1,:),minus(cos(X(1,:)),X(2,:)))),times(negexp(sin(negexp(plus(minus(X(1,:),X(2,:)),X(1,:))))),square(plus(minus(X(1,:),cos(square(X(1,:)))),minus(X(1,:),X(2,:)))))))"
1,2,382,"times(times(cos(X(2,:)),plus(X(2,:),negexp(X(2,:)))),times(times(cos(X(2,:)),plus(plus(negexp(times(negexp(negexp(X(2,:))),times(minus([26.1464],X(1,:)),negexp(X(2,:))))),exp(sin(tanh(sin(X(2,:)))))),negexp(X(2,:)))),times(X(2,:),X(1,:))))"
1,2,383,"plus(plus(sin(minus(times(X(2,:),X(1,:)),square(plus(X(1,:),[98.5531])))),sin(plus(sin(minus(tanh(times(X(2,:),X(1,:))),tanh(X(1,:)))),sin(tanh(times(X(2,:),X(1,:))))))),plus(plus(plus(sin(minus(times(X(2,:),X(1,:)),tanh(X(1,:)))),sin(tanh(sin(tanh(times(X(2,:),X(1,:))))))),sin(tanh(times(X(2,:),X(1,:))))),plus(sin(minus(times(X(2,:),X(1,:)),tanh(X(1,:)))),sin(minus(plus(negexp(sin(X(1,:))),square(plus(X(1,:),[98.5531]))),tanh(tanh(tanh(times(X(2,:),X(1,:))))))))))"
1,2,384,"times(cos(exp(minus(cos(times(minus(plus(minus(X(1,:),X(2,:)),X(1,:)),X(2,:)),X(2,:))),minus(X(1,:),X(2,:))))),times(cos(exp(minus(cos(times(minus(times([-38.8844],[3.2287]),tanh(X(2,:))),plus(X(2,:),times([-38.8844],[3.2287])))),minus(X(1,:),X(2,:))))),times(minus(X(1,:),X(2,:)),[8.5907])))"
1,2,385,"plus(plus(plus(plus(cos(exp(minus(minus([-5.9461],X(2,:)),times(X(2,:),X(1,:))))),plus(cos(exp(minus(minus([-6.0524],X(2,:)),times(X(2,:),X(1,:))))),X(1,:))),plus(plus(cos(exp(minus(X(1,:),times(X(2,:),X(1,:))))),X(1,:)),X(2,:))),plus(plus(cos(exp(minus(minus([-5.9024],X(2,:)),times(X(2,:),X(1,:))))),plus(cos(exp(minus(minus([-6.0524],X(2,:)),times(X(2,:),X(1,:))))),X(1,:))),plus(plus(cos(exp(minus(X(1,:),times(X(2,:),X(1,:))))),X(1,:)),tanh(cos(exp(tanh(minus(X(1,:),X(2,:))))))))),plus(plus(cos(exp(minus(minus(X(2,:),times(X(2,:),X(1,:))),times(X(2,:),cos(cos(X(2,:))))))),X(1,:)),plus(plus(cos(exp(minus(minus([-5.9312],X(2,:)),times(X(2,:),X(1,:))))),plus(cos(exp(minus(minus([-5.9312],X(2,:)),times(X(2,:),X(1,:))))),X(1,:))),X(2,:))))"
1,2,386,"square(plus(minus(times(X(1,:),plus(plus(X(2,:),plus(X(1,:),times(X(1,:),X(2,:)))),plus(X(1,:),sin(X(2,:))))),minus(times([30.4022],plus(plus(X(1,:),[-40.5921]),plus(plus(X(1,:),X(2,:)),plus([-40.7390],times(X(1,:),X(1,:)))))),plus(plus(X(1,:),plus(X(2,:),plus(X(1,:),times(X(1,:),X(1,:))))),plus(X(2,:),plus(X(1,:),times(X(1,:),X(1,:))))))),times(X(1,:),times([30.4837],[30.4037]))))"
1,2,387,"plus(minus(plus(plus(plus(plus(X(1,:),X(1,:)),X(1,:)),plus(X(2,:),plus(X(2,:),X(1,:)))),plus(plus(plus(plus(plus(X(2,:),X(1,:)),X(1,:)),plus([-29.8157],X(1,:))),plus(plus(sin(X(1,:)),times(plus(X(1,:),X(2,:)),tanh(X(1,:)))),plus(X(2,:),plus([-29.5968],X(1,:))))),plus(minus([-16.1296],X(1,:)),times(plus(X(1,:),[8.5736]),tanh(X(1,:)))))),minus(minus(X(2,:),square(plus([-29.6086],X(1,:)))),square(minus(minus(X(2,:),X(1,:)),plus(X(1,:),tanh(X(2,:))))))),plus(plus(tanh(minus(minus(plus(times(plus(X(2,:),X(2,:)),tanh(X(2,:))),plus(X(1,:),tanh(X(2,:)))),plus(square(X(1,:)),X(1,:))),square(minus(minus(X(2,:),X(1,:)),plus(X(1,:),tanh(X(2,:))))))),X(1,:)),plus(plus(plus(sin(minus([-16.2324],X(1,:))),times(plus(plus(plus(X(2,:),X(1,:)),X(1,:)),X(2,:)),tanh(X(1,:)))),plus(X(2,:),X(1,:))),plus(X(2,:),X(1,:)))))"
1,2,388,"times(minus(X(2,:),exp(negexp(square(X(1,:))))),plus(plus(plus(exp(exp(negexp(square(X(1,:))))),X(2,:)),[24.7846]),plus(exp(negexp(sin(negexp(minus(times([24.9633],X(1,:)),X(1,:)))))),plus(plus(plus(plus(sin(square(X(1,:))),[25.0011]),X(2,:)),[24.9633]),plus(exp(X(2,:)),X(1,:))))))"
1,2,389,"plus(plus(plus(plus(plus(plus(plus(minus(minus(X(1,:),[60.8546]),[60.8404]),plus(X(2,:),X(2,:))),X(2,:)),X(2,:)),plus(plus(X(2,:),plus(X(2,:),cos(minus(X(1,:),[60.7360])))),X(2,:))),X(2,:)),plus(X(2,:),cos(minus(plus(cos(minus(X(1,:),X(1,:))),negexp(negexp(exp([-2.0038])))),minus(minus(square(X(2,:)),exp([-2.1262])),plus(exp(X(1,:)),tanh([30.2863]))))))),X(2,:))"
1,2,390,"plus(plus(square(minus(exp(X(2,:)),times(X(2,:),X(1,:)))),square(minus(sin(times([-2.6360],minus(tanh(negexp(X(1,:))),negexp(X(1,:))))),times(X(2,:),minus(X(1,:),tanh(negexp(X(1,:)))))))),square(minus(sin(sin(times(X(2,:),minus(X(1,:),tanh(negexp(X(1,:))))))),times(square(minus(tanh([6.0746]),plus([6.7117],X(2,:)))),X(1,:)))))"
1,2,391,"sin(times(negexp(negexp(plus(negexp(exp(minus(negexp(X(1,:)),exp(X(2,:))))),plus(negexp(negexp(square(X(2,:)))),negexp(negexp(square(X(2,:)))))))),square(sin(minus(tanh(tanh(negexp(exp(X(2,:))))),negexp(tanh(negexp(X(1,:)))))))))"
1,2,392,"times(plus(X(2,:),X(2,:)),times(times(minus(sin(plus(X(2,:),plus(plus(X(2,:),X(2,:)),plus(X(2,:),X(2,:))))),plus(square(X(2,:)),plus(plus(X(2,:),X(2,:)),plus(X(2,:),X(2,:))))),plus(sin(square(plus(sin(square(X(1,:))),plus(plus(X(2,:),X(2,:)),exp(X(2,:)))))),X(2,:))),[-80.8635]))"
1,2,393,"plus(plus(plus(plus(square(X(1,:)),square(times(exp(X(2,:)),X(2,:)))),square(times(exp(X(1,:)),X(2,:)))),plus(exp(X(1,:)),plus(plus(times([-38.5167],times(exp(X(2,:)),X(2,:))),times(exp(X(1,:)),square(X(1,:)))),square(exp(X(1,:)))))),plus(square(exp(X(1,:))),plus(plus(plus(plus(square(square(square(X(2,:)))),square(exp(X(1,:)))),square(exp(X(1,:)))),plus(times(X(2,:),X(1,:)),plus(plus(times(negexp([-38.5205]),sin([-29.3807])),X(1,:)),square(exp(X(1,:)))))),square(exp(X(1,:))))))"
1,2,394,"square(minus(times(minus([-21.6939],exp(square(cos(times(X(2,:),X(1,:)))))),times(minus([-21.6939],exp(square(cos(times(X(2,:),X(1,:)))))),plus(X(2,:),X(1,:)))),plus(square(plus(square(X(1,:)),X(1,:))),times(square(X(1,:)),[-21.9497]))))"
1,2,395,"minus(square(plus(plus(times(X(2,:),times(X(2,:),square(X(2,:)))),times(plus(X(2,:),plus(plus(X(2,:),plus(X(2,:),X(1,:))),X(1,:))),[88.5726])),plus(exp(X(2,:)),times(plus(plus(X(2,:),plus(X(2,:),X(1,:))),plus(X(2,:),plus(X(2,:),X(1,:)))),[88.3524])))),minus(minus(times(times(plus(square(X(2,:)),times(cos(X(1,:)),times(X(2,:),square(X(2,:))))),minus(minus(times(X(1,:),[88.5726]),[-60.4837]),[-59.9995])),plus(X(2,:),X(2,:))),square(minus(times(X(1,:),[88.8719]),[-60.2332]))),square(minus(times(X(1,:),[88.9260]),times(X(2,:),square(X(2,:)))))))"
1,2,396,"square(times(negexp(negexp(times(times(exp(X(1,:)),negexp(X(2,:))),times(square(square(X(1,:))),square(X(1,:)))))),times(negexp(negexp(times(square(X(1,:)),times(times(exp(X(1,:)),negexp(X(2,:))),square([24.1782]))))),times(negexp(negexp(times(negexp(X(2,:)),[24.6353]))),times([25.1323],times(square(square(X(1,:))),square(X(1,:))))))))"
1,2,397,"minus(square(plus(plus(sin(plus(X(1,:),cos(X(1,:)))),plus(sin(X(1,:)),X(1,:))),plus(negexp(tanh(times(plus(X(1,:),plus(X(1,:),X(2,:))),[-2.4982]))),plus(plus(sin(X(1,:)),X(1,:)),plus(plus(plus(X(1,:),plus(X(1,:),X(2,:))),plus(X(1,:),plus(X(1,:),X(2,:)))),sin(cos(X(1,:)))))))),negexp(plus(sin(plus(X(1,:),cos(X(1,:)))),plus(sin(X(1,:)),plus(sin(X(1,:)),plus(sin(X(1,:)),X(1,:)))))))"
1,2,398,"plus(sin(plus(negexp(X(2,:)),plus(plus(plus(X(1,:),plus(X(1,:),X(2,:))),plus(minus(minus(X(2,:),[-66.0650]),[-65.9044]),negexp(X(2,:)))),plus(negexp(X(2,:)),plus(plus(X(1,:),plus(X(1,:),X(2,:))),plus(X(2,:),negexp(X(2,:)))))))),plus(plus(negexp(negexp(negexp(plus(plus(negexp(X(2,:)),plus(X(1,:),X(2,:))),X(1,:))))),plus(X(2,:),plus(plus(plus(negexp(X(2,:)),plus(X(1,:),X(2,:))),X(1,:)),X(1,:)))),plus(negexp(plus(X(2,:),cos(X(2,:)))),plus(plus(negexp(plus(X(2,:),cos(X(2,:)))),plus(minus(X(2,:),[-66.0711]),plus(plus(X(1,:),plus(X(1,:),X(2,:))),X(1,:)))),negexp(plus(plus(X(2,:),cos(X(2,:))),cos(X(1,:))))))))"
1,2,399,"times(square(times(square(X(1,:)),sin(sin(sin(X(1,:)))))),minus(minus(square(X(2,:)),X(1,:)),plus(minus(sin(times(X(2,:),sin(X(2,:)))),tanh(plus(tanh(plus([-1.5151],negexp(X(2,:)))),plus([-1.4913],negexp(X(1,:)))))),exp(sin(times(sin(square(X(1,:))),sin(X(1,:))))))))"
1,2,400,"exp(plus(sin(negexp(cos(times(minus(X(1,:),exp(X(2,:))),sin(minus(X(1,:),[-62.6872])))))),plus(negexp(minus(minus(minus(X(2,:),X(2,:)),sin([7.1757])),square(sin([7.0313])))),plus(sin(negexp(minus(minus(X(2,:),X(2,:)),square(X(2,:))))),tanh(sin(times(times(X(1,:),[7.2066]),[7.0236])))))))"
1,2,401,"times(exp(minus(minus(X(1,:),cos(cos(plus(negexp(X(2,:)),negexp(X(1,:)))))),cos(cos(plus(X(2,:),negexp(X(1,:))))))),plus(cos(square(plus(negexp(X(2,:)),negexp(X(1,:))))),plus(cos(negexp(times(times(X(2,:),plus(X(2,:),negexp(X(1,:)))),cos([39.3881])))),square(times(minus(times(times(X(2,:),X(2,:)),cos(X(1,:))),X(2,:)),times(cos(cos(negexp(X(2,:)))),X(2,:)))))))"
1,2,402,"square(minus(plus(X(2,:),times(X(1,:),cos(plus(X(2,:),square(minus(plus(X(2,:),X(1,:)),[7.1896])))))),[7.1662]))"
1,2,403,"square(plus(minus(minus(times(X(2,:),tanh(tanh(exp(X(1,:))))),times(X(2,:),X(1,:))),[-4.4515]),times(X(2,:),cos(square(square(minus(times(X(2,:),X(1,:)),[-4.7274])))))))"
1,2,404,"square(times(times(plus(negexp(exp(sin(sin(square(X(1,:)))))),tanh(exp(tanh(X(2,:))))),plus(plus(negexp(negexp(negexp(times(X(2,:),[8.0249])))),tanh(square(plus(cos(X(1,:)),X(2,:))))),X(2,:))),[53.2893]))"
1,2,405,"square(minus(X(2,:),minus(X(1,:),minus(cos(negexp(X(1,:))),sin(tanh(sin(X(1,:))))))))"
1,2,406,"minus(plus(plus(cos(times(times(plus(X(2,:),[75.5491]),[75.6343]),X(1,:))),plus(cos(times(times(plus(X(2,:),[75.6343]),X(1,:)),X(2,:))),X(1,:))),plus(cos(times(times(plus(X(2,:),[75.6776]),X(1,:)),X(1,:))),plus(cos(times(times(plus(X(2,:),[75.6343]),X(1,:)),X(2,:))),plus(cos(times(times(plus(X(2,:),[75.5747]),X(1,:)),X(2,:))),X(1,:))))),plus(times(plus(X(1,:),times(X(2,:),cos(times(times(plus(X(2,:),[75.6343]),X(1,:)),X(1,:))))),X(2,:)),times(X(2,:),X(1,:))))"
1,2,407,"times(plus(plus(plus(plus(plus(X(2,:),X(1,:)),tanh(X(2,:))),plus(X(2,:),X(1,:))),plus(plus(plus(X(2,:),X(1,:)),plus(X(2,:),X(1,:))),cos(plus(square(X(2,:)),square(X(1,:)))))),cos(plus(plus(plus(plus(X(2,:),X(1,:)),tanh(X(2,:))),plus(tanh(X(1,:)),X(1,:))),square(X(1,:))))),cos(plus(square(X(2,:)),square(X(1,:)))))"
1,2,408,"plus(times(times(X(2,:),X(1,:)),plus(times(cos([-5.8340]),sin([74.7696])),X(1,:))),plus(times(cos(X(2,:)),times(cos(X(1,:)),square([-5.8861]))),plus(times([-5.8861],X(1,:)),plus(times(cos(cos([-5.8099])),plus(plus(X(2,:),[72.1811]),X(1,:))),times(cos(X(2,:)),times(times(times(X(2,:),X(1,:)),X(1,:)),square(sin(times(X(2,:),X(1,:))))))))))"
1,2,409,"plus(minus(minus(minus(minus(minus(times(X(2,:),X(2,:)),square(sin(minus([-4.7523],X(1,:))))),tanh(square(negexp(X(2,:))))),square(tanh(sin(minus([-4.8214],X(1,:)))))),square(tanh(square(square(square(negexp(X(2,:)))))))),X(1,:)),square(minus([-4.6656],X(1,:))))"
1,2,410,"plus(minus(square(plus(times([-39.0564],[-19.9524]),plus(X(1,:),times(times(X(1,:),[-19.9159]),plus([-39.0564],X(1,:)))))),times(times(X(1,:),times(plus(times(times(X(1,:),[-19.9524]),plus([-39.0699],X(1,:))),times(X(1,:),[-20.0254])),[-19.9524])),plus(plus([-39.0564],X(1,:)),tanh(X(2,:))))),plus(minus(square(plus(times(plus([-39.0564],[-39.0564]),[-19.9159]),plus(X(1,:),times(times(X(1,:),[-20.0254]),plus(plus([-39.0699],X(1,:)),tanh(X(1,:))))))),tanh(plus(plus([-19.9159],minus(plus(X(2,:),[-39.0564]),plus(cos(X(2,:)),X(1,:)))),sin([-1.2661])))),plus(times(times(X(1,:),times(X(1,:),square(minus(plus(X(2,:),X(1,:)),times(X(2,:),X(2,:)))))),plus(X(1,:),exp(X(1,:)))),times(square(minus(plus(plus(X(2,:),X(1,:)),plus(X(1,:),X(2,:))),exp(X(2,:)))),[-20.0254]))))"
1,2,411,"minus(square(plus(X(2,:),plus(X(2,:),plus(X(2,:),[-11.6952])))),plus(times(X(1,:),X(2,:)),plus(times(X(1,:),plus(X(2,:),negexp(exp(X(1,:))))),minus(square(X(1,:)),plus(plus(plus(plus(X(1,:),tanh(X(2,:))),plus(tanh(X(2,:)),tanh(X(2,:)))),plus(plus(X(1,:),tanh(X(2,:))),tanh(square(X(1,:))))),plus(plus(plus(X(1,:),tanh(X(2,:))),plus(X(1,:),tanh(X(2,:)))),plus(plus(tanh(X(2,:)),tanh(X(2,:))),plus(tanh(X(2,:)),tanh(X(2,:))))))))))"
1,2,412,"plus(plus(plus(X(2,:),plus(X(2,:),exp(X(1,:)))),plus(plus(X(2,:),times(X(2,:),X(2,:))),plus(plus(sin(plus(X(1,:),X(2,:))),times(X(1,:),X(2,:))),X(2,:)))),plus(plus(plus(square(minus(X(1,:),X(2,:))),exp(X(1,:))),plus(plus(plus(X(2,:),exp(X(1,:))),times(X(2,:),X(2,:))),plus(plus(X(2,:),times(X(1,:),X(2,:))),plus(X(2,:),X(2,:))))),plus(plus(plus(X(2,:),plus(minus(X(2,:),times(exp([6.5329]),square([-10.1041]))),exp(X(1,:)))),plus(plus(X(2,:),times(X(2,:),X(2,:))),plus(plus(X(2,:),times(X(1,:),X(2,:))),X(2,:)))),plus(plus(plus(plus(plus(X(2,:),times(X(2,:),X(2,:))),plus(X(2,:),X(2,:))),exp(X(1,:))),plus(plus(plus(X(2,:),exp(X(1,:))),times(X(2,:),X(2,:))),plus(plus(X(2,:),times(X(1,:),X(2,:))),X(2,:)))),X(2,:)))))"
1,2,413,"plus(plus(plus(X(2,:),[-70.1772]),X(2,:)),minus(plus(plus(X(2,:),plus([-70.0037],plus(plus(plus(X(2,:),[-70.1772]),[-70.1772]),plus(X(2,:),[-44.8756])))),plus(X(1,:),plus(X(2,:),plus(plus(X(2,:),plus(X(2,:),[-69.8186])),plus(plus(X(2,:),plus(X(2,:),[-69.8186])),[-70.0037]))))),negexp(cos([-70.1772]))))"
1,2,414,"minus(square(plus(plus(times(X(1,:),times(X(1,:),tanh(times(X(2,:),[79.4445])))),plus(times(X(1,:),times(X(1,:),plus(sin(X(2,:)),X(2,:)))),exp(plus(sin(X(2,:)),X(2,:))))),plus(times(X(1,:),times(X(1,:),plus(sin(X(2,:)),X(2,:)))),exp(plus(sin(X(2,:)),X(2,:)))))),square(times([6.6786],plus(sin(tanh(X(1,:))),plus(sin(X(2,:)),X(2,:))))))"
1,2,415,"negexp(minus(negexp(minus(negexp(negexp(plus(sin(X(2,:)),X(1,:)))),tanh(minus(times(exp(X(2,:)),sin(X(2,:))),X(2,:))))),tanh(minus(minus(plus(sin(sin(X(2,:))),X(1,:)),sin(exp([21.4192]))),X(2,:)))))"
1,2,416,"plus(square(square(plus(tanh(X(2,:)),plus(plus(X(1,:),plus(plus(X(1,:),sin([95.1232])),plus(X(1,:),sin([95.2566])))),plus(times(times(sin(X(2,:)),cos(X(1,:))),negexp(sin(X(1,:)))),tanh(plus([95.2910],X(1,:)))))))),square(square(plus(tanh(X(2,:)),plus(plus(sin(X(1,:)),plus(plus(X(1,:),sin([95.2910])),plus(X(1,:),sin([95.2566])))),plus(times(times(sin(X(2,:)),cos(X(1,:))),negexp(sin(X(1,:)))),tanh(plus([95.2910],[95.2910]))))))))"
1,2,417,"plus(square(times(minus([9.8935],X(2,:)),square(X(1,:)))),times(plus(plus(plus(plus(X(2,:),X(1,:)),plus(exp(sin(X(2,:))),tanh(tanh(cos(X(1,:)))))),plus(exp(sin(X(2,:))),tanh(cos(X(1,:))))),negexp(X(1,:))),plus(times([9.6299],plus(X(1,:),plus(X(2,:),minus(X(1,:),[-73.7337])))),plus(plus(plus(X(1,:),X(2,:)),X(1,:)),minus([10.0568],negexp(X(1,:)))))))"
1,2,418,"square(minus(square(plus(plus(exp(sin(sin(X(1,:)))),plus(sin(X(1,:)),plus([40.3049],plus(sin(X(2,:)),square(X(2,:)))))),plus(X(1,:),X(1,:)))),times(plus(sin(exp(plus([40.3049],plus(sin(X(2,:)),square(X(2,:)))))),plus(exp(sin(sin(X(1,:)))),plus(sin(X(1,:)),plus(sin(X(1,:)),square(X(2,:)))))),plus([-70.9159],plus(square(X(2,:)),square(X(2,:)))))))"
1,2,419,"minus(square(plus(times(plus(plus([47.6951],minus(X(1,:),minus(X(2,:),times(X(2,:),X(2,:))))),square(X(2,:))),[69.4601]),square(square(X(2,:))))),minus(times(times(plus(plus([47.7634],minus(X(1,:),minus(tanh(X(2,:)),square(X(2,:))))),square(sin(square(X(2,:))))),[69.3741]),minus(square(plus([47.8568],minus(X(1,:),minus(X(2,:),square(X(2,:)))))),minus(minus(minus(plus(plus(X(1,:),X(2,:)),X(2,:)),minus(X(1,:),X(2,:))),[47.7808]),plus(minus(square(X(1,:)),tanh(X(2,:))),minus(X(1,:),minus(cos(X(1,:)),square(X(1,:)))))))),square(square(plus([47.8082],minus(X(1,:),sin(minus(cos(X(1,:)),sin(X(1,:))))))))))"
1,2,420,"plus(square(square(plus(square(X(1,:)),plus(plus(plus(X(2,:),X(2,:)),exp([3.5101])),X(2,:))))),times(plus(plus(plus(X(1,:),exp([3.4294])),X(2,:)),exp(X(2,:))),plus(times(square(exp([3.4283])),plus(square(square(X(1,:))),plus(exp([3.2498]),plus(plus(X(2,:),exp([3.2498])),plus(X(1,:),X(2,:)))))),square(plus(square(X(1,:)),plus(square(X(1,:)),plus(plus(square([3.5101]),exp([3.5101])),square(X(1,:)))))))))"
1,2,421,"times(minus(sin(X(2,:)),plus(minus([-73.8625],negexp(plus(plus(X(2,:),exp(minus(X(2,:),X(1,:)))),exp(minus(X(2,:),X(1,:)))))),times(X(2,:),plus(minus(X(2,:),X(1,:)),cos(plus(plus(square(X(1,:)),sin(X(2,:))),X(2,:))))))),plus(plus(square(X(1,:)),sin(X(2,:))),X(2,:)))"
1,2,422,"minus(plus(minus(plus(X(1,:),minus(times(negexp(cos(X(2,:))),minus(exp(X(2,:)),minus(X(2,:),X(1,:)))),X(2,:))),X(2,:)),plus(X(2,:),minus(plus(minus(plus(X(1,:),X(1,:)),times(minus(cos(X(2,:)),X(2,:)),X(1,:))),exp(X(2,:))),tanh(minus(minus(minus(cos(X(2,:)),X(2,:)),minus(X(2,:),exp(X(2,:)))),times(minus(X(1,:),X(2,:)),X(1,:))))))),X(2,:))"
1,2,423,"times(plus(exp(X(1,:)),plus(plus(X(2,:),sin(plus(exp(X(1,:)),X(2,:)))),sin(negexp(plus([-84.1916],X(2,:)))))),plus(plus(plus(minus(plus(sin(plus(exp(X(1,:)),X(2,:))),plus(sin([-84.1134]),exp(X(2,:)))),[-81.5536]),plus(X(2,:),sin([-84.1916]))),X(2,:)),times(sin(X(1,:)),plus(plus(X(1,:),plus(X(1,:),plus(X(1,:),exp(X(2,:))))),plus(exp(exp(cos(X(2,:)))),negexp(sin(plus(X(1,:),exp(X(2,:))))))))))"
1,2,424,"square(plus(plus(plus(plus(plus(sin(X(2,:)),plus(X(1,:),X(2,:))),times(plus(X(2,:),tanh(X(2,:))),cos(X(2,:)))),tanh(X(2,:))),plus(plus(sin(X(2,:)),plus(X(1,:),X(2,:))),tanh(sin(X(2,:))))),tanh(minus(tanh(plus(tanh(plus(X(2,:),tanh(X(2,:)))),tanh(square(sin(X(1,:)))))),plus(minus(exp(X(1,:)),plus(tanh(plus(X(2,:),X(1,:))),sin(X(2,:)))),X(1,:))))))"
1,2,425,"square(times(cos(plus(X(1,:),X(1,:))),minus(X(2,:),plus(plus(plus(X(2,:),X(1,:)),X(2,:)),minus(square(plus(X(2,:),X(1,:))),sin(square(cos(X(1,:)))))))))"
1,2,426,"minus(square(plus(exp(times(tanh(X(1,:)),X(2,:))),plus(sin(times(X(1,:),X(1,:))),plus(cos([35.6875]),plus(X(1,:),minus(plus(X(1,:),X(2,:)),exp(X(2,:)))))))),tanh(square(plus(exp(times(tanh(X(1,:)),X(2,:))),plus(sin(times(X(1,:),X(1,:))),plus(cos([35.6875]),plus(X(1,:),minus(plus(X(1,:),X(2,:)),exp(X(2,:))))))))))"
1,2,427,"plus(plus(square(plus(plus(plus(X(1,:),minus(sin([11.0636]),plus(X(1,:),X(1,:)))),minus(sin([10.9604]),sin(cos(sin(X(1,:)))))),square(X(2,:)))),negexp(sin(cos(negexp(sin(sin(cos(X(2,:))))))))),negexp(square(plus(plus(plus(X(1,:),minus(sin([11.0636]),plus(X(1,:),X(1,:)))),minus(sin([10.9284]),sin(cos(sin(X(1,:)))))),square(X(2,:))))))"
1,2,428,"square(square(plus(exp(cos(sin(times(plus([-49.8275],X(2,:)),plus(X(2,:),X(1,:)))))),square(plus(exp(cos(sin(X(1,:)))),X(1,:))))))"
1,2,429,"square(minus(plus(X(2,:),X(1,:)),sin(minus(times([27.4546],X(1,:)),minus(sin(sin(plus(X(2,:),times([27.7273],X(1,:))))),cos(times(X(2,:),times(plus(X(2,:),X(1,:)),X(1,:)))))))))"
1,2,430,"times(minus(minus(sin(minus(square(tanh(plus(cos(X(1,:)),exp(X(1,:))))),negexp(X(1,:)))),plus(cos(times(minus(minus(X(1,:),X(2,:)),sin(X(2,:))),minus(minus(cos([10.4760]),square(X(1,:))),square(X(1,:))))),minus(times(times(X(2,:),times(X(2,:),minus(X(2,:),X(2,:)))),X(2,:)),negexp(cos(tanh(square(X(1,:)))))))),minus(X(1,:),sin(plus(X(2,:),X(2,:))))),plus(X(2,:),plus(X(2,:),X(2,:))))"
1,2,431,"plus(sin(plus(plus(square([69.1194]),X(2,:)),plus(plus(X(1,:),X(2,:)),square(X(1,:))))),times([-48.4189],sin(plus(plus(square([68.9477]),X(2,:)),plus(plus(X(1,:),X(2,:)),square(X(1,:)))))))"
1,2,432,"times(minus(square(X(1,:)),times(X(2,:),minus(cos(negexp(times(X(2,:),square(cos(X(1,:)))))),minus(X(2,:),X(1,:))))),cos(negexp(minus(minus(X(1,:),X(2,:)),X(2,:)))))"
1,2,433,"plus(X(1,:),plus(plus(tanh(X(1,:)),tanh(X(1,:))),plus(X(1,:),plus(plus(tanh(X(2,:)),tanh(X(1,:))),plus(plus(tanh(X(1,:)),tanh(X(1,:))),plus(plus(square(X(2,:)),times(X(1,:),X(1,:))),X(1,:)))))))"
1,2,434,"square(plus(times([30.6072],minus(minus(minus(minus(minus([46.9402],tanh([47.1757])),tanh(times([46.8807],X(1,:)))),tanh(tanh(times([47.1757],X(1,:))))),exp(exp(tanh(X(1,:))))),X(1,:))),plus(times([30.6072],minus(minus(minus([46.9002],tanh(tanh(X(1,:)))),X(2,:)),X(1,:))),times(times([23.5646],X(1,:)),minus(minus([47.0808],tanh([46.9002])),X(1,:))))))"
1,2,435,"plus(plus(plus(plus(plus(plus(cos(X(1,:)),cos(X(2,:))),plus(cos(sin(X(2,:))),plus(plus(cos(X(1,:)),cos(X(1,:))),square(X(1,:))))),plus(plus(cos(X(1,:)),cos(X(1,:))),plus(cos(X(2,:)),plus(X(2,:),plus(cos(X(1,:)),square(X(1,:))))))),plus(cos(times(sin(exp(sin([-78.0716]))),X(2,:))),plus(cos(X(2,:)),plus(X(2,:),plus(cos(X(1,:)),plus(cos(X(1,:)),square(X(1,:)))))))),plus(plus(cos(X(2,:)),plus(cos(times(sin(sin([-85.9245])),X(2,:))),plus(X(2,:),plus(cos(X(1,:)),plus(cos(X(1,:)),square(X(1,:))))))),plus(plus(cos(X(1,:)),plus(cos(plus(X(1,:),cos(X(1,:)))),plus([-85.8716],plus(cos(X(2,:)),square(X(1,:)))))),plus(plus(cos(X(2,:)),cos(X(1,:))),plus(cos(plus(cos(X(2,:)),cos(X(1,:)))),square(X(1,:))))))),plus(plus(plus(X(2,:),plus(plus(cos(X(1,:)),cos(X(1,:))),square(X(1,:)))),plus(cos(times(sin(sin([-85.7357])),X(2,:))),plus(cos(times(sin(sin([-85.9245])),X(2,:))),plus(X(2,:),plus(cos(X(1,:)),plus(cos(X(1,:)),square(X(1,:)))))))),plus(plus(plus(X(2,:),plus(cos(X(1,:)),plus(plus(cos(X(1,:)),cos(X(2,:))),square(X(1,:))))),plus(plus(cos(X(2,:)),cos(X(1,:))),plus(cos(X(2,:)),plus(X(2,:),plus(cos(X(1,:)),square(X(1,:))))))),plus(cos(times(sin(sin(cos(X(1,:)))),X(2,:))),plus(minus(times(tanh([6.7334]),cos(X(2,:))),minus(times(square(X(2,:)),minus(X(2,:),X(2,:))),plus(sin(X(2,:)),plus(X(1,:),X(1,:))))),plus(X(2,:),plus(cos(X(1,:)),plus(cos(X(1,:)),square(X(1,:))))))))))"
1,2,436,"square(plus(plus(plus(X(1,:),X(2,:)),exp(tanh(minus(plus(plus(plus(X(1,:),X(1,:)),X(1,:)),X(1,:)),times(plus(X(1,:),X(2,:)),minus(minus([-14.9716],X(2,:)),X(2,:))))))),exp(tanh(minus(square(X(2,:)),tanh(times(plus(plus(X(1,:),X(1,:)),plus(X(1,:),X(2,:))),minus(minus(X(1,:),[2.4240]),plus(X(1,:),X(2,:))))))))))"
1,2,437,"plus(minus(minus(plus(plus(plus(plus(X(2,:),X(2,:)),plus(X(2,:),X(2,:))),X(2,:)),X(2,:)),times(sin([4.8660]),plus(minus(plus(X(2,:),X(2,:)),minus([31.2483],plus(plus(X(1,:),[-71.1801]),[-71.3279]))),times(X(2,:),cos(sin(square(X(1,:)))))))),[31.4103]),times(X(2,:),cos(sin(times(X(2,:),cos(sin(square(X(1,:)))))))))"
1,2,438,"plus(plus(plus(minus(plus(negexp(X(1,:)),plus(square(X(1,:)),negexp(X(2,:)))),X(1,:)),plus(square(square(X(2,:))),plus(minus(square(X(1,:)),X(1,:)),plus(square(X(2,:)),negexp(X(1,:)))))),minus(minus(plus(X(1,:),plus(square(X(2,:)),negexp(X(1,:)))),sin(plus(square(cos(X(2,:))),plus(square(X(1,:)),negexp(X(2,:)))))),negexp(negexp(sin(plus(negexp(X(1,:)),plus(square(X(1,:)),negexp(X(2,:))))))))),square(minus(minus(plus(minus(minus(square(cos(X(2,:))),sin(X(1,:))),X(1,:)),plus(square(X(2,:)),negexp(X(1,:)))),sin(X(1,:))),plus([-6.4879],X(2,:)))))"
1,2,439,"times(times(negexp(exp(X(2,:))),square(square([62.5738]))),[-44.2866])"
1,2,440,"times(square(plus(plus(plus(cos(cos([-13.2288])),plus(square(X(2,:)),X(1,:))),plus(plus(cos([-13.2668]),plus(square(X(2,:)),X(1,:))),cos(tanh([-13.1643])))),square(X(2,:)))),plus(plus(cos(cos(cos(X(2,:)))),plus(cos([-13.2673]),X(1,:))),plus(X(2,:),square(X(2,:)))))"
1,2,441,"square(minus(square(minus(X(2,:),X(1,:))),plus(plus(tanh(sin(tanh(square(times([10.9376],X(1,:)))))),times(plus([-75.4733],times(X(2,:),tanh(square(X(2,:))))),sin(tanh([11.0215])))),times(plus(sin(times(minus(X(2,:),X(1,:)),sin(tanh([11.2567])))),times(square(minus(X(2,:),X(1,:))),plus(minus(X(2,:),X(1,:)),times(cos(X(1,:)),sin([-75.3727]))))),sin(tanh([10.9866]))))))"
1,2,442,"square(times([21.7844],plus(plus(exp(exp(square(square(cos(X(1,:)))))),times([-53.3709],plus(exp(square(cos([-53.8170]))),X(2,:)))),times(minus(plus(exp(square(cos([-53.8170]))),X(2,:)),X(1,:)),plus(exp(square(square(cos(X(1,:))))),X(2,:))))))"
1,2,443,"square(times([10.4937],plus(plus(times(plus(square(X(1,:)),minus(X(2,:),[-50.7141])),X(1,:)),[80.2913]),minus(minus(minus(minus([80.2913],cos(X(1,:))),plus(square(X(1,:)),minus(X(2,:),[9.9701]))),cos(times(X(1,:),minus(X(2,:),[-50.7141])))),X(2,:)))))"
1,2,444,"square(plus(times([32.6339],times([32.9364],X(1,:))),plus(plus(plus(times(X(1,:),times([33.2675],X(1,:))),plus(times([33.2675],X(1,:)),[-61.8425])),[-68.2468]),times(negexp(X(2,:)),X(1,:)))))"
1,2,445,"plus(times(minus(square(X(1,:)),exp(X(1,:))),X(1,:)),minus(plus(plus(times(minus(square(X(1,:)),exp(X(1,:))),X(1,:)),minus(plus(minus(sin(X(2,:)),square(X(1,:))),plus(square(X(2,:)),square(square(X(1,:))))),times(X(1,:),[-44.3455]))),plus(plus(times(minus(square(X(1,:)),exp(X(1,:))),X(1,:)),minus(plus(plus(X(2,:),X(2,:)),square(times(X(1,:),X(1,:)))),times(X(1,:),[-44.5642]))),plus(exp(X(1,:)),plus(X(2,:),plus(exp(X(1,:)),square(square(X(1,:)))))))),times(X(1,:),[-44.3169])))"
1,2,446,"plus(plus(plus(exp(times(negexp(minus(sin(X(1,:)),tanh(exp([54.7021])))),sin(tanh(tanh(cos(X(1,:))))))),plus(exp(X(1,:)),plus(exp(X(1,:)),plus(X(1,:),plus(X(2,:),square(X(2,:))))))),plus(exp(times(negexp(minus(sin(X(1,:)),tanh(cos(X(1,:))))),tanh(plus(X(2,:),square(X(2,:)))))),plus(exp(X(1,:)),plus(X(1,:),plus(exp(X(1,:)),square(X(2,:))))))),plus(X(2,:),plus(X(2,:),square(X(2,:)))))"
1,2,447,"times(negexp(tanh(X(2,:))),times(minus(X(2,:),[-18.6303]),plus(times(negexp(tanh(X(2,:))),plus(plus(negexp(minus(X(2,:),[-19.3557])),negexp(X(2,:))),minus(X(2,:),[-18.8633]))),minus(plus(plus(sin(X(2,:)),negexp(negexp([-18.8768]))),minus(times(tanh(X(2,:)),minus(X(2,:),minus(X(1,:),X(2,:)))),minus(X(2,:),tanh(X(2,:))))),negexp(X(2,:))))))"
1,2,448,"times([19.7646],plus(square(square(tanh(plus(plus(times(sin(X(1,:)),X(2,:)),times(sin(X(2,:)),sin(X(1,:)))),times(X(1,:),X(1,:)))))),minus(square(plus(exp(cos(square([18.6410]))),plus(cos(square(X(1,:))),times(sin(X(1,:)),X(2,:))))),tanh(X(1,:)))))"
1,2,449,"minus(exp(minus(X(1,:),square(plus(X(2,:),plus(X(2,:),X(2,:)))))),minus(exp(exp(sin(square(negexp(cos(times(X(2,:),X(1,:)))))))),plus(plus(plus(plus([-69.2679],plus([-69.3344],plus([-69.3344],plus([-69.3344],X(1,:))))),plus(X(2,:),cos(times(X(1,:),plus([-69.4626],X(1,:)))))),plus(X(2,:),cos(X(1,:)))),sin(plus(plus(X(2,:),cos(times(X(1,:),negexp([85.3944])))),plus(X(1,:),cos(times(X(1,:),negexp([85.3942])))))))))"
1,2,450,"plus(times(square(exp(times(negexp(sin(X(1,:))),X(1,:)))),negexp(minus(sin(times(negexp(sin(X(1,:))),X(1,:))),sin(minus(minus(X(2,:),sin(X(1,:))),tanh(plus(X(2,:),X(2,:)))))))),plus(sin(X(1,:)),cos(negexp(minus(minus(plus(sin(X(1,:)),X(2,:)),negexp(sin(sin([-15.6887])))),negexp(sin(negexp(sin(X(1,:))))))))))"
1,2,451,"square(minus(plus(cos(exp(negexp(square(square(square(X(2,:))))))),sin(plus(cos(exp(X(1,:))),sin(plus(X(2,:),X(2,:)))))),minus(plus(sin(plus(minus(X(1,:),square(X(1,:))),minus(minus(X(1,:),times(X(1,:),[39.7379])),square(plus(X(2,:),X(1,:)))))),plus(negexp(square(square(square(X(2,:))))),plus(negexp(square(square(X(2,:)))),plus(X(1,:),X(1,:))))),times(square(sin(sin(sin(X(1,:))))),minus(X(2,:),square(X(1,:)))))))"
1,2,452,"square(plus(times(sin(tanh(times(X(1,:),times(times(X(1,:),times(X(1,:),X(1,:))),times(X(1,:),times(X(1,:),X(1,:))))))),plus(plus(minus(minus([-58.6433],times(X(1,:),times(X(1,:),X(1,:)))),exp(X(2,:))),minus(tanh(tanh([75.3230])),plus(X(2,:),plus(X(2,:),[71.0446])))),minus(negexp(tanh(times(X(1,:),[75.3230]))),X(1,:)))),minus(minus(minus(minus(X(2,:),[19.0918]),plus(X(2,:),[70.9900])),negexp(X(1,:))),exp(X(1,:)))))"
1,2,453,"times(minus(plus(plus(sin(square(minus([63.0592],tanh(negexp(X(2,:)))))),exp(tanh(minus(times(negexp(X(2,:)),cos(X(2,:))),exp(sin(X(1,:))))))),minus(X(2,:),X(1,:))),X(1,:)),plus(tanh(minus(plus(X(2,:),X(2,:)),times(square(X(2,:)),tanh(plus(plus(minus(X(2,:),X(1,:)),sin(X(1,:))),plus(minus(X(1,:),X(1,:)),sin(X(1,:)))))))),plus(plus(sin(square(minus([63.0592],tanh(negexp(X(2,:)))))),exp(tanh(minus(times(square(X(2,:)),cos(X(2,:))),exp(sin(X(1,:))))))),minus(X(2,:),X(1,:)))))"
1,2,454,"times(minus(plus(X(2,:),minus(plus(X(2,:),X(2,:)),plus(cos(exp(tanh(cos(X(1,:))))),plus(sin(minus(negexp(X(2,:)),X(2,:))),X(1,:))))),plus(sin(plus(sin(exp(plus(negexp(X(1,:)),X(2,:)))),plus(times(tanh(cos(X(1,:))),negexp(minus(X(2,:),X(2,:)))),X(1,:)))),plus(cos(exp(sin(times(X(2,:),X(1,:))))),plus(plus(tanh(times(X(2,:),X(1,:))),sin(minus(negexp(X(1,:)),X(2,:)))),plus(sin(minus(negexp(X(1,:)),X(2,:))),X(1,:)))))),plus(sin(X(2,:)),plus(sin(minus(X(2,:),X(1,:))),X(1,:))))"
1,2,455,"times(square(cos(plus(X(2,:),plus(cos([-78.1373]),sin(times([84.7456],X(1,:))))))),[-94.9365])"
1,2,456,"times(times(plus(plus(plus(X(2,:),X(2,:)),sin(X(1,:))),plus(plus(X(1,:),X(2,:)),X(2,:))),tanh(times(times(plus(plus(X(2,:),X(2,:)),X(2,:)),minus(X(2,:),times(X(1,:),X(2,:)))),times(times(X(2,:),times(X(1,:),X(2,:))),minus(X(1,:),times(X(1,:),X(2,:))))))),X(1,:))"
1,2,457,"plus(plus(square(X(2,:)),plus(plus(square(X(2,:)),plus(minus(X(1,:),X(2,:)),times(X(1,:),X(1,:)))),times(X(1,:),X(2,:)))),plus(plus(cos(plus(exp(plus(minus(X(1,:),X(2,:)),times(minus(X(1,:),X(2,:)),X(1,:)))),exp(times(plus(times(X(1,:),X(2,:)),plus(X(1,:),[57.6981])),X(2,:))))),plus(cos(plus(plus(X(1,:),X(2,:)),plus(plus(X(1,:),[57.6627]),times(X(1,:),X(1,:))))),plus(cos(plus(plus(X(1,:),[57.6478]),exp(times(X(1,:),X(2,:))))),times(X(1,:),X(1,:))))),times(X(2,:),[20.0590])))"
1,2,458,"times(square(minus(square(minus(tanh(X(1,:)),[34.8464])),exp(plus(cos([38.4178]),X(1,:))))),minus(tanh(times(minus(plus(plus(cos(cos([-71.0583])),plus(cos([38.0886]),X(1,:))),tanh(X(2,:))),tanh(plus(tanh(minus(X(1,:),X(2,:))),cos([34.8464])))),cos(plus(cos(cos([-71.1545])),plus(cos(cos([38.4178])),X(1,:)))))),[38.2333]))"
1,2,459,"plus(times(plus(X(1,:),plus(plus(plus(X(2,:),X(2,:)),plus(plus(plus(X(1,:),square(X(2,:))),cos(X(2,:))),cos(square(X(2,:))))),square(X(2,:)))),exp(sin(negexp(square(X(1,:)))))),plus(plus(X(1,:),plus(plus(X(2,:),X(2,:)),minus(X(2,:),tanh(times(cos(minus([13.1973],X(1,:))),sin(times(X(2,:),X(1,:)))))))),plus(plus(X(1,:),plus(plus(plus(plus(X(1,:),square(X(2,:))),cos(minus([13.3964],X(1,:)))),cos(X(2,:))),square(X(2,:)))),square(X(2,:)))))"
1,2,460,"plus(square(X(1,:)),minus(plus(square(X(1,:)),minus(minus(negexp(X(2,:)),plus(sin(plus(cos(X(2,:)),sin(X(2,:)))),sin(X(2,:)))),cos(minus(negexp(sin(tanh(X(2,:)))),tanh(sin(sin(X(2,:)))))))),exp(plus(plus(cos(negexp(exp(plus(X(2,:),X(2,:))))),sin(X(2,:))),negexp(cos(X(2,:)))))))"
1,2,461,"minus(minus(minus(plus(minus(tanh(tanh(tanh(tanh(X(2,:))))),sin(cos([-60.8146]))),tanh(X(2,:))),exp(tanh(plus(minus(square(tanh(X(2,:))),minus(X(1,:),times(X(1,:),X(1,:)))),tanh(times(X(1,:),[47.1531])))))),plus(X(2,:),plus(minus(X(2,:),minus(X(1,:),plus(X(1,:),plus(X(2,:),X(2,:))))),X(2,:)))),minus(tanh(plus(plus(X(2,:),X(2,:)),tanh(tanh(tanh(tanh(X(2,:))))))),minus(minus(X(1,:),plus(X(1,:),plus(X(2,:),plus(X(2,:),X(2,:))))),plus(X(1,:),plus(X(2,:),X(2,:))))))"
1,2,462,"plus(plus(plus(plus(square(X(1,:)),plus(plus(exp(plus(plus(X(2,:),X(1,:)),sin(X(1,:)))),exp(plus(plus(X(2,:),X(1,:)),sin(X(1,:))))),X(2,:))),plus(plus(times(times(X(1,:),X(2,:)),square(X(1,:))),plus(plus(X(2,:),plus(X(2,:),X(1,:))),exp(plus(plus(X(2,:),X(1,:)),sin(X(1,:)))))),exp(plus(plus(X(2,:),X(1,:)),sin(sin(sin(X(1,:)))))))),plus(plus(X(1,:),exp(plus(plus(X(2,:),X(1,:)),sin(X(1,:))))),times(X(2,:),plus(plus(X(2,:),X(1,:)),X(1,:))))),plus(plus(plus(exp(plus(plus(X(2,:),X(1,:)),sin(X(1,:)))),plus(plus(X(1,:),exp(plus(plus(X(2,:),X(1,:)),sin(X(1,:))))),times(X(2,:),plus(plus(X(1,:),X(1,:)),X(1,:))))),plus(plus(times(times(X(1,:),X(2,:)),square(X(1,:))),plus(plus(X(2,:),plus(X(2,:),X(1,:))),exp(plus(plus(X(2,:),X(1,:)),sin(X(1,:)))))),exp(plus(plus(X(2,:),X(1,:)),sin(X(1,:)))))),exp(plus(plus(X(2,:),X(1,:)),sin(sin(sin(X(1,:))))))))"
1,2,463,"exp(times(plus(tanh(times(plus(times([73.7402],X(2,:)),square(times(X(1,:),plus(X(2,:),X(1,:))))),tanh(tanh(tanh(X(2,:)))))),plus(tanh(cos(tanh(minus(X(1,:),tanh(X(1,:)))))),plus(tanh(times([74.0685],tanh(tanh(X(2,:))))),plus(tanh(X(2,:)),plus(plus([73.6541],tanh(X(2,:))),tanh(times([74.1760],X(2,:)))))))),tanh(tanh(X(2,:)))))"
1,2,464,"square(minus(plus(times(X(1,:),exp(exp(sin([-41.0704])))),minus(plus(X(1,:),X(1,:)),minus(plus(negexp(plus(cos(X(1,:)),X(1,:))),X(2,:)),plus(X(1,:),X(1,:))))),minus(plus(minus(plus(negexp(plus(cos(X(1,:)),X(1,:))),X(2,:)),times(negexp(tanh(minus(X(2,:),X(1,:)))),times(X(1,:),X(1,:)))),minus(plus(sin(X(2,:)),X(2,:)),times(X(1,:),times(X(1,:),X(1,:))))),minus(plus(plus(tanh(minus(X(2,:),X(1,:))),plus([-96.6789],minus(X(1,:),X(2,:)))),square(sin(X(1,:)))),minus(plus(negexp(plus(cos(X(1,:)),X(1,:))),X(2,:)),times(negexp(tanh(minus(X(2,:),X(1,:)))),times(X(1,:),X(1,:))))))))"
1,2,465,"square(plus(exp(exp(tanh(plus(tanh(plus(plus(X(2,:),X(2,:)),plus(X(2,:),X(2,:)))),X(2,:))))),plus(plus(exp(X(2,:)),plus(square(square(X(1,:))),exp(exp(tanh(plus(X(2,:),X(2,:))))))),X(2,:))))"
1,2,466,"plus(times(minus(minus(X(2,:),plus(X(1,:),[-34.7027])),plus(X(1,:),exp(sin(minus(plus(plus(X(1,:),[-34.7027]),[-34.7027]),tanh(X(2,:))))))),times(times(minus(X(2,:),plus(X(1,:),[-34.7640])),minus(plus(plus(plus(X(1,:),[-34.7027]),plus(plus(X(1,:),[-34.6725]),[-34.8645])),minus([-26.5834],tanh(X(2,:)))),times(minus(X(2,:),plus(X(1,:),[-34.7027])),minus(X(1,:),plus(plus(X(1,:),[-34.7027]),[-34.7993]))))),minus(X(1,:),X(2,:)))),times(minus(minus(X(2,:),plus(X(1,:),[-34.7027])),plus(X(1,:),exp(sin(tanh(sin(X(2,:))))))),times(times(minus(X(2,:),plus(X(1,:),[-34.7640])),minus(plus(X(1,:),X(2,:)),times(minus(X(2,:),plus(X(1,:),[-34.7027])),minus(X(1,:),plus(plus(X(1,:),[-34.7027]),[-34.6654]))))),minus(X(1,:),X(2,:)))))"
1,2,467,"square(times(plus(square(minus(minus(minus(X(2,:),tanh(times(X(2,:),X(1,:)))),tanh(times(X(2,:),tanh(X(1,:))))),[-19.0435])),plus(square(minus(minus(minus(X(2,:),tanh(X(1,:))),tanh(X(1,:))),tanh(times(minus(X(2,:),X(1,:)),[-19.0435])))),square(minus(X(2,:),minus(X(2,:),[-16.7650]))))),plus(plus(X(1,:),tanh(negexp(X(1,:)))),X(2,:))))"
1,2,468,"minus(square(times(plus(plus(X(2,:),plus(X(2,:),plus(negexp(X(1,:)),square(X(2,:))))),X(1,:)),[98.7362])),times(plus(plus(plus(plus(times(plus(sin([98.7362]),[98.6010]),square(X(2,:))),times([-67.5312],sin(X(2,:)))),times(negexp(cos(X(2,:))),times(square(X(2,:)),times(X(2,:),plus(X(2,:),X(1,:)))))),plus(square(plus(times(X(1,:),negexp(X(1,:))),plus(negexp(X(1,:)),square(X(2,:))))),square(times(X(1,:),negexp(X(1,:)))))),square(plus(times(plus(X(2,:),X(1,:)),negexp(X(1,:))),plus(negexp(X(1,:)),X(2,:))))),[98.9372]))"
1,2,469,"plus(plus(square(times(exp(cos(plus(times(X(1,:),X(2,:)),plus(plus(X(1,:),X(1,:)),X(1,:))))),times(times(exp(sin(X(2,:))),exp(cos(X(1,:)))),exp(sin(X(2,:)))))),plus(plus(minus(exp(X(2,:)),times(plus(square(X(2,:)),times(square(X(1,:)),X(1,:))),X(2,:))),plus(minus(plus(X(1,:),X(1,:)),times(X(1,:),X(2,:))),X(1,:))),times([-66.8244],minus(square(X(1,:)),times(X(1,:),X(2,:)))))),square(times(times(exp(cos(times(square(X(1,:)),minus(square(X(1,:)),X(1,:))))),exp(cos(X(1,:)))),X(2,:))))"
1,2,470,"plus(plus(plus(exp(X(1,:)),plus(cos(plus(X(2,:),minus(square(negexp(X(1,:))),minus(X(1,:),exp(X(1,:)))))),plus(cos(plus(exp(X(1,:)),plus(exp(X(1,:)),square(X(2,:))))),plus(exp(X(1,:)),plus(exp(X(1,:)),square(X(2,:))))))),plus(cos(plus(X(2,:),square(X(2,:)))),plus(cos(plus(exp(X(1,:)),plus(exp(X(1,:)),square(X(2,:))))),cos(minus(square(negexp(X(1,:))),minus(X(1,:),exp(X(1,:)))))))),plus(plus(exp(X(1,:)),plus(cos(plus(X(2,:),minus(square(negexp(X(1,:))),minus(X(1,:),exp(X(1,:)))))),cos(square(X(2,:))))),plus(plus(cos(plus(X(2,:),minus(square(negexp(X(1,:))),minus([-39.1867],exp(X(1,:)))))),plus(cos(plus(exp(X(1,:)),plus(exp(X(1,:)),square(X(2,:))))),cos(plus(exp(X(1,:)),plus(exp(X(1,:)),square(X(2,:))))))),square(X(2,:)))))"
1,2,471,"square(minus(plus(minus(plus(minus(X(1,:),X(2,:)),sin(sin(X(2,:)))),square(cos(negexp(X(2,:))))),plus(minus(X(1,:),X(2,:)),sin(sin(sin(X(2,:)))))),[-13.7977]))"
1,2,472,"times(square(minus(minus(sin(sin(cos(square(X(2,:))))),minus(X(1,:),X(2,:))),minus(X(1,:),X(2,:)))),plus(sin(exp(X(1,:))),plus(plus(sin(exp(X(1,:))),plus(plus(sin(exp(X(1,:))),tanh(cos(tanh(X(1,:))))),tanh(tanh(cos(tanh(X(1,:))))))),tanh(plus(sin(exp(X(1,:))),tanh(cos(cos(tanh(X(1,:))))))))))"
1,2,473,"minus(exp(X(2,:)),minus(minus(square(plus(tanh(tanh(sin(X(2,:)))),negexp(sin(sin(cos(X(2,:))))))),square(X(1,:))),times(tanh(sin(tanh(sin(X(2,:))))),plus(times(negexp(cos(negexp(tanh(X(2,:))))),times(negexp(cos(X(2,:))),cos(sin(tanh(X(2,:)))))),times(cos(square(X(2,:))),minus(plus(exp(X(2,:)),X(1,:)),times(X(1,:),plus(exp(X(2,:)),X(2,:)))))))))"
1,2,474,"times(square(square(plus(X(2,:),sin(negexp(times(X(1,:),times(X(1,:),X(1,:)))))))),plus(plus(X(2,:),sin(square(exp([65.5124])))),plus(sin(square(X(2,:))),plus(plus(plus(X(2,:),X(2,:)),minus(X(1,:),X(2,:))),square(X(2,:))))))"
1,2,475,"square(plus(plus(plus(cos(times([-18.8836],X(2,:))),cos(times(exp(X(2,:)),negexp(X(1,:))))),plus(cos(times(times(X(1,:),X(1,:)),cos(X(2,:)))),cos(times([-18.8713],times(exp(X(2,:)),negexp(X(1,:))))))),plus(plus(plus(cos(times([-18.8836],negexp(X(1,:)))),cos(times(exp(negexp(X(1,:))),negexp(X(1,:))))),plus(X(2,:),cos(times(exp(X(2,:)),negexp(X(1,:)))))),times(plus(X(2,:),[6.5397]),times(X(2,:),sin(square(sin(sin(X(1,:))))))))))"
1,2,476,"square(minus(minus(times(sin(times(minus(X(2,:),sin(exp([-5.9029]))),minus(cos(exp(X(2,:))),exp(square(X(1,:)))))),[-41.7471]),times(X(2,:),[70.7846])),times(exp(plus(cos(sin(X(2,:))),sin(tanh(sin(tanh(X(2,:))))))),[-41.5009])))"
1,2,477,"times(plus(plus(X(2,:),X(2,:)),plus(X(2,:),X(2,:))),minus(minus(minus(minus(minus(X(2,:),X(1,:)),tanh(times(plus(X(2,:),tanh(X(2,:))),minus(minus(X(2,:),X(1,:)),X(1,:))))),X(1,:)),tanh(tanh(times(minus(X(2,:),X(1,:)),minus(minus(X(2,:),X(1,:)),X(1,:)))))),tanh(minus(minus(X(2,:),X(1,:)),tanh(times(square(minus(square(X(1,:)),minus(X(2,:),X(1,:)))),plus(cos(X(1,:)),exp(minus(X(2,:),X(1,:))))))))))"
1,2,478,"minus(minus(X(1,:),times(X(1,:),X(2,:))),times(X(2,:),times(times(X(2,:),cos(square(X(2,:)))),sin(times(minus(exp(X(1,:)),times(X(2,:),[18.6908])),cos(negexp(X(1,:))))))))"
1,2,479,"times(minus(times(minus([-86.2804],tanh(minus(X(1,:),minus(X(1,:),X(2,:))))),cos(sin(cos(negexp(times(X(2,:),X(1,:))))))),tanh(sin(square(X(1,:))))),cos(sin(minus(square(negexp(X(2,:))),minus(X(1,:),X(2,:))))))"
1,2,480,"plus(times(X(1,:),minus(X(1,:),times(minus(cos(minus(square(square(X(1,:))),square(sin([58.9263])))),minus(cos(minus(square(X(1,:)),times(X(2,:),[58.9350]))),sin(times(square(X(1,:)),square([58.9273]))))),exp(cos(tanh(sin(square([-24.4217])))))))),square(X(2,:)))"
1,2,481,"plus(plus(square(X(1,:)),square(X(2,:))),plus(plus(sin(X(1,:)),plus(plus(minus(negexp(negexp(X(1,:))),square(tanh(square(X(1,:))))),X(1,:)),plus(sin(plus(negexp(negexp(X(1,:))),sin(plus([-68.7789],X(2,:))))),X(1,:)))),plus(plus([2.7522],X(1,:)),X(1,:))))"
1,2,482,"times([59.8743],plus(minus(minus(minus(minus(minus(minus(X(2,:),square(X(1,:))),square(X(1,:))),square(X(1,:))),square(minus(X(1,:),square(tanh(X(1,:)))))),minus(times([21.8845],tanh(times([22.0853],tanh(X(1,:))))),minus(square(minus(minus([21.1608],X(2,:)),X(2,:))),square(X(1,:))))),minus(square(X(1,:)),square(minus(square(minus(tanh(X(1,:)),X(2,:))),minus(minus(X(1,:),X(2,:)),X(2,:)))))),plus(square(minus(minus(minus(minus(minus([21.8845],X(2,:)),X(2,:)),X(2,:)),square(minus(X(1,:),X(2,:)))),X(2,:))),square(minus(tanh(times([21.8845],tanh(times([22.0853],X(1,:))))),minus(square(minus(minus([21.1608],X(2,:)),X(2,:))),tanh(X(1,:))))))))"
1,2,483,"plus(plus(X(1,:),plus(plus(square(X(2,:)),plus(plus(X(1,:),square(plus(square(X(2,:)),X(2,:)))),plus(X(2,:),exp(X(2,:))))),times(plus(plus(minus(cos(X(2,:)),cos(times(X(1,:),X(1,:)))),square(plus(square(X(2,:)),X(2,:)))),plus(square(plus(square(X(2,:)),X(2,:))),minus(cos(X(2,:)),cos(X(1,:))))),tanh(plus(plus(X(1,:),minus(X(1,:),X(2,:))),plus(square(X(2,:)),X(2,:))))))),plus(plus(plus(square(X(2,:)),plus(plus(X(1,:),plus(plus(X(2,:),X(1,:)),plus(square(X(2,:)),X(1,:)))),plus(X(1,:),minus(X(1,:),X(2,:))))),times(plus(X(1,:),plus(square(X(2,:)),exp(X(2,:)))),tanh(plus(times(tanh(X(1,:)),cos(X(1,:))),plus(cos(X(1,:)),exp(X(2,:))))))),plus(X(1,:),plus(plus(plus(X(1,:),X(1,:)),plus(square(X(2,:)),exp(X(2,:)))),X(2,:)))))"
1,2,484,"plus(minus(minus(plus(plus(minus(minus(minus(exp(X(2,:)),times(X(2,:),X(2,:))),times(X(2,:),times(X(2,:),[-1.9425]))),square(X(1,:))),exp(X(1,:))),plus(minus(minus(minus(exp(X(2,:)),times(X(2,:),[-1.9425])),times(X(2,:),times(X(2,:),[-1.8299]))),square(X(1,:))),exp(X(1,:)))),times(X(2,:),times(X(2,:),[-1.8299]))),square(X(1,:))),exp(X(1,:)))"
1,2,485,"plus(plus(X(2,:),plus(plus(X(2,:),plus([46.2021],plus(plus(plus(X(2,:),X(2,:)),plus(X(2,:),plus(X(2,:),X(2,:)))),plus(X(2,:),plus(X(2,:),plus(X(2,:),X(1,:))))))),tanh(tanh(negexp(cos(negexp(X(2,:)))))))),tanh(tanh(negexp(cos(negexp(X(2,:)))))))"
1,2,486,"square(minus(minus(minus(plus(X(2,:),minus(square(X(2,:)),plus(minus(X(2,:),cos(X(1,:))),X(1,:)))),square(plus(plus(minus(X(2,:),[-10.3654]),negexp(minus(X(2,:),[-10.0201]))),minus(X(2,:),cos(X(1,:)))))),square(square(X(1,:)))),plus(plus(minus(sin(minus(X(2,:),[-10.3654])),cos(X(1,:))),plus(minus(sin(X(1,:)),cos(X(1,:))),plus(plus(minus(X(2,:),[-10.1787]),X(1,:)),minus(X(2,:),cos(X(1,:)))))),plus(minus(plus(minus(X(2,:),cos(X(1,:))),X(1,:)),cos(X(1,:))),negexp(plus(plus(minus(X(2,:),[-9.7213]),X(1,:)),minus(X(2,:),sin(X(2,:)))))))))"
1,2,487,"square(square(plus(tanh(times(X(2,:),square(plus(sin(X(2,:)),cos([-46.3701]))))),cos(tanh(times(X(2,:),square(plus(sin(X(2,:)),cos([-46.2140])))))))))"
1,2,488,"plus(times(times(square(times(X(1,:),negexp(tanh(X(1,:))))),negexp(tanh(times(X(1,:),square(square(X(1,:))))))),times(X(1,:),negexp(tanh(plus(tanh(X(1,:)),sin(sin(X(2,:)))))))),times(cos(sin(X(2,:))),plus(times(X(1,:),square(square(X(1,:)))),times(cos(sin(X(2,:))),plus(square(square(square(X(2,:)))),sin(times(X(1,:),sin(sin([66.2321])))))))))"
1,2,489,"square(plus(minus(minus(sin(exp(X(2,:))),minus(minus(minus(minus(minus(X(2,:),X(1,:)),times([-65.7318],X(2,:))),[37.7692]),X(1,:)),[37.7302])),minus(minus(X(2,:),X(1,:)),[37.7358])),plus(exp(X(1,:)),square(square(X(2,:))))))"
1,2,490,"square(plus(plus(plus(plus(X(2,:),plus(X(2,:),times(plus(exp([-19.4116]),plus(X(2,:),X(1,:))),[44.8321]))),minus(tanh(X(2,:)),tanh(tanh(plus(exp(X(1,:)),X(1,:)))))),times(plus(plus(X(2,:),times(plus(exp([-44.7043]),plus(X(2,:),X(1,:))),[45.0352])),plus(plus([-19.6788],[-67.5758]),exp(X(1,:)))),[-19.4658])),[-44.7882]))"
1,2,491,"times(plus(plus(plus(times(plus(plus(plus(times(X(2,:),X(2,:)),plus(X(2,:),X(2,:))),[-51.9986]),X(2,:)),X(2,:)),cos(plus(cos(X(1,:)),plus(X(2,:),X(2,:))))),times(plus(square(X(1,:)),plus(cos(X(1,:)),plus(cos(plus(X(2,:),X(2,:))),plus(cos(X(1,:)),plus(X(2,:),X(2,:)))))),plus(times(X(2,:),X(2,:)),[-27.7292]))),times(plus(plus(times(X(2,:),X(2,:)),X(2,:)),[-52.0236]),times(plus(square(X(1,:)),plus(cos(X(1,:)),plus(X(2,:),X(2,:)))),plus(times(X(2,:),X(2,:)),[-27.6507])))),square([-50.8613]))"
1,2,492,"minus(square(plus(plus(minus(plus(plus(sin(exp(X(1,:))),tanh([29.4795])),[29.5868]),plus(times(X(2,:),X(1,:)),[-61.1707])),plus(plus(negexp(tanh(square(X(2,:)))),square(negexp(exp([-97.1478])))),[29.5868])),times(minus(square(X(1,:)),square(square(X(2,:)))),plus(square(X(1,:)),[-61.1244])))),minus(sin(minus(minus(plus(plus(X(1,:),tanh([29.5868])),[29.6195]),plus(times(X(2,:),X(1,:)),X(1,:))),[37.1278])),times(times(plus(square(minus(X(1,:),[-61.0601])),times(plus([-61.1707],[29.2967]),times(X(2,:),[37.1278]))),times(plus(plus(sin(square(X(1,:))),tanh([-61.1707])),[29.5142]),square(X(1,:)))),X(1,:))))"
1,2,493,"minus(sin(minus(minus(sin(times([19.2527],minus(X(1,:),X(2,:)))),times([19.1551],minus(X(1,:),X(2,:)))),minus(X(2,:),sin(sin(square(plus(X(2,:),[-15.3219]))))))),times(minus([-43.6434],[53.2437]),minus(minus(X(1,:),minus(plus(X(2,:),[-15.3219]),sin(square(plus(X(2,:),[-15.3219]))))),X(2,:))))"
1,2,494,"times(plus(tanh(exp(X(2,:))),plus(tanh(exp(X(2,:))),plus(tanh(negexp(minus(exp(X(2,:)),minus(plus(X(1,:),X(1,:)),square(X(2,:)))))),plus(tanh(exp(X(2,:))),exp(exp(tanh(exp(X(2,:))))))))),plus(negexp(minus(tanh(times(exp(tanh(X(1,:))),minus(sin(X(2,:)),negexp(X(1,:))))),cos(X(2,:)))),plus(negexp(minus(tanh(times(tanh(square(X(1,:))),minus(square(X(2,:)),negexp(X(1,:))))),cos(X(2,:)))),square(X(2,:)))))"
1,2,495,"square(plus(times(times(X(2,:),plus(minus(X(1,:),X(2,:)),tanh(tanh(times(times(X(2,:),X(1,:)),plus(X(2,:),X(2,:))))))),minus(minus(plus(X(2,:),X(1,:)),plus(X(2,:),X(1,:))),minus(tanh(square(X(2,:))),times(negexp([13.2020]),tanh(plus(X(1,:),plus(X(2,:),X(2,:)))))))),times(X(2,:),times(square(X(2,:)),X(1,:)))))"
1,2,496,"times(minus(X(1,:),negexp(times(cos(exp(plus([97.9382],plus(X(1,:),square(X(1,:)))))),X(1,:)))),times(times(sin(times(X(2,:),[83.9053])),exp(exp(minus(cos([83.7094]),cos(exp(cos([83.9783]))))))),exp(exp(cos(cos(X(1,:)))))))"
1,2,497,"times(cos(cos(sin(exp(X(2,:))))),times(plus(plus(cos(X(1,:)),X(1,:)),plus(plus(plus(plus(X(1,:),X(2,:)),sin(plus(times(X(2,:),X(2,:)),tanh(X(1,:))))),cos(plus(exp(X(2,:)),X(1,:)))),sin(plus(times(X(2,:),X(2,:)),X(2,:))))),plus(plus(plus(plus(X(1,:),X(2,:)),sin(plus(times(X(2,:),X(2,:)),tanh(tanh(X(1,:)))))),cos(X(2,:))),cos(exp(exp(X(2,:)))))))"
1,2,498,"times(exp(exp(sin(minus(X(2,:),times(exp(plus(tanh(X(1,:)),X(2,:))),plus(plus(X(1,:),X(1,:)),exp(X(2,:)))))))),plus(plus(times(square(X(2,:)),plus(X(1,:),X(1,:))),square(plus(tanh(cos(times(X(2,:),[20.7795]))),square(X(2,:))))),square(X(2,:))))"
1,2,499,"times(square(cos(times(X(1,:),plus(minus(cos(tanh(X(1,:))),negexp(X(2,:))),plus(minus(cos(X(1,:)),X(2,:)),times(X(1,:),X(1,:))))))),plus(plus([-6.9349],plus(minus(X(1,:),minus(exp(cos(X(2,:))),X(1,:))),exp(X(1,:)))),times(minus(times(X(2,:),X(1,:)),[-7.0817]),times(X(1,:),X(2,:)))))"
1,2,500,"plus(times(square(minus(minus(sin(plus(X(2,:),plus(X(2,:),exp(X(2,:))))),[-57.0241]),exp(X(2,:)))),sin(plus(X(2,:),sin(minus(X(2,:),[84.0667]))))),plus(plus(times(square(minus(minus(minus(X(1,:),minus(X(1,:),[-57.1500])),exp(X(2,:))),exp(X(2,:)))),sin(plus(X(2,:),sin(minus(X(1,:),[84.0667]))))),plus(square([-30.7762]),minus(times(minus(X(2,:),[84.0667]),plus(square([-30.7762]),minus(plus(X(1,:),X(1,:)),exp(X(2,:))))),exp(square(times(negexp(X(2,:)),sin([6.3011]))))))),minus(times(exp(X(2,:)),plus(square([-30.8422]),minus(minus(plus(X(1,:),X(2,:)),[-57.1500]),exp(X(2,:))))),cos(plus(times(minus(minus(X(1,:),[84.0667]),[84.0667]),plus(minus(X(2,:),[84.0667]),minus(plus(X(1,:),X(1,:)),exp(X(2,:))))),X(1,:))))))"
1,2,501,"square(minus(minus(cos(minus(cos(minus(negexp(plus(X(2,:),X(2,:))),negexp(X(1,:)))),negexp([-14.9168]))),minus(minus(X(1,:),X(1,:)),tanh(plus(X(1,:),X(2,:))))),minus(X(2,:),X(1,:))))"
1,2,502,"plus(times(X(2,:),X(1,:)),plus(plus(X(2,:),plus(plus(X(1,:),square(plus(cos(minus(X(2,:),X(2,:))),cos(times([51.1552],X(2,:)))))),square(plus(cos([50.9710]),cos(times([50.9781],X(2,:))))))),plus(times(X(2,:),plus(X(1,:),cos(plus(times(X(2,:),X(1,:)),X(2,:))))),plus(square(plus(cos(minus(X(2,:),X(2,:))),plus(cos(minus(X(2,:),X(2,:))),cos(times([51.0156],X(2,:)))))),X(2,:)))))"
1,2,503,"times([-37.8067],times([-37.8067],negexp(negexp(cos(cos(cos(times(minus(X(2,:),X(1,:)),cos([52.1321])))))))))"
1,2,504,"plus(times(minus(square(minus(X(1,:),X(2,:))),minus(minus([88.0723],plus(times(X(2,:),X(1,:)),times(plus(X(1,:),X(2,:)),X(1,:)))),square(X(2,:)))),negexp(square(sin(plus(times(X(2,:),X(1,:)),plus(times(X(2,:),X(1,:)),X(2,:))))))),square(minus(X(1,:),X(2,:))))"
1,2,505,"plus(plus(tanh(plus(X(2,:),X(2,:))),plus(tanh(plus(X(2,:),X(2,:))),times(plus(plus([-14.6525],X(1,:)),X(1,:)),X(2,:)))),plus(plus(square(minus(X(2,:),X(1,:))),plus(exp(sin(X(2,:))),plus(X(2,:),X(1,:)))),plus(square(tanh(sin(plus(sin(minus([16.4964],X(2,:))),tanh(plus([-14.6773],X(2,:))))))),plus(plus(plus(X(2,:),X(1,:)),plus(plus(plus([-14.6773],X(2,:)),X(1,:)),X(1,:))),X(1,:)))))"
1,2,506,"square(times(plus(plus(plus(sin(plus(X(1,:),[-16.0721])),plus(X(2,:),plus(sin(plus(X(1,:),[-16.0721])),[-29.2633]))),plus(sin(plus(X(1,:),[-29.2376])),plus(sin(plus(X(1,:),[-16.0740])),[-29.3653]))),times(plus(X(1,:),cos(tanh(X(1,:)))),[-29.1939])),[-29.2633]))"
1,2,507,"plus(plus(cos(times(plus(X(1,:),X(2,:)),tanh(times([26.9958],X(2,:))))),negexp(plus(X(2,:),plus(X(1,:),plus(square(cos(plus(X(1,:),[-23.0352]))),plus(square(plus(X(1,:),X(2,:))),X(2,:))))))),plus(plus(plus(X(2,:),plus(plus(square(plus(X(1,:),[-23.0082])),X(2,:)),plus(X(2,:),plus(X(2,:),minus(negexp(X(1,:)),sin(X(1,:))))))),cos(plus(X(2,:),[-23.1121]))),plus(plus(minus(X(1,:),sin(plus(X(2,:),minus(negexp(X(1,:)),sin(X(2,:)))))),X(2,:)),plus(X(2,:),minus(plus(X(2,:),minus(minus(negexp(X(1,:)),sin(X(1,:))),sin(X(2,:)))),plus(square(X(2,:)),cos(X(2,:))))))))"
1,2,508,"plus(plus(plus(plus(X(2,:),plus(plus(plus(plus(X(2,:),X(2,:)),X(2,:)),plus(plus(plus(X(2,:),X(2,:)),X(2,:)),X(2,:))),X(2,:))),plus(plus(plus(plus(plus(plus(X(2,:),X(2,:)),X(2,:)),minus(exp(X(2,:)),times(X(1,:),X(1,:)))),X(2,:)),plus(plus(minus(exp(X(2,:)),times(X(1,:),X(1,:))),minus(cos(X(1,:)),sin([-99.1799]))),X(2,:))),plus(plus(times(times(X(1,:),X(1,:)),X(2,:)),tanh(X(1,:))),plus(plus(X(2,:),X(2,:)),X(2,:))))),plus(plus(plus(plus(plus(X(2,:),X(2,:)),X(2,:)),plus(plus(plus(X(2,:),X(2,:)),X(2,:)),exp(negexp(cos(X(1,:)))))),X(2,:)),exp(negexp(cos(X(1,:)))))),X(2,:))"
1,2,509,"plus(plus(square(sin(tanh(plus(square(sin(X(1,:))),tanh(tanh(X(1,:))))))),minus(plus(minus(X(2,:),sin(X(2,:))),plus(X(2,:),tanh(times([91.2541],X(2,:))))),minus(sin(tanh(plus(square(sin(X(1,:))),tanh(tanh(X(1,:)))))),plus(X(2,:),plus(minus(plus(plus(X(2,:),X(2,:)),X(2,:)),minus(sin(X(2,:)),plus(X(2,:),X(1,:)))),X(2,:)))))),plus(X(2,:),tanh(tanh(tanh(minus(plus(X(2,:),X(2,:)),minus(sin(X(2,:)),plus(X(2,:),X(1,:)))))))))"
1,2,510,"plus(plus(cos(square(plus(plus(sin(sin(X(2,:))),plus(X(1,:),exp(X(2,:)))),plus(square(minus(sin([76.1470]),X(2,:))),negexp(X(1,:)))))),plus(minus(square(plus(plus(sin(X(2,:)),plus(X(1,:),exp(X(2,:)))),plus(square(X(1,:)),negexp(X(1,:))))),times(times(X(2,:),square(minus(sin([76.1578]),X(2,:)))),X(2,:))),minus(square(plus(plus(sin(sin([76.3335])),plus(X(1,:),exp(X(2,:)))),plus(square(X(1,:)),negexp(X(1,:))))),times(times(X(2,:),square(minus(sin([76.1578]),X(2,:)))),X(2,:))))),minus(square(plus(plus(sin(X(2,:)),plus(X(1,:),exp(X(2,:)))),[75.9349])),times(times(X(2,:),square(minus(sin([76.1578]),X(2,:)))),X(2,:))))"
1,2,511,"plus(exp(plus(tanh(times(tanh(negexp(X(2,:))),tanh(tanh(times(negexp(X(2,:)),sin(X(2,:))))))),negexp(square(X(1,:))))),negexp(sin(tanh(tanh(plus(exp(sin(sin(X(2,:)))),times(negexp(X(2,:)),X(2,:))))))))"
1,2,512,"square(times(times(plus(tanh(exp(cos(square(exp(X(2,:)))))),X(1,:)),plus(plus(tanh(plus(sin([-13.8737]),minus(X(2,:),[-13.8737]))),cos(sin(minus(X(2,:),[-13.9026])))),X(1,:))),plus(cos(negexp(X(1,:))),plus(sin(X(1,:)),plus(sin(X(1,:)),plus(tanh(tanh(X(1,:))),minus(X(2,:),[-13.9708])))))))"
1,2,513,"square(plus(plus(plus(square(square(square(square(tanh(X(1,:)))))),plus(square(tanh(X(1,:))),exp(minus(X(1,:),cos(minus([22.5895],X(2,:))))))),exp(minus(X(1,:),cos(exp(minus([22.6928],cos(X(1,:)))))))),square(minus(minus(square(X(2,:)),cos(minus(X(1,:),X(2,:)))),square(tanh(minus(X(1,:),tanh([22.7638]))))))))"
1,2,514,"times(times(square(plus(times(minus(X(1,:),X(2,:)),tanh(times(X(1,:),square(minus(X(1,:),X(2,:)))))),plus([11.5539],plus(plus(square(minus(X(1,:),X(2,:))),square([11.7015])),square([11.7408]))))),[9.2273]),square([9.1893]))"
1,2,515,"square(plus(plus(plus(minus(minus(times(X(1,:),plus(X(2,:),X(2,:))),sin(square(X(2,:)))),exp(X(2,:))),plus(times([-64.8462],X(1,:)),minus(times(plus(X(1,:),X(2,:)),X(2,:)),exp(X(2,:))))),plus(negexp(X(2,:)),plus(times([-64.9092],X(1,:)),minus(times(minus(times([-20.9058],X(2,:)),exp(X(2,:))),X(2,:)),[-64.9092])))),plus(times([-64.9432],X(1,:)),minus(times([-20.9058],plus([-20.9058],plus(times([-64.9092],X(1,:)),minus(times([-20.9058],X(2,:)),exp(X(2,:)))))),minus(X(1,:),plus(times([-64.9432],X(1,:)),minus(plus(times([-64.9092],X(1,:)),plus(X(2,:),X(2,:))),exp(X(2,:)))))))))"
1,2,516,"times(minus(X(2,:),minus(sin(X(2,:)),[-18.4289])),minus(minus(times(minus([-18.2609],minus(minus(X(1,:),cos(square([-18.3784]))),[-18.3784])),minus(minus(square([-18.3784]),minus(minus(X(1,:),cos([-18.3784])),X(2,:))),X(1,:))),sin(times(minus([-18.3784],minus(minus(X(1,:),cos([-18.3784])),[-18.3784])),minus(square([-18.3784]),X(1,:))))),minus(exp(minus(X(1,:),plus(X(2,:),X(1,:)))),times(times(minus(X(2,:),minus(minus(X(1,:),cos(X(1,:))),X(2,:))),minus(square([-18.3889]),minus(minus(X(1,:),cos([-18.3784])),X(2,:)))),minus([47.6788],times(minus(X(2,:),minus(minus(X(1,:),X(2,:)),X(2,:))),minus(X(2,:),[-18.3784])))))))"
1,2,517,"plus(times(plus(times(negexp(plus(sin(X(2,:)),minus(plus(tanh(X(1,:)),tanh(X(2,:))),cos(tanh(X(2,:)))))),minus(X(1,:),X(2,:))),X(1,:)),minus(minus(X(1,:),plus(tanh(X(2,:)),tanh(square(X(1,:))))),times(X(1,:),X(1,:)))),plus(times(times(X(2,:),[55.2443]),minus(minus(X(1,:),X(2,:)),tanh(times(X(2,:),square(X(1,:)))))),minus(minus(X(2,:),X(1,:)),minus(minus(plus(sin(X(1,:)),X(1,:)),sin(times(X(2,:),[55.4585]))),minus(minus(minus(minus(X(2,:),X(2,:)),square(X(2,:))),X(1,:)),square(X(2,:)))))))"
1,2,518,"plus(plus(plus(plus(tanh(negexp(cos(plus([95.0321],X(1,:))))),plus(tanh(X(2,:)),plus(X(2,:),plus([95.0321],X(1,:))))),negexp(plus(plus(X(2,:),minus(tanh(cos(X(2,:))),cos(plus(X(2,:),X(1,:))))),minus(sin(X(2,:)),cos(negexp(minus(X(2,:),X(2,:)))))))),X(1,:)),plus(plus(plus(plus(plus(plus(plus(tanh(X(2,:)),plus(X(2,:),X(1,:))),plus(tanh(X(2,:)),plus(X(2,:),X(1,:)))),negexp(X(2,:))),plus(tanh(cos(X(2,:))),plus(X(2,:),X(1,:)))),negexp(X(2,:))),X(1,:)),negexp(X(2,:))))"
1,2,519,"square(plus(minus(minus(minus(plus(tanh(tanh(X(2,:))),cos(X(1,:))),negexp(tanh(minus(X(2,:),X(1,:))))),minus(X(2,:),X(1,:))),X(2,:)),plus(minus(minus(minus(plus(tanh(minus(X(2,:),X(1,:))),cos([-53.2290])),negexp(tanh(plus(X(2,:),X(2,:))))),minus(X(2,:),X(1,:))),X(2,:)),X(1,:))))"
1,2,520,"times(times(X(1,:),minus(plus(times(exp(sin(cos(X(1,:)))),times(plus(X(1,:),plus(X(2,:),[-72.0793])),cos(times(X(1,:),X(2,:))))),minus(times(X(1,:),X(2,:)),minus(minus(exp(X(2,:)),negexp(X(2,:))),negexp(X(2,:))))),square(times(times(X(1,:),X(2,:)),cos(plus(sin(sin(X(1,:))),tanh(minus(X(2,:),X(1,:))))))))),cos(X(1,:)))"
1,2,521,"times(times(minus(X(1,:),square(times(cos(negexp(X(1,:))),cos(times(negexp(times(X(2,:),X(1,:))),X(1,:)))))),minus(square(cos(negexp(X(2,:)))),cos(times(negexp(minus(times(X(2,:),X(1,:)),X(1,:))),tanh(X(1,:)))))),times(plus(X(2,:),[15.7694]),negexp(X(2,:))))"
1,2,522,"plus(plus(plus(plus(plus(plus(plus(plus(tanh([4.1154]),plus(X(2,:),X(1,:))),X(2,:)),X(2,:)),[21.5060]),cos(times(X(2,:),plus(plus(X(1,:),X(2,:)),cos([4.1154]))))),tanh(times(sin(times(plus(X(2,:),X(1,:)),negexp(X(1,:)))),times(X(2,:),plus(X(1,:),X(2,:)))))),times(plus(plus(plus(plus(plus(X(1,:),plus(X(1,:),X(1,:))),X(2,:)),X(2,:)),[21.5060]),X(1,:)),square(tanh(cos(times(X(2,:),plus(plus(X(1,:),X(2,:)),cos([4.1154])))))))),times(plus(plus(plus(plus(X(1,:),X(2,:)),X(1,:)),minus([18.8270],X(1,:))),[21.4940]),times(plus(plus(plus(plus(plus(tanh(X(1,:)),plus(X(1,:),X(1,:))),X(2,:)),X(2,:)),[21.5060]),plus(plus(tanh(X(1,:)),plus(X(1,:),X(1,:))),X(2,:))),square(tanh(cos(times(X(2,:),plus(tanh(X(1,:)),X(2,:)))))))))"
1,2,523,"times(square(times(X(2,:),plus(X(1,:),X(1,:)))),square(sin(minus(minus(times(plus(times(X(2,:),X(1,:)),X(2,:)),tanh(X(2,:))),tanh(negexp(times(X(1,:),X(1,:))))),sin(square(square(times(times(X(2,:),X(1,:)),X(1,:)))))))))"
1,2,524,"square(times(times(square(plus(X(1,:),square([-1.5110]))),square(square([-1.4081]))),minus(minus(minus(exp([1.8315]),sin(minus([27.3645],X(2,:)))),negexp(minus(square(plus(X(1,:),square([-1.5110]))),square([-1.4081])))),negexp(times(square(X(1,:)),minus([1.8315],sin(sin(minus([27.4240],X(2,:))))))))))"
1,2,525,"square(plus(plus(times(X(1,:),cos(cos(square(times([-56.8072],cos(X(1,:))))))),X(2,:)),square(times(square(times(tanh(plus(plus(X(2,:),X(1,:)),plus(X(1,:),X(2,:)))),cos(X(2,:)))),times(tanh(plus(plus(X(1,:),X(2,:)),X(2,:))),times(tanh(plus(X(1,:),X(2,:))),cos(X(2,:))))))))"
1,2,526,"times(cos(negexp(times(X(1,:),X(2,:)))),minus(minus(minus(minus(negexp(exp(times(X(1,:),X(2,:)))),times(X(2,:),X(1,:))),times(X(1,:),X(2,:))),times(X(1,:),X(2,:))),exp(negexp(negexp(minus(minus(negexp(X(2,:)),square(X(2,:))),square(X(1,:))))))))"
1,2,527,"times(sin(plus(plus(times(plus(plus(X(2,:),X(1,:)),square(X(2,:))),sin(sin(plus(plus(X(2,:),X(1,:)),square(X(2,:)))))),sin(times(X(2,:),plus(X(2,:),X(1,:))))),times(negexp(plus(plus(X(1,:),X(1,:)),cos(X(2,:)))),sin(cos(sin(X(2,:))))))),plus(X(2,:),X(1,:)))"
1,2,528,"minus(plus(cos(times([15.8583],sin(plus(X(2,:),X(1,:))))),minus(plus(X(2,:),X(1,:)),minus(X(1,:),plus(cos(times(cos(X(2,:)),times(cos(X(2,:)),[-99.5826]))),square(plus(X(2,:),X(1,:))))))),plus(times([15.9294],sin(plus(times(minus(X(2,:),times(X(1,:),X(2,:))),X(2,:)),minus(cos(X(2,:)),minus(X(2,:),times(X(1,:),X(1,:))))))),minus(minus(cos(minus(X(2,:),cos(minus([62.0800],[62.0800])))),minus(X(2,:),times(X(1,:),X(2,:)))),minus(X(2,:),times(X(1,:),X(2,:))))))"
1,2,529,"plus(plus(plus(plus([16.7278],X(1,:)),X(1,:)),tanh(minus(tanh(minus(sin(minus(plus(X(1,:),X(2,:)),cos(X(1,:)))),sin(plus(X(1,:),X(1,:))))),sin(cos(plus([16.7484],X(1,:))))))),plus(times(times(tanh(X(1,:)),plus(plus(X(1,:),X(1,:)),times(times(tanh(X(1,:)),square(X(2,:))),cos(cos(plus([16.8033],X(1,:))))))),cos(cos(X(1,:)))),X(1,:)))"
1,2,530,"plus(times(square(X(2,:)),times(square([70.1206]),[70.1206])),minus(times(square(plus(plus(times([70.1206],X(2,:)),plus([70.1206],[10.7647])),plus([70.1206],[10.7647]))),plus([70.4745],[10.8183])),plus(plus(times(square(plus(times(plus([70.1206],[10.7257]),X(2,:)),plus(square(X(2,:)),[10.7257]))),[70.1206]),times([70.1206],times(square(plus([58.3177],[70.1206])),tanh(negexp(X(2,:)))))),minus(tanh([58.3177]),plus(square(plus(square(plus([70.1663],[70.1206])),X(1,:))),square([70.1206]))))))"
1,2,531,"plus(plus(plus(plus(plus(plus(plus(plus(times(X(1,:),[87.6778]),times(X(1,:),X(1,:))),times(X(2,:),X(1,:))),times(X(2,:),X(1,:))),times(X(1,:),X(1,:))),times(X(2,:),X(1,:))),plus(minus(plus(minus(X(2,:),X(1,:)),X(2,:)),X(1,:)),plus(minus(X(2,:),sin(times(X(2,:),X(2,:)))),X(2,:)))),times(minus(X(2,:),times(X(2,:),X(1,:))),X(1,:))),square(plus(X(1,:),minus(X(1,:),minus(minus(plus(X(1,:),X(2,:)),X(1,:)),X(1,:))))))"
1,2,532,"plus(plus(plus(plus(plus(plus(plus(sin(X(1,:)),square(X(2,:))),plus(plus(exp(X(1,:)),sin(X(1,:))),sin(X(1,:)))),plus(exp(X(1,:)),sin(X(1,:)))),square(X(2,:))),plus(exp(X(1,:)),sin(X(1,:)))),plus(cos(sin(sin(X(1,:)))),plus(plus(X(2,:),square(X(2,:))),plus(exp(tanh(X(1,:))),sin(plus(exp(X(1,:)),X(1,:))))))),plus(plus(plus(plus(plus(sin(X(1,:)),square(X(2,:))),plus(plus(exp(X(1,:)),sin(X(1,:))),sin(X(1,:)))),sin(X(1,:))),plus(plus(sin(square(X(2,:))),square(X(2,:))),plus(plus(exp(X(1,:)),sin(X(1,:))),sin(X(1,:))))),sin(X(1,:))))"
1,2,533,"plus(X(2,:),plus(plus(X(2,:),X(2,:)),plus(plus(X(2,:),X(2,:)),plus(X(2,:),plus(plus(X(2,:),X(2,:)),plus(X(2,:),plus(plus([62.2512],X(2,:)),X(1,:))))))))"
1,2,534,"minus(square(times(X(1,:),square(X(2,:)))),minus(times(X(1,:),minus(exp(square(negexp(sin(X(2,:))))),minus(X(1,:),minus(cos(minus(X(1,:),[96.8554])),minus(X(1,:),square(X(2,:))))))),times(minus([-38.9721],plus(negexp(X(1,:)),plus(minus(negexp(X(1,:)),minus(X(1,:),square(X(2,:)))),cos(negexp(plus(X(1,:),[-15.1824])))))),minus(X(2,:),[96.9658]))))"
1,2,535,"plus(plus(plus(plus(sin(tanh(minus(X(2,:),times(X(1,:),tanh(X(1,:)))))),tanh(tanh(minus(X(2,:),square(X(1,:)))))),tanh(minus(X(2,:),times(X(1,:),tanh(X(1,:)))))),plus(tanh(tanh(minus(minus(X(1,:),times(X(1,:),tanh(X(2,:)))),[-11.2134]))),exp(tanh(minus(minus(X(2,:),times(X(1,:),tanh(X(2,:)))),[-11.1905]))))),sin(tanh(minus(X(2,:),times(X(1,:),tanh(X(1,:)))))))"
1,2,536,"square(times(minus(minus([14.9076],X(1,:)),cos(cos(exp(times(times(cos([-66.6451]),exp(X(1,:))),X(1,:)))))),times(minus(X(2,:),square(cos(cos(X(1,:))))),minus(X(2,:),square(exp(square(square(cos([-66.6451])))))))))"
1,2,537,"square(plus(times(plus(square(tanh(plus(minus(X(2,:),X(1,:)),plus(tanh(X(1,:)),X(1,:))))),tanh(plus(minus(X(2,:),X(1,:)),plus(tanh(X(1,:)),X(1,:))))),times(plus(X(2,:),tanh(plus(minus(X(2,:),X(1,:)),plus(tanh(X(1,:)),X(1,:))))),minus(cos(square(tanh(X(1,:)))),[23.1787]))),minus(minus(times(plus(square(tanh(X(1,:))),tanh(plus(tanh(X(1,:)),X(1,:)))),minus(minus(cos(X(2,:)),[23.1178]),[22.9686])),sin(plus(X(2,:),square(square(X(2,:)))))),plus(plus(minus(X(2,:),X(1,:)),plus(tanh(minus(X(1,:),[23.1178])),X(1,:))),square(square(X(2,:)))))))"
1,2,538,"plus(minus(exp(exp(negexp(tanh(X(1,:))))),square(minus(times(minus(minus(minus(minus([60.0678],[-50.7680]),[-50.7474]),[-50.9609]),X(2,:)),[60.1938]),times(X(2,:),X(2,:))))),square(minus(times(plus(plus(minus(times(times(X(1,:),X(1,:)),X(1,:)),[-50.8976]),times(times(X(1,:),X(1,:)),X(1,:))),[84.1770]),X(2,:)),square(minus(times(X(1,:),X(1,:)),[-51.0660])))))"
1,2,539,"plus(square(minus(minus(sin(square(times(X(2,:),X(2,:)))),minus(minus(square([70.5797]),sin(sin(X(1,:)))),minus(X(1,:),minus(square(sin(X(1,:))),[60.8342])))),minus(minus(square([70.4260]),times(X(2,:),X(2,:))),minus(minus(X(1,:),[-25.5471]),times(X(2,:),[-25.5471]))))),square(square(minus(sin(minus(X(1,:),minus(negexp(sin(X(1,:))),[70.6806]))),minus(minus(times(X(2,:),X(2,:)),sin(X(1,:))),minus(X(1,:),[60.7113]))))))"
1,2,540,"times(plus(plus(plus(plus(plus([93.2942],sin(plus([93.5718],X(1,:)))),sin(cos(plus(X(1,:),X(1,:))))),sin(plus([93.5718],X(1,:)))),sin(cos(plus(X(1,:),X(1,:))))),X(2,:)),times(square(plus(plus(X(1,:),minus(square(X(2,:)),X(2,:))),plus(minus(plus(minus(X(1,:),X(2,:)),plus(square(X(2,:)),exp(X(1,:)))),[81.2772]),plus([93.5718],X(1,:))))),plus(plus([93.2507],sin(square(X(1,:)))),sin(plus([93.5718],plus([93.5718],X(1,:)))))))"
1,2,541,"times(minus(minus(minus(minus(minus(minus(X(2,:),X(1,:)),plus(sin(X(1,:)),plus(sin(X(1,:)),X(2,:)))),square(X(2,:))),X(1,:)),plus(plus(plus(sin(plus(sin(X(1,:)),sin(X(1,:)))),square(square(sin(X(1,:))))),X(2,:)),plus(plus(sin(plus(sin(X(1,:)),sin(X(1,:)))),square(square(sin(X(1,:))))),tanh(plus(plus(minus(X(1,:),X(2,:)),minus(X(1,:),X(2,:))),plus(X(1,:),minus(X(1,:),X(2,:)))))))),square(plus(sin(X(1,:)),X(2,:)))),[-29.4045])"
1,2,542,"plus(plus(cos(minus(minus(X(1,:),cos(minus(X(1,:),cos(X(1,:))))),cos(minus(square(X(2,:)),X(1,:))))),minus(plus(negexp(X(2,:)),minus(square(X(2,:)),X(1,:))),minus(minus(X(1,:),cos(plus(X(2,:),X(2,:)))),cos(X(1,:))))),minus(plus(negexp(X(2,:)),minus(square(X(2,:)),minus(minus(minus(X(1,:),cos(plus(X(2,:),X(2,:)))),cos(X(1,:))),cos(minus(X(1,:),cos(square(X(2,:)))))))),minus(minus(minus(X(1,:),cos(plus(X(2,:),X(2,:)))),cos(minus(negexp(X(2,:)),cos(X(1,:))))),cos(X(1,:)))))"
1,2,543,"minus(times(negexp(minus(X(1,:),plus(negexp(exp(exp(X(2,:)))),times(cos(exp(exp(X(2,:)))),negexp(negexp(X(1,:))))))),plus(plus([58.4776],tanh(minus(plus([58.4776],tanh(minus(X(2,:),X(1,:)))),plus([-13.4933],plus([-13.4933],negexp(X(1,:))))))),tanh(minus([58.4776],plus([-13.5062],plus([-46.1924],plus(exp(X(2,:)),negexp(X(1,:))))))))),times([-13.4933],times(tanh(minus(square(negexp(X(1,:))),tanh([-46.0746]))),times(tanh(minus([58.5406],plus(exp(exp(X(2,:))),plus(X(1,:),negexp(X(1,:)))))),plus(negexp(X(2,:)),negexp(X(1,:)))))))"
1,2,544,"times(square(cos(minus(times(plus(X(1,:),[-21.5356]),sin(sin(X(1,:)))),plus(X(2,:),[-35.5454])))),square(plus(sin(square(plus(X(2,:),[-35.5432]))),times(plus(X(1,:),[-21.6731]),sin(X(2,:))))))"
1,2,545,"square(times(minus(negexp(negexp(minus(tanh(minus(cos(X(1,:)),X(1,:))),cos(sin(X(2,:)))))),minus(cos(X(1,:)),sin(X(1,:)))),square(minus(X(1,:),X(2,:)))))"
1,2,546,"times(plus(minus(square(cos(square(exp(sin(X(2,:)))))),tanh(exp(times(negexp(tanh(tanh(X(1,:)))),plus(sin(plus([40.5260],[36.8546])),plus(X(1,:),X(1,:))))))),square(square(minus(X(2,:),square(sin(tanh(exp(X(1,:))))))))),square(square(exp(sin(times(exp(times(tanh(X(1,:)),exp(X(1,:)))),X(2,:)))))))"
1,2,547,"plus(times(plus(times(negexp(plus(minus(plus(negexp(X(2,:)),X(1,:)),cos([19.1695])),exp(X(1,:)))),minus(times(plus(X(2,:),plus(X(1,:),X(1,:))),cos(X(1,:))),minus(plus(negexp(square(X(1,:))),X(1,:)),square(X(1,:))))),square(minus(plus(negexp(X(1,:)),sin(X(2,:))),negexp(square(square(X(1,:))))))),exp(plus(negexp(square(X(1,:))),X(1,:)))),square(minus(plus(negexp(cos(times(X(2,:),plus(negexp(X(2,:)),X(1,:))))),minus(square(cos(sin(exp(X(1,:))))),cos(exp(square(square(X(1,:))))))),negexp(plus(plus(square(cos(X(2,:))),sin(X(2,:))),exp(exp(square(X(2,:)))))))))"
1,2,548,"times(minus(minus(X(1,:),X(2,:)),[-33.9914]),plus(minus(plus(plus(plus(plus(tanh(X(2,:)),X(1,:)),X(1,:)),minus(X(1,:),X(2,:))),times(times(plus(plus([11.4405],X(1,:)),minus(X(2,:),X(2,:))),tanh(negexp(X(2,:)))),plus(exp(X(2,:)),square(X(1,:))))),[-34.5857]),times(minus(sin(X(2,:)),[-34.1873]),plus(plus(exp(X(2,:)),times(times(plus(plus([11.3438],X(1,:)),minus(X(2,:),X(2,:))),tanh(negexp(X(2,:)))),plus(exp(X(2,:)),sin(X(2,:))))),sin(times(times(plus(plus([11.4304],X(1,:)),minus(X(2,:),X(2,:))),tanh(negexp(X(2,:)))),plus(exp([-34.1873]),square(X(1,:)))))))))"
1,2,549,"minus(minus(minus(minus(square(plus(X(1,:),X(2,:))),square(times(negexp(sin(negexp(X(2,:)))),cos(square(times([-98.4122],[56.0734])))))),cos(square(plus(X(1,:),X(2,:))))),square(times(negexp(sin(negexp(X(2,:)))),sin(cos(minus(exp(tanh(X(1,:))),negexp(tanh(X(2,:))))))))),times(negexp(sin(negexp(X(2,:)))),sin(cos(minus(exp(tanh(X(1,:))),negexp(tanh(X(2,:))))))))"
1,2,550,"times(cos(sin(times(tanh(cos(sin(minus(negexp(X(2,:)),cos(X(1,:)))))),plus(sin(times(times(negexp(X(2,:)),X(1,:)),X(1,:))),X(2,:))))),times(plus(plus(exp(minus(sin(times(X(2,:),X(1,:))),sin(square(negexp(X(1,:)))))),plus(sin(exp(square(X(1,:)))),X(2,:))),times(tanh(cos(sin(minus([54.2810],cos(X(1,:)))))),plus(sin(times(times(X(2,:),exp(X(1,:))),negexp(plus(X(1,:),X(1,:))))),X(2,:)))),plus(X(1,:),X(1,:))))"
1,2,551,"plus(sin(plus(times(plus(minus(X(1,:),X(2,:)),square(tanh(cos(times([-90.9454],X(2,:)))))),negexp(times(X(1,:),X(2,:)))),cos([-12.5305]))),cos(minus(plus(X(1,:),X(2,:)),sin(plus([-81.5333],X(1,:))))))"
1,2,552,"negexp(minus(minus(negexp(exp(sin(exp(X(1,:))))),exp(cos(times(negexp(X(1,:)),times(sin([79.0790]),sin(exp(X(1,:)))))))),exp(cos(times(X(2,:),times(times(negexp(X(1,:)),times(sin([79.0474]),X(2,:))),negexp(X(1,:))))))))"
1,2,553,"minus(plus(square(X(2,:)),square(X(1,:))),plus(cos(sin(minus(negexp(negexp(square(times(X(2,:),X(2,:))))),exp(times(X(2,:),X(2,:)))))),plus([91.5698],plus([91.6329],plus(negexp(exp(sin(sin(X(2,:))))),plus(negexp(square(cos(X(1,:)))),plus(plus(X(2,:),plus(X(1,:),X(2,:))),plus(X(1,:),X(2,:)))))))))"
1,2,554,"times(minus(minus(minus(square([22.1392]),tanh(minus([74.3453],minus(minus(plus([13.5964],[13.5964]),[74.3453]),times([-32.2970],X(2,:)))))),tanh(minus([74.3453],minus(minus([-32.2970],[22.1392]),times([-32.2970],X(2,:)))))),tanh(minus([74.3453],minus(minus(X(2,:),[74.3453]),times([-32.2970],X(2,:)))))),square(minus(minus(minus(minus(plus(square(X(2,:)),X(2,:)),[74.3453]),tanh(minus(plus(X(1,:),X(2,:)),minus(X(2,:),minus(X(1,:),X(2,:)))))),sin(tanh(minus(square(X(2,:)),minus(X(2,:),minus(X(1,:),X(2,:))))))),minus([13.5964],times([-32.3433],X(2,:))))))"
1,2,555,"plus(plus(square(X(1,:)),plus(plus(sin(sin(plus(plus(X(2,:),[-4.6928]),tanh(negexp(X(2,:)))))),plus(X(1,:),plus(plus(sin(plus(X(2,:),[-4.9385])),plus(square(X(1,:)),X(2,:))),X(1,:)))),plus(plus(square(X(1,:)),plus(minus(sin(plus(X(2,:),[-5.0975])),times(times([-5.1709],X(1,:)),cos([-12.4380]))),plus(plus(X(2,:),[-4.9385]),tanh(negexp(X(2,:)))))),X(2,:)))),plus(plus(plus(plus(X(1,:),plus(plus(sin(plus(X(2,:),[-4.6680])),plus(square(X(1,:)),X(2,:))),X(1,:))),X(2,:)),plus(X(1,:),plus(plus(sin(plus(X(2,:),[-5.1123])),plus(sin(plus([-4.8888],X(2,:))),plus(square(X(1,:)),X(2,:)))),X(1,:)))),plus(X(1,:),plus(plus(sin(plus(plus(X(2,:),cos([-12.3794])),tanh(negexp(X(2,:))))),plus(sin(plus(negexp(X(2,:)),X(2,:))),plus(sin(plus([-4.9385],X(2,:))),plus(square(X(1,:)),X(2,:))))),X(1,:)))))"
1,2,556,"minus(minus(square(plus(plus(plus(times(X(1,:),X(1,:)),square(X(2,:))),X(2,:)),X(2,:))),times(exp(sin(X(1,:))),plus(plus(negexp(X(2,:)),minus(minus(sin(X(1,:)),plus([95.3418],[-57.4609])),minus([68.2224],times(times(X(2,:),X(1,:)),X(1,:))))),X(2,:)))),times(X(1,:),plus(plus(negexp(sin(plus(plus(times(X(1,:),X(1,:)),square(X(2,:))),X(2,:)))),minus(tanh(times(X(2,:),X(2,:))),minus([67.7720],times(X(1,:),X(2,:))))),tanh(tanh(times(X(1,:),times(times(X(2,:),X(1,:)),X(1,:))))))))"
1,2,557,"plus(plus(plus(plus(plus([-78.8007],plus([-79.0662],plus([-79.0662],plus([-79.0662],plus([-79.0662],X(2,:)))))),plus(cos(times(cos(X(2,:)),plus(X(2,:),minus([-78.8112],X(1,:))))),plus(plus([-79.0662],plus([-79.0662],X(2,:))),plus(plus([-79.0662],plus([-79.0662],X(2,:))),plus(plus(X(2,:),X(2,:)),X(1,:)))))),plus([-79.0662],plus([-79.0662],plus([-79.0662],plus([-79.0662],X(2,:)))))),plus([-79.0662],plus([-79.0662],plus([-79.0662],plus([-79.0662],plus([-79.0662],plus([-78.8112],plus([-79.0662],X(2,:))))))))),plus(plus(plus([-79.0662],plus([-79.0662],plus([-79.0662],plus([-79.0662],plus([-79.0662],X(2,:)))))),plus([-79.0662],plus([-79.0662],plus([-79.0662],plus([-79.0662],plus([-79.0662],plus([-79.0662],X(2,:)))))))),X(2,:)))"
1,2,558,"plus(square(exp(exp(tanh(X(1,:))))),minus(plus(plus(plus(square(square(X(2,:))),exp(plus(X(2,:),exp(tanh(X(1,:)))))),square(exp(exp(tanh(X(1,:)))))),square(exp(exp(tanh(X(1,:)))))),minus(square(minus(times(X(2,:),sin(X(1,:))),X(2,:))),minus(plus(square(square(X(2,:))),plus(square(minus(square(X(2,:)),sin([-38.4988]))),exp(X(1,:)))),minus(X(1,:),square(exp(X(1,:))))))))"
1,2,559,"exp(tanh(exp(times(plus(times(plus(times(negexp(X(1,:)),cos(X(1,:))),times(plus(X(2,:),X(2,:)),tanh(X(2,:)))),X(2,:)),times([7.3817],plus(times(plus(X(2,:),X(1,:)),tanh(X(2,:))),times([7.2170],plus(X(2,:),X(1,:)))))),negexp([8.6943])))))"
1,2,560,"square(plus(plus(X(1,:),square([-4.2652])),plus(plus(plus(plus(plus(plus(sin(X(1,:)),exp(X(2,:))),negexp(X(2,:))),plus(plus(X(1,:),[27.4593]),plus(X(1,:),square([-4.4575])))),times(X(1,:),tanh(times(X(1,:),square(X(2,:)))))),plus(X(2,:),X(2,:))),tanh(plus(sin(plus(sin(X(1,:)),exp(X(2,:)))),times(X(1,:),tanh(times(X(1,:),[26.7412]))))))))"
1,2,561,"plus(plus(square(square(plus(plus(plus(X(2,:),X(1,:)),plus(tanh(X(1,:)),tanh(square(X(1,:))))),plus(plus(X(2,:),X(1,:)),tanh(square(X(2,:))))))),plus(square(plus(plus(plus(plus([76.5362],X(2,:)),X(1,:)),plus(tanh(square([76.7704])),times(sin([-6.8048]),sin(X(1,:))))),plus([76.5362],tanh(square([76.7704]))))),plus(plus(plus(plus(tanh(X(2,:)),tanh(square(X(2,:)))),X(1,:)),times(plus([76.5362],times(plus([76.5362],X(1,:)),cos(X(1,:)))),cos(X(1,:)))),plus(plus(plus(X(1,:),plus(X(1,:),X(1,:))),plus(cos(X(1,:)),plus(X(1,:),X(1,:)))),X(2,:))))),plus(minus(minus(tanh(X(1,:)),negexp(X(2,:))),tanh(sin(sin(X(1,:))))),plus([76.4835],tanh(square([76.7704])))))"
1,2,562,"square(plus(plus(plus(plus([33.8567],plus([33.8567],X(2,:))),times(plus(plus(plus([33.8567],X(2,:)),plus([33.8567],X(2,:))),times(X(1,:),plus(sin(X(1,:)),[33.8567]))),[33.7515])),plus(plus(X(2,:),plus(X(2,:),plus(X(2,:),[33.8567]))),X(2,:))),plus(plus([98.2445],X(1,:)),plus(plus(plus(plus([33.8567],[33.8567]),times(X(1,:),plus(plus([33.8567],X(2,:)),X(2,:)))),plus(X(2,:),plus(X(2,:),[33.8567]))),negexp(sin(plus(sin(X(1,:)),[33.8567])))))))"
1,2,563,"square(minus(minus(times(X(1,:),times(minus(cos(plus(cos([-85.0561]),cos([20.6181]))),[17.4646]),[-85.3669])),[-85.0694]),times(minus(cos(times(minus(cos(X(1,:)),[20.7818]),X(1,:))),minus(minus(X(1,:),[20.5856]),[20.7387])),[-85.0561])))"
1,2,564,"minus(minus(square(times([-25.8954],plus(plus(times([-84.8434],X(2,:)),[-84.7933]),times(X(2,:),minus(minus(X(2,:),[-6.5351]),[-49.3678]))))),minus(X(2,:),square(plus(X(2,:),times(minus(X(2,:),[-6.5351]),minus(square(X(1,:)),minus(sin([-6.5351]),square(X(1,:))))))))),times(plus(plus(times(X(1,:),minus(minus(sin([-6.5351]),minus(X(1,:),square(X(2,:)))),[-49.3678])),[-84.6748]),times(minus(minus(X(2,:),[-6.7292]),[-49.3678]),minus(X(2,:),times(X(2,:),minus(X(2,:),[-6.5351]))))),times(X(2,:),times(X(2,:),minus(minus(minus(minus(X(2,:),[-6.5351]),minus(sin([-6.6457]),square(X(1,:)))),minus(X(1,:),square(X(1,:)))),[-49.3678])))))"
1,2,565,"plus(plus(square(times(plus(X(1,:),square(sin(X(1,:)))),plus(X(1,:),square(square(square(tanh([-44.9602]))))))),times([-44.5313],plus(times([-44.7272],tanh(tanh(X(1,:)))),square(tanh(sin(X(1,:))))))),plus(square(times(plus(X(1,:),cos(tanh(X(1,:)))),X(1,:))),times(exp(X(1,:)),plus(X(1,:),square(sin(X(1,:)))))))"
1,2,566,"minus(plus(times(plus(plus(exp(X(2,:)),square(minus(X(1,:),negexp(negexp(X(1,:)))))),X(2,:)),negexp(times(tanh(minus(X(1,:),negexp(negexp(X(1,:))))),cos(X(2,:))))),times(plus(plus(exp(X(2,:)),square(minus(X(1,:),tanh(X(1,:))))),plus(plus(exp(X(2,:)),square(minus(X(1,:),tanh(X(1,:))))),X(2,:))),negexp(negexp(square(square(plus(X(2,:),X(1,:)))))))),negexp(plus(times(negexp(times(X(1,:),X(1,:))),plus(plus(negexp(times(X(1,:),X(1,:))),square(tanh(X(1,:)))),X(2,:))),times(cos(square(square(square(X(1,:))))),tanh(times(cos(X(2,:)),X(2,:)))))))"
1,2,567,"plus(times(square(square(plus(exp(tanh(X(2,:))),negexp(negexp(X(2,:)))))),plus(exp(square(cos([-2.0953]))),tanh(plus(X(2,:),X(1,:))))),times(plus(X(2,:),X(2,:)),plus(times(square(square(plus(exp(tanh(X(2,:))),negexp(negexp(X(2,:)))))),X(2,:)),plus(X(2,:),plus(minus(negexp(X(1,:)),minus(cos(X(2,:)),negexp(X(1,:)))),exp(tanh(tanh(plus(X(2,:),X(2,:))))))))))"
1,2,568,"times(plus(times(plus(times(minus(plus(plus(X(1,:),X(1,:)),minus(plus(X(1,:),X(1,:)),X(2,:))),X(2,:)),cos(times(cos(times(X(2,:),X(1,:))),X(1,:)))),sin(plus(minus(cos(times(X(2,:),X(1,:))),X(2,:)),sin(X(1,:))))),cos(times(cos(times(X(2,:),X(1,:))),X(1,:)))),times(plus(times(minus(plus(minus(plus(X(1,:),X(1,:)),X(2,:)),X(1,:)),X(2,:)),cos(times(cos(times(X(2,:),X(1,:))),X(1,:)))),tanh(times(minus(X(1,:),times(X(2,:),X(1,:))),cos(plus(X(1,:),X(1,:)))))),negexp(X(1,:)))),tanh(square(X(2,:))))"
1,2,569,"plus(square(plus(minus(times(plus(X(1,:),X(2,:)),sin(plus(X(1,:),plus(X(2,:),X(1,:))))),[-11.1087]),X(2,:))),plus(square(plus(X(1,:),X(2,:))),plus(minus(times(plus(X(1,:),plus(plus(X(2,:),X(1,:)),X(2,:))),times(plus(X(1,:),X(2,:)),sin(plus(X(1,:),plus(X(2,:),X(1,:)))))),times(plus(plus(square(X(1,:)),plus(plus(X(2,:),X(1,:)),X(2,:))),plus(X(1,:),plus(X(2,:),X(2,:)))),sin(plus(X(1,:),plus(X(2,:),X(1,:)))))),plus(minus(X(2,:),[73.8663]),X(1,:)))))"
1,2,570,"square(square(plus(plus(X(2,:),negexp(sin(square(minus(X(2,:),square(X(2,:))))))),negexp(plus(plus(X(1,:),negexp(sin(times(X(1,:),X(1,:))))),times(square(negexp(square(X(2,:)))),negexp(sin(times(X(2,:),X(2,:))))))))))"
1,2,571,"plus(exp(X(1,:)),times(cos(square(plus(X(2,:),exp(negexp(X(1,:)))))),plus(square(X(1,:)),plus(square(X(2,:)),X(1,:)))))"
1,2,572,"plus(minus(plus(minus(X(1,:),square(plus(square(X(1,:)),exp(X(2,:))))),square(square(plus(plus(X(2,:),cos(square(X(1,:)))),exp(cos(cos(X(1,:)))))))),plus(plus(plus(plus(square([-57.6597]),plus(X(2,:),cos(times([69.1313],X(2,:))))),X(2,:)),cos(plus(square(X(1,:)),cos(cos(X(1,:)))))),square(plus(X(2,:),exp(cos(exp(cos(X(2,:))))))))),square(plus(plus(plus(plus(square([-57.7315]),plus(X(2,:),cos(X(2,:)))),exp(cos(X(1,:)))),cos(plus(square(X(1,:)),cos(exp(cos(X(1,:))))))),square(plus(X(2,:),exp(cos(X(2,:))))))))"
1,2,573,"minus(plus(minus(square(times(times(X(2,:),cos(square(cos(X(1,:))))),cos(square(plus([-52.8767],X(1,:)))))),times(X(2,:),X(1,:))),square(X(1,:))),times(times(X(2,:),cos(cos(X(1,:)))),X(1,:)))"
1,2,574,"minus(plus(plus(plus(X(1,:),negexp(cos(times(cos(times(X(1,:),X(1,:))),X(1,:))))),minus(plus(X(2,:),exp(negexp(cos(times(X(1,:),X(1,:)))))),times(X(2,:),X(1,:)))),minus(plus(X(2,:),exp(negexp(cos(times(X(2,:),X(1,:)))))),times(X(2,:),X(1,:)))),times(X(2,:),plus(X(2,:),exp(negexp(cos(times(X(2,:),X(1,:))))))))"
1,2,575,"times([-45.9829],cos(times(exp(plus(cos(exp(plus(minus(X(2,:),X(1,:)),[-5.5596]))),sin(negexp(sin(minus(X(2,:),X(1,:))))))),X(1,:))))"
1,2,576,"plus(times(times([-25.7812],tanh(X(1,:))),exp(sin(times(times([-26.3094],times(square(plus(X(1,:),X(2,:))),square(plus(X(1,:),X(2,:))))),times(plus(X(1,:),X(2,:)),square(X(2,:))))))),plus(times(times([-26.2793],tanh(X(2,:))),exp(sin(times(X(1,:),times(plus(X(1,:),X(2,:)),square(X(2,:))))))),square(plus(X(1,:),X(2,:)))))"
1,2,577,"minus(plus(times(negexp(exp(X(1,:))),minus(plus(times(square(square(cos(X(2,:)))),X(2,:)),plus(X(1,:),X(2,:))),plus(plus(X(1,:),X(2,:)),minus(minus(times(X(2,:),X(2,:)),square(X(1,:))),X(2,:))))),plus(X(2,:),X(2,:))),plus(plus(X(1,:),X(1,:)),minus(minus(times(X(2,:),X(2,:)),square(X(1,:))),X(1,:))))"
1,2,578,"negexp(minus(minus(minus([-18.1301],square(negexp(negexp(minus(X(2,:),exp(X(2,:))))))),square(negexp(negexp(minus(X(2,:),tanh(X(2,:))))))),negexp(negexp(negexp(minus(exp(exp(exp(X(2,:)))),minus(exp(X(2,:)),exp(X(2,:)))))))))"
1,2,579,"plus(plus(plus(X(2,:),plus(X(1,:),plus(plus(X(1,:),plus(X(2,:),plus(X(1,:),square(X(2,:))))),plus(square(X(2,:)),plus(sin(X(1,:)),X(2,:)))))),plus(plus(plus(sin(sin(X(1,:))),X(2,:)),plus(X(1,:),plus(plus(X(1,:),times(plus(X(1,:),X(1,:)),sin(X(1,:)))),times(X(2,:),X(2,:))))),plus(plus(plus(plus(square(X(2,:)),plus(sin(X(1,:)),X(2,:))),plus(X(2,:),plus(X(1,:),times(X(2,:),X(2,:))))),plus(square(X(2,:)),plus(X(1,:),X(2,:)))),plus(square(X(2,:)),plus(X(1,:),plus(sin(X(1,:)),X(2,:))))))),plus(plus(sin(plus(square(sin([-61.1202])),times(X(1,:),sin(sin(minus([16.0641],X(1,:))))))),X(2,:)),plus(X(2,:),times(X(1,:),X(2,:)))))"
1,2,580,"plus(X(1,:),plus(plus(square(times(X(2,:),plus(X(1,:),cos(X(1,:))))),square(minus([15.1752],X(1,:)))),plus(plus(plus(square(X(2,:)),sin([15.1823])),plus(square(X(2,:)),exp(X(1,:)))),plus(square(X(1,:)),plus(plus(square(X(2,:)),sin([15.2867])),sin(plus(square(X(1,:)),square(X(2,:)))))))))"
1,2,581,"minus(minus(minus(minus([-78.8633],X(2,:)),plus(X(2,:),plus(plus(X(2,:),plus([43.4119],plus(X(2,:),X(1,:)))),X(2,:)))),X(2,:)),plus(X(2,:),plus(plus(X(2,:),X(2,:)),X(2,:))))"
1,2,582,"plus(times(times(times(square(X(1,:)),exp(X(2,:))),minus(sin(minus(X(2,:),minus(X(1,:),[-7.1682]))),[-7.2300])),minus(X(2,:),minus(sin(plus(exp(cos(X(1,:))),cos(cos([-7.1682])))),exp(sin(minus(X(2,:),[-7.2345])))))),square(minus(square(X(1,:)),exp(X(2,:)))))"
1,2,583,"plus(plus(exp(tanh(tanh(square(times(times([-68.9656],tanh(X(1,:))),times(tanh(X(1,:)),tanh(X(1,:)))))))),tanh(minus(minus(X(2,:),exp(tanh(times([-68.6729],X(1,:))))),exp(tanh(square(times([-68.9656],negexp(X(1,:))))))))),tanh(minus(X(2,:),exp(tanh(square(times(times(cos(X(2,:)),plus([31.8343],[31.7536])),times(X(1,:),tanh(X(1,:))))))))))"
1,2,584,"square(times(times(minus(X(1,:),square(exp(square(exp(cos([27.8560])))))),minus(minus(X(1,:),square(sin(square(X(2,:))))),tanh(square(minus(square(X(1,:)),exp(exp(X(2,:)))))))),[-18.2408]))"
1,2,585,"square(minus(square(times(X(2,:),X(2,:))),minus(tanh(cos(square(square(plus(sin(X(1,:)),cos(X(1,:))))))),exp(minus(plus(X(1,:),tanh(plus(sin(X(1,:)),cos([-7.6577])))),tanh(times(X(1,:),times(X(1,:),times(X(1,:),[-36.8750])))))))))"
1,2,586,"square(minus(plus(minus(plus(times(plus(times(X(1,:),X(2,:)),X(1,:)),X(2,:)),minus(plus(times(X(1,:),X(2,:)),X(2,:)),plus(minus(plus([50.7851],X(1,:)),X(2,:)),minus(plus(X(1,:),X(1,:)),X(2,:))))),plus(minus(plus(minus(plus([50.7200],X(1,:)),X(2,:)),minus(plus(X(1,:),X(1,:)),X(2,:))),times(plus(times(X(1,:),X(2,:)),X(1,:)),X(2,:))),plus([50.8834],X(1,:)))),square(minus(plus(minus(plus([50.8834],X(1,:)),X(2,:)),X(1,:)),X(2,:)))),minus(plus(times(times(X(1,:),X(2,:)),times(X(2,:),X(2,:))),plus(tanh(cos(plus(X(1,:),plus([50.8834],X(1,:))))),plus(minus([50.9420],minus(plus(X(2,:),X(2,:)),[50.8834])),plus(minus(plus(X(1,:),X(1,:)),X(2,:)),[50.8834])))),square(minus(minus(plus(minus(plus([50.4929],X(1,:)),X(2,:)),minus(plus(X(1,:),X(1,:)),X(2,:))),X(2,:)),X(2,:))))))"
1,2,587,"times(square(times(cos(cos(X(2,:))),times(sin(sin(cos(sin(sin(X(1,:)))))),times(tanh(square(square(X(1,:)))),X(1,:))))),square(square(minus(square(X(2,:)),minus([39.7979],[-28.5083])))))"
1,2,588,"square(plus(plus(plus(plus(plus(plus(X(1,:),times(X(2,:),X(2,:))),plus(plus(X(1,:),X(1,:)),square(X(1,:)))),plus(X(1,:),square(X(2,:)))),square(plus(plus(plus(plus(X(1,:),X(1,:)),square(X(1,:))),plus(X(1,:),X(2,:))),plus(exp(X(1,:)),square(X(2,:)))))),times(square(plus(X(2,:),X(2,:))),plus(plus(plus(X(1,:),square(X(1,:))),plus(X(1,:),X(1,:))),plus(X(1,:),X(1,:))))),plus(plus(plus(plus(X(1,:),times(square(X(1,:)),X(2,:))),plus(plus(X(1,:),square(X(1,:))),X(2,:))),plus(plus(X(1,:),negexp(minus(square(X(1,:)),square(X(1,:))))),plus(plus(X(1,:),times(X(2,:),X(2,:))),plus(plus(X(1,:),X(1,:)),square([35.7964]))))),square(plus(plus(plus(X(1,:),square(X(2,:))),plus(plus(X(1,:),X(1,:)),plus(plus(X(1,:),X(2,:)),square(X(1,:))))),plus(plus(plus(X(1,:),times(X(2,:),X(2,:))),plus(plus(X(1,:),X(1,:)),square(X(1,:)))),plus(X(1,:),square(X(2,:)))))))))"
1,2,589,"times(times([-47.6915],plus(plus(X(2,:),tanh(plus(sin(X(2,:)),tanh(tanh(plus(X(2,:),X(2,:))))))),tanh(plus(sin(X(2,:)),plus(plus(X(2,:),cos(exp(X(1,:)))),cos(exp(X(1,:)))))))),plus(X(1,:),plus(plus(plus(plus(plus(X(2,:),tanh(plus(X(2,:),X(1,:)))),tanh(plus(X(1,:),plus(X(2,:),X(2,:))))),tanh(plus(X(1,:),plus(X(2,:),X(2,:))))),tanh(plus(X(1,:),plus(plus(X(2,:),X(2,:)),cos([-48.4602]))))),tanh(plus(plus(X(2,:),X(2,:)),plus(X(2,:),plus(X(2,:),plus(X(1,:),plus(X(1,:),X(2,:))))))))))"
1,2,590,"plus(plus(exp(X(1,:)),plus(exp(X(1,:)),plus(square(X(2,:)),[-21.1261]))),plus(plus(exp(X(1,:)),plus(exp(X(1,:)),square(X(2,:)))),square(times(tanh(times(plus(plus(exp(X(1,:)),square(X(2,:))),[-53.3608]),plus(plus(square(X(2,:)),times(X(2,:),X(1,:))),plus(X(2,:),[-53.2612])))),times(tanh(times(plus(square(X(2,:)),[-54.0380]),plus([-20.8282],square(X(2,:))))),[-20.9322])))))"
1,2,591,"plus(plus(plus(plus(plus(X(1,:),plus(X(1,:),plus(sin(square(X(1,:))),X(2,:)))),plus(plus(plus(X(1,:),[31.8933]),plus(sin(square(X(1,:))),X(2,:))),plus(plus(X(1,:),X(2,:)),X(2,:)))),X(2,:)),plus(times(minus(X(2,:),minus([32.1309],X(1,:))),plus(X(1,:),plus(sin(square(X(1,:))),X(2,:)))),square(plus(plus(X(1,:),tanh(exp(X(1,:)))),plus(sin(square(X(1,:))),X(2,:)))))),plus(plus(plus(plus(sin(square(X(1,:))),exp([35.0412])),X(2,:)),plus(times(minus(X(2,:),minus([31.5556],X(1,:))),plus(X(1,:),plus(sin(square(X(1,:))),X(2,:)))),square(plus(plus(X(1,:),tanh(exp(X(1,:)))),plus(sin(square(X(1,:))),X(2,:)))))),plus(plus(plus(plus(X(1,:),tanh(exp(X(1,:)))),plus(sin(square(X(1,:))),X(2,:))),plus(sin(plus(sin(square(X(1,:))),tanh(exp(X(1,:))))),X(2,:))),exp(sin(square(X(1,:)))))))"
1,2,592,"square(minus(exp(cos(tanh(tanh(tanh(cos([7.6603])))))),times(plus(exp(cos(tanh(cos(X(1,:))))),[7.5778]),plus(tanh(tanh(cos(minus(X(1,:),X(2,:))))),cos(negexp(minus(cos(X(1,:)),[7.4970])))))))"
1,2,593,"square(minus(times(cos(cos(times([84.2041],minus([59.1188],plus(X(1,:),X(2,:)))))),plus(exp(plus(cos(minus(X(2,:),cos([-3.6820]))),tanh(tanh(X(1,:))))),plus(X(1,:),X(2,:)))),minus(exp(cos(plus(cos(minus(X(2,:),cos([-3.6319]))),tanh(tanh(X(1,:)))))),plus(exp(plus(cos(minus(X(1,:),times(X(2,:),X(2,:)))),tanh(X(1,:)))),plus(cos(cos(tanh(negexp(X(2,:))))),X(2,:))))))"
1,2,594,"times(square(plus(tanh(plus(cos(square(plus(plus(X(2,:),X(1,:)),X(1,:)))),tanh(square(square(square(X(1,:))))))),plus(tanh(square(square(X(1,:)))),plus(X(1,:),plus(tanh(square(X(1,:))),X(1,:)))))),square(plus(minus(X(1,:),X(2,:)),X(1,:))))"
1,2,595,"square(minus(times(negexp(square(cos(X(2,:)))),plus(X(2,:),plus(square(X(1,:)),plus(cos(minus(square(X(2,:)),exp([-56.7785]))),cos(minus(square(X(2,:)),exp(X(2,:)))))))),cos(exp(times(plus(square(X(1,:)),square(cos(sin(X(1,:))))),plus(X(2,:),cos(X(2,:))))))))"
1,2,596,"times(square(minus(X(1,:),exp(exp(sin(sin([-53.0576])))))),plus(plus(plus(plus(square(plus(X(2,:),plus(X(2,:),plus(X(2,:),[57.1336])))),plus(minus(minus(times(X(1,:),X(2,:)),negexp(X(1,:))),plus(tanh(X(2,:)),negexp(X(2,:)))),square(X(2,:)))),[-53.2306]),[-53.2407]),plus(plus(square(plus(X(2,:),X(2,:))),plus(square(plus(X(2,:),X(2,:))),plus([57.1512],plus(X(2,:),plus(square(X(1,:)),square(X(2,:))))))),[-52.8977])))"
1,2,597,"times(times(plus(plus(plus(X(1,:),plus(X(1,:),X(2,:))),square(square(square(cos(plus(X(2,:),[33.4046])))))),cos(times(plus(times(X(2,:),[-66.1394]),exp(X(1,:))),negexp(negexp(X(2,:)))))),X(2,:)),square(cos(plus(X(1,:),X(2,:)))))"
1,2,598,"times(cos(exp(times(plus(plus(X(2,:),plus(plus(X(2,:),plus(X(2,:),X(1,:))),X(1,:))),plus(X(2,:),X(1,:))),X(1,:)))),plus(plus(exp(exp(sin(times(cos([-8.8483]),X(2,:))))),plus(sin(times(cos([-8.8725]),X(2,:))),[-17.8879])),plus(times(plus(X(2,:),X(1,:)),X(1,:)),plus(plus(exp(sin(times(cos([-8.8552]),X(2,:)))),[-17.8879]),plus(plus(X(2,:),X(1,:)),X(1,:))))))"
1,2,599,"times(cos(times(X(1,:),exp(negexp(cos(plus(square(X(2,:)),[41.0115])))))),[53.0660])"
1,2,600,"plus(minus(minus(square(X(1,:)),square(X(2,:))),times(sin(times(X(2,:),minus(square(square(X(1,:))),times(X(2,:),X(1,:))))),square(plus(sin(times(square(X(1,:)),plus(sin(X(1,:)),X(1,:)))),plus(X(1,:),sin(X(1,:))))))),times(sin(times(X(2,:),[67.0630])),square(plus(sin(X(1,:)),plus(X(1,:),sin(minus(X(2,:),sin(X(1,:)))))))))"
1,10,1,"minus(minus(plus(plus(minus(sin(times(X(5,:),times([57.5911],X(9,:)))),square(cos(X(3,:)))),plus(tanh(sin(exp(cos(X(6,:))))),cos(tanh(X(2,:))))),plus(tanh(minus(sin(X(7,:)),times(X(6,:),X(7,:)))),sin(exp(X(4,:))))),cos(X(7,:))),minus(tanh(exp(plus(minus(sin(times(X(5,:),[-78.7437])),square(cos(exp(X(9,:))))),plus(tanh(sin(X(10,:))),cos(tanh(tanh([-99.1609]))))))),minus(plus(plus(minus(sin(times(X(5,:),[-78.6898])),square(cos(exp(X(9,:))))),plus(tanh(sin(X(10,:))),cos(tanh(tanh(X(7,:)))))),plus(tanh(minus(tanh(cos(X(8,:))),times(X(6,:),X(7,:)))),tanh(sin(exp(cos(X(6,:))))))),cos(X(7,:)))))"
1,10,2,"times(tanh(plus(minus(square(cos(X(6,:))),sin(sin(plus(plus(X(7,:),X(3,:)),plus(X(7,:),X(5,:)))))),minus(sin(sin(cos(X(6,:)))),tanh(plus(exp(X(7,:)),X(2,:)))))),minus(times(X(6,:),X(9,:)),plus(plus(minus(minus(sin(plus(plus(X(7,:),X(3,:)),plus(X(7,:),X(5,:)))),tanh(plus(X(7,:),X(2,:)))),sin(tanh(plus(X(7,:),X(2,:))))),minus(sin(plus(X(7,:),X(2,:))),tanh(plus(exp(X(2,:)),plus(plus([-52.6153],[-52.7041]),X(10,:)))))),plus(minus(square(cos(plus(plus([-52.6462],X(4,:)),X(8,:)))),sin(X(2,:))),minus(sin(sin(cos(X(10,:)))),tanh(plus([-52.7210],[-52.7594])))))))"
1,10,3,"minus(sin(minus(minus(exp(sin(times(negexp(times(X(2,:),X(5,:))),tanh(cos(X(3,:)))))),tanh(times(minus(X(9,:),X(7,:)),minus(plus(sin(X(2,:)),X(10,:)),tanh(sin([-91.1487])))))),cos(plus(negexp(exp(X(10,:))),tanh(sin(X(2,:))))))),minus(times(minus(plus(minus(X(2,:),X(7,:)),plus(X(4,:),X(2,:))),exp(negexp(exp(X(10,:))))),cos(plus(X(8,:),times(minus([-9.2118],negexp(X(10,:))),X(6,:))))),plus(minus(exp(sin(times(negexp(X(2,:)),tanh(cos(X(6,:)))))),tanh(times(minus(cos(X(6,:)),X(7,:)),minus(plus(sin(X(2,:)),X(10,:)),tanh(cos(X(6,:))))))),minus(exp(sin(X(3,:))),tanh(minus(negexp(exp(X(1,:))),X(7,:)))))))"
1,10,4,"times(plus(negexp(tanh(minus(minus(sin(negexp(tanh(X(2,:)))),negexp(plus(X(9,:),X(7,:)))),negexp(minus(sin(minus(X(4,:),X(7,:))),plus(exp(X(3,:)),times(X(3,:),X(5,:)))))))),plus(negexp(minus(sin(minus(sin(minus(X(7,:),X(10,:))),tanh([44.3240]))),cos(negexp(plus(exp(X(3,:)),X(7,:)))))),times(X(5,:),X(4,:)))),cos(plus(plus(tanh(X(3,:)),cos(plus(X(9,:),times(times(X(6,:),square(X(3,:))),plus(cos(X(8,:)),times(X(8,:),X(8,:))))))),tanh(exp(tanh(X(7,:)))))))"
1,10,5,"minus(times(tanh(times(square(minus(X(6,:),X(7,:))),times(negexp(X(10,:)),X(2,:)))),times(X(8,:),negexp(negexp([-42.7469])))),times(times(plus(minus(minus(negexp(sin(X(4,:))),sin(minus(X(2,:),X(10,:)))),X(10,:)),tanh(minus(minus(negexp(minus(X(10,:),X(3,:))),sin(plus(X(2,:),X(9,:)))),minus(cos(plus(X(5,:),[-42.9415])),square(square(X(2,:))))))),sin(sin(minus(X(10,:),[-88.3542])))),tanh(times(square(square(minus(X(10,:),sin(X(4,:))))),times([-42.9211],X(4,:))))))"
1,10,6,"minus(plus(X(4,:),minus(times(plus(plus(X(1,:),times(times(sin(X(8,:)),minus(X(5,:),X(4,:))),X(6,:))),X(8,:)),tanh(times(cos(plus(X(7,:),X(2,:))),[-71.7366]))),plus(plus(cos(X(6,:)),plus(cos(X(6,:)),tanh(plus(X(1,:),minus(X(4,:),X(8,:)))))),plus(cos(times(sin(X(8,:)),minus(X(5,:),X(4,:)))),tanh(plus(X(1,:),minus(X(4,:),X(8,:)))))))),cos(minus(square(plus(plus(tanh(X(10,:)),negexp(exp(square(X(3,:))))),times(exp(minus(X(4,:),X(8,:))),times(tanh(plus(X(2,:),X(1,:))),X(1,:))))),plus(X(6,:),X(9,:)))))"
1,10,7,"times(plus(X(1,:),minus(plus(sin(minus(X(7,:),minus(X(7,:),X(9,:)))),X(9,:)),sin(minus(plus(sin(X(10,:)),plus(sin(X(10,:)),X(9,:))),X(9,:))))),times(plus([-14.5144],minus(X(7,:),X(9,:))),sin(minus(sin(square(minus(plus(X(6,:),X(9,:)),times(cos(X(2,:)),plus(X(8,:),X(5,:)))))),plus(times(minus(cos(X(4,:)),exp(X(10,:))),exp(times(square(X(3,:)),[20.0712]))),sin(negexp(times(X(7,:),X(3,:)))))))))"
1,10,8,"minus(times(times(tanh(minus(cos(cos(X(4,:))),tanh(sin(tanh([-41.6820]))))),sin(cos(times(tanh(tanh([-41.4676])),minus(X(6,:),X(8,:)))))),times(tanh([-41.4423]),minus(X(6,:),X(8,:)))),plus(sin(tanh(minus(exp(plus(tanh(negexp(X(6,:))),sin(X(4,:)))),sin(exp(plus(negexp(X(6,:)),sin([-41.4676]))))))),cos(minus(minus(X(2,:),X(7,:)),minus(minus(X(6,:),X(8,:)),minus(sin(tanh(plus(X(3,:),X(10,:)))),times(X(9,:),minus(X(6,:),cos(X(5,:))))))))))"
1,10,9,"times(minus(plus(square(square(sin(exp(tanh(X(4,:)))))),plus(sin(exp(minus(tanh(X(6,:)),square(square(X(9,:)))))),cos(minus(square(minus(square(X(2,:)),exp(X(8,:)))),tanh(tanh(sin(X(9,:)))))))),minus(X(8,:),X(5,:))),sin(minus(X(8,:),times(plus(cos(minus(tanh(square(X(5,:))),negexp(minus(X(10,:),[-60.0774])))),minus(negexp(X(3,:)),sin(X(7,:)))),tanh(tanh(plus(cos(X(7,:)),minus(minus(X(8,:),X(5,:)),sin(X(7,:))))))))))"
1,10,10,"minus(cos(square(minus(minus(minus(minus(X(8,:),times(X(5,:),X(7,:))),negexp(square(X(10,:)))),minus(minus(X(2,:),X(9,:)),cos(X(8,:)))),negexp(square(negexp(minus(X(8,:),times(X(5,:),X(7,:))))))))),times(negexp(negexp(square(times(times(tanh(X(3,:)),plus(minus(X(4,:),X(5,:)),X(4,:))),minus(X(8,:),tanh(plus(X(3,:),X(1,:)))))))),times(minus(minus(sin(times(sin(sin(X(6,:))),exp(plus(X(3,:),X(1,:))))),cos(minus(X(8,:),tanh(X(3,:))))),cos(minus(X(8,:),tanh(X(3,:))))),minus(minus(X(8,:),tanh(X(3,:))),tanh(tanh(X(3,:)))))))"
1,10,11,"minus(square(square(times(square(X(9,:)),exp(plus(cos(plus(X(10,:),minus(X(5,:),X(4,:)))),plus(cos(X(10,:)),tanh(plus(X(2,:),X(5,:))))))))),plus(sin(sin(plus(times(minus(minus(minus([-87.2140],X(10,:)),X(10,:)),X(10,:)),times(minus([-24.3054],negexp(X(8,:))),square(exp(X(3,:))))),tanh(minus(times(minus(X(5,:),X(8,:)),cos(X(10,:))),X(6,:)))))),minus(minus(plus(minus(times(plus(exp(X(5,:)),[-24.4416]),plus([-24.7559],plus(X(5,:),X(8,:)))),negexp(X(5,:))),times(X(10,:),plus([-24.4416],plus(X(5,:),X(8,:))))),X(7,:)),square(plus(times(minus(minus(minus([-87.0598],X(10,:)),X(10,:)),X(10,:)),times(minus([-24.3054],negexp(X(8,:))),square(exp(X(3,:))))),minus(times(X(10,:),plus([-24.4416],plus(X(5,:),X(8,:)))),negexp(X(5,:))))))))"
1,10,12,"plus(times(times(minus(minus(minus(square(X(10,:)),X(10,:)),minus(square(X(6,:)),X(10,:))),square([79.5953])),minus(times(minus(times(plus(negexp(X(3,:)),negexp(X(9,:))),plus(X(6,:),X(6,:))),minus(square(X(6,:)),minus(cos(X(6,:)),X(10,:)))),minus(cos(X(10,:)),minus(cos(X(7,:)),X(10,:)))),exp(plus(X(9,:),X(6,:))))),cos(times(minus(times(plus(square([79.5953]),X(6,:)),X(9,:)),minus(cos(X(8,:)),minus(square(X(6,:)),X(10,:)))),X(2,:)))),times(plus(X(7,:),[-60.1606]),times(square(minus(minus(negexp(X(9,:)),X(9,:)),square(X(3,:)))),minus(times(square(X(3,:)),X(9,:)),minus(plus(plus(cos(cos(X(5,:))),plus(plus(X(6,:),X(6,:)),X(6,:))),plus(cos(cos(X(10,:))),plus(X(6,:),X(6,:)))),minus(negexp(X(4,:)),cos(plus(X(7,:),[-60.0793]))))))))"
1,10,13,"times(times(sin(X(6,:)),plus([-31.6636],plus(plus(X(10,:),X(4,:)),X(8,:)))),times(times(times(sin([-31.6703]),plus(negexp(cos(X(5,:))),X(5,:))),times(sin(minus(X(6,:),X(3,:))),times(sin(minus(X(5,:),X(3,:))),square(cos(times(X(5,:),sin(X(6,:)))))))),plus(X(9,:),minus(minus(X(5,:),tanh(times(tanh(X(9,:)),square(X(7,:))))),sin(plus(X(7,:),sin(plus(X(7,:),X(2,:)))))))))"
1,10,14,"times(exp(times(X(4,:),tanh(minus(minus(square(cos(sin(X(5,:)))),minus(times(X(9,:),plus(X(1,:),X(7,:))),tanh([62.5262]))),minus(minus(negexp(X(3,:)),tanh([62.8198])),negexp(X(3,:))))))),minus(square(sin(minus(exp(plus(tanh(tanh([62.8313])),X(4,:))),tanh(tanh(tanh(times(X(8,:),X(6,:)))))))),plus(times(exp(plus(minus([-37.8092],plus(X(2,:),X(7,:))),minus(times(X(1,:),X(10,:)),minus(sin(X(5,:)),X(4,:))))),negexp(tanh(tanh(tanh(tanh(X(2,:))))))),cos(tanh(exp(sin(sin(square(X(4,:))))))))))"
1,10,15,"minus(tanh(X(7,:)),minus(negexp(plus(cos(X(7,:)),sin(plus(minus(X(8,:),X(9,:)),plus(X(3,:),X(2,:)))))),plus(sin(plus(minus(minus(X(3,:),plus(X(6,:),X(8,:))),minus(minus(minus(X(5,:),X(8,:)),X(9,:)),minus(X(5,:),X(8,:)))),times(times(sin(X(8,:)),tanh(square(X(10,:)))),X(8,:)))),times(times(times(sin(X(8,:)),tanh(tanh(X(7,:)))),cos(X(7,:))),X(4,:)))))"
1,10,16,"plus(times(cos(times(plus(times(minus(X(4,:),plus(X(9,:),plus(X(8,:),X(7,:)))),[38.6840]),sin(X(2,:))),X(8,:))),sin(times(plus(plus(minus(X(4,:),plus(X(9,:),plus(X(8,:),X(7,:)))),X(2,:)),plus(X(5,:),[-17.1444])),times(plus(plus(minus(sin(X(2,:)),X(6,:)),X(10,:)),plus(minus(X(8,:),sin([38.6880])),negexp(plus(X(8,:),X(5,:))))),[-17.1444])))),minus(square(plus(times(plus(plus(X(6,:),X(2,:)),plus(sin(X(10,:)),negexp(plus(X(8,:),X(5,:))))),X(8,:)),times(tanh(times(plus(plus(X(8,:),X(5,:)),X(3,:)),X(4,:))),times(minus(negexp(plus(X(8,:),X(5,:))),[-17.1444]),plus(times(X(3,:),plus(X(8,:),X(6,:))),times(minus([-17.2367],X(4,:)),[38.7940])))))),plus(tanh(X(6,:)),times(tanh(minus(X(8,:),sin([38.6880]))),times(times(minus(plus(sin(X(8,:)),X(5,:)),[-16.9367]),plus(times(X(2,:),X(8,:)),times(minus([-17.1444],X(4,:)),[38.6840]))),plus(minus(X(4,:),X(4,:)),times(minus([-16.9367],X(4,:)),[38.6840])))))))"
1,10,17,"plus(sin(tanh(tanh(minus(tanh(X(10,:)),negexp(plus(plus(X(7,:),X(1,:)),exp(X(4,:)))))))),plus(times(plus(cos(plus(X(2,:),X(5,:))),minus(times(tanh(tanh(negexp(X(10,:)))),plus(X(10,:),X(9,:))),tanh(tanh(times(X(8,:),X(2,:)))))),sin(plus(cos(plus(X(2,:),X(5,:))),negexp(X(10,:))))),plus(negexp(exp(minus(minus(tanh(minus(X(6,:),X(10,:))),sin(X(6,:))),cos(X(6,:))))),tanh(exp(sin(minus([44.4853],X(3,:))))))))"
1,10,18,"minus(minus(sin(exp(minus(minus(minus(sin([-85.4222]),minus(X(2,:),X(2,:))),negexp(X(7,:))),negexp(X(7,:))))),plus(exp(cos(X(6,:))),times(minus(cos(cos(X(8,:))),sin(X(6,:))),plus(negexp(exp(X(4,:))),plus(minus(cos(cos(X(7,:))),sin(X(10,:))),sin(X(7,:))))))),plus(exp(tanh(minus(negexp(square(X(7,:))),tanh(exp(minus(minus(X(2,:),X(2,:)),exp(X(6,:)))))))),times(sin(times(exp(X(3,:)),plus(times(X(6,:),X(6,:)),X(5,:)))),plus(negexp(exp(X(4,:))),plus(minus(cos(negexp(exp(X(6,:)))),sin(minus(X(9,:),X(10,:)))),sin(X(7,:)))))))"
1,10,19,"times(square(plus(plus(times(square(plus(negexp([-2.3148]),plus(X(9,:),X(3,:)))),plus(plus(X(4,:),plus(exp([-2.3148]),minus(X(4,:),X(7,:)))),plus(exp([-2.3148]),minus(X(4,:),cos(X(2,:)))))),X(6,:)),minus(negexp(square(plus(times(cos(X(5,:)),times(X(7,:),X(9,:))),plus(sin(X(10,:)),minus(X(7,:),X(2,:)))))),plus(minus(sin(negexp(X(8,:))),plus(X(2,:),[46.6663])),[-2.3148])))),square(minus(plus(negexp([-2.3148]),plus(negexp([-2.3148]),plus(X(9,:),X(3,:)))),plus(plus(exp(X(3,:)),plus(cos(X(8,:)),minus(X(4,:),X(7,:)))),plus(exp(X(5,:)),minus(X(4,:),sin(plus(negexp(X(10,:)),X(2,:)))))))))"
1,10,20,"plus(minus(cos(cos(plus(negexp(minus(X(3,:),times(cos(X(7,:)),X(4,:)))),cos(X(3,:))))),plus(plus(X(6,:),X(5,:)),X(5,:))),plus(minus(times(plus(X(6,:),X(5,:)),square(plus(times(cos(X(9,:)),X(8,:)),tanh(X(7,:))))),plus(X(8,:),plus(X(8,:),tanh(X(4,:))))),minus(minus(cos(plus(X(8,:),tanh(X(4,:)))),plus(times(sin(X(10,:)),sin(square(X(2,:)))),plus(X(6,:),plus(X(6,:),X(5,:))))),plus(sin(X(9,:)),square(plus(times(cos(X(9,:)),X(8,:)),tanh(X(7,:))))))))"
1,10,21,"plus(sin(X(4,:)),plus(tanh(plus(plus(X(10,:),times(exp(plus(X(8,:),plus(X(3,:),X(10,:)))),square(X(6,:)))),negexp(tanh(tanh(X(7,:)))))),times(minus(X(10,:),minus(sin(minus(X(2,:),tanh(plus(X(3,:),X(10,:))))),exp(negexp(square(X(8,:)))))),minus(minus(cos(X(10,:)),tanh(cos(plus(cos(X(5,:)),plus(X(9,:),X(2,:)))))),tanh(cos(times(tanh(X(5,:)),square(X(8,:)))))))))"
1,10,22,"times(minus(sin(minus(exp(cos(cos(cos(cos([55.7892]))))),square(square(minus(exp(X(5,:)),negexp(X(3,:))))))),exp(cos(X(5,:)))),times(cos(plus(sin(plus(sin(times(minus(X(8,:),X(8,:)),X(8,:))),negexp(cos(X(4,:))))),tanh(X(3,:)))),plus(exp(negexp(cos(minus(cos(tanh([55.7892])),times(X(7,:),negexp(X(6,:))))))),minus(exp(cos(times(minus(X(2,:),X(8,:)),X(2,:)))),sin(minus(exp(cos(tanh(X(10,:)))),square(minus(exp(X(9,:)),negexp(X(3,:))))))))))"
1,10,23,"times(minus(negexp(negexp(sin(plus(plus(plus(X(9,:),minus(X(6,:),X(2,:))),times(negexp(X(10,:)),exp(X(7,:)))),tanh(minus(times(X(3,:),X(8,:)),sin(X(4,:)))))))),exp(minus(tanh(minus(X(3,:),X(6,:))),plus(cos(cos(exp(square(X(4,:))))),sin(X(4,:)))))),exp(times(cos(cos(times(exp(minus(times(X(3,:),X(8,:)),plus(X(5,:),X(9,:)))),square(X(5,:))))),exp(square(sin(square(X(9,:))))))))"
1,10,24,"times(tanh(minus(tanh(square(times(plus(sin([68.4888]),plus(sin([68.4888]),X(2,:))),plus(X(5,:),plus(tanh(X(6,:)),sin(X(8,:))))))),times(tanh(times(tanh(negexp([68.4888])),plus([68.4888],X(10,:)))),plus(X(9,:),tanh(X(6,:)))))),minus(cos(sin(minus(plus([68.4888],sin(plus(X(3,:),[68.4888]))),times(plus(sin([68.6783]),plus(sin(X(7,:)),X(2,:))),negexp(X(7,:)))))),square(plus(negexp(cos(exp(X(2,:)))),times(times(tanh(tanh(negexp(X(5,:)))),cos(X(6,:))),X(4,:))))))"
1,10,25,"times(plus(times(X(4,:),square(minus(cos(plus([-3.2594],X(8,:))),X(7,:)))),negexp(X(6,:))),minus(square(plus(plus(plus(plus(times(negexp(X(9,:)),[-55.5293]),times(plus(X(5,:),X(7,:)),X(9,:))),times(minus([-55.5293],negexp(X(6,:))),square(minus(X(6,:),X(2,:))))),plus(times(negexp(X(9,:)),[-55.5293]),times(plus(X(3,:),[-55.5293]),square(X(10,:))))),minus(plus(plus(times(negexp(X(9,:)),[-55.5293]),times(plus([-55.5293],[-55.3496]),square(X(6,:)))),times(plus(X(6,:),plus(X(6,:),[-55.5293])),square(times(X(6,:),X(9,:))))),cos(negexp([-3.3375]))))),exp(tanh(square(minus(cos(plus([-3.2594],X(8,:))),X(7,:)))))))"
1,10,26,"times(exp(minus(tanh(times(X(8,:),times(minus(plus(times(X(6,:),X(5,:)),[37.7917]),X(1,:)),plus(square(sin(X(10,:))),exp(X(9,:)))))),tanh(X(5,:)))),times(times(X(8,:),times(minus(plus(X(4,:),minus(plus(X(4,:),[37.6692]),tanh([73.7858]))),X(9,:)),plus(X(8,:),plus(X(4,:),minus(plus(X(4,:),[37.6692]),tanh(X(6,:))))))),minus(square(minus(times(minus(plus(X(8,:),[37.7206]),tanh(X(9,:))),minus(times(times(X(9,:),X(7,:)),sin(X(10,:))),plus(X(2,:),times(X(5,:),X(3,:))))),X(9,:))),minus(negexp(sin(minus([73.7858],X(7,:)))),minus(plus(square([73.7743]),minus(plus(square([73.8327]),times([73.7858],X(4,:))),X(4,:))),times(times(X(9,:),[73.7858]),plus(times(X(9,:),X(7,:)),[37.7917])))))))"
1,10,27,"minus(plus(minus(minus(cos(X(3,:)),times(cos(plus(X(4,:),X(2,:))),times(times(X(7,:),X(5,:)),tanh(square(X(4,:)))))),minus(plus(tanh(square(square(X(4,:)))),sin(cos(minus(times(X(5,:),X(4,:)),X(4,:))))),minus(X(8,:),X(8,:)))),X(10,:)),times(plus(cos(times(X(3,:),sin(tanh(X(3,:))))),cos(X(9,:))),times(square(times(X(3,:),sin(negexp(minus(exp(X(6,:)),exp(X(6,:))))))),square(times(minus(X(5,:),cos(sin(plus(X(7,:),X(3,:))))),sin(negexp(minus(exp(X(7,:)),times(X(7,:),X(7,:))))))))))"
1,10,28,"times(plus(minus(plus(plus(minus(tanh(negexp(times(X(5,:),X(4,:)))),tanh(tanh(times(X(4,:),X(7,:))))),times(X(6,:),X(5,:))),cos(negexp(X(4,:)))),minus(sin(minus(times(times([41.9376],X(10,:)),plus(cos(X(1,:)),[42.0928])),square(exp(X(5,:))))),[41.9376])),X(6,:)),square(plus(plus(exp(sin(plus(plus(X(3,:),X(6,:)),X(2,:)))),plus(times(times([42.0928],tanh(X(7,:))),plus(X(3,:),plus(minus(X(3,:),X(8,:)),cos(X(1,:))))),tanh(minus(X(4,:),square(X(6,:)))))),plus(times(times([42.0928],tanh(X(7,:))),plus(X(3,:),plus(minus(X(3,:),X(8,:)),cos(X(1,:))))),tanh(minus(sin(X(9,:)),square(X(6,:))))))))"
1,10,29,"plus(tanh(minus(cos(X(9,:)),plus(cos(plus(X(8,:),X(4,:))),square(plus(tanh(plus(cos(X(1,:)),X(3,:))),sin(X(3,:))))))),plus(tanh(minus(cos(square(plus(tanh(plus(X(3,:),X(3,:))),sin(X(3,:))))),plus(cos(times(X(3,:),sin(X(6,:)))),X(9,:)))),times(times(minus(square(plus(tanh(plus(X(3,:),X(3,:))),sin(X(3,:)))),cos(X(1,:))),negexp(X(5,:))),plus(plus(plus(X(3,:),[19.3303]),minus(square(tanh(times(X(7,:),X(10,:)))),tanh(times(times(X(2,:),X(9,:)),sin(X(3,:)))))),minus(square(square(tanh(times(X(7,:),X(10,:))))),tanh(times(times(X(2,:),X(9,:)),sin(X(3,:)))))))))"
1,10,30,"times(minus(plus(minus(times(plus(exp(X(8,:)),minus(cos(plus(X(2,:),X(7,:))),X(7,:))),tanh(negexp(X(5,:)))),sin(X(8,:))),cos(times(X(8,:),[4.6235]))),square(cos(plus(tanh(tanh(cos(X(4,:)))),X(3,:))))),square(plus(sin(minus(plus(minus(times(square(X(10,:)),plus(X(1,:),X(6,:))),X(8,:)),exp(minus(sin(X(9,:)),square(X(2,:))))),X(4,:))),minus(X(5,:),X(8,:)))))"
1,10,31,"times(plus(tanh(plus(plus(negexp(plus(minus(minus(X(5,:),X(5,:)),minus(X(1,:),X(1,:))),times(X(5,:),X(8,:)))),plus(negexp(plus(tanh(X(3,:)),times(X(5,:),X(8,:)))),minus(X(1,:),X(1,:)))),tanh(plus(times(tanh(X(8,:)),times(times(X(8,:),X(2,:)),tanh(X(3,:)))),square(minus(square(X(10,:)),minus(X(5,:),X(5,:)))))))),negexp(tanh(minus(cos(times(times(X(8,:),plus(X(6,:),X(4,:))),plus(plus(X(8,:),X(9,:)),times(X(5,:),X(8,:))))),plus(times(tanh(exp(X(5,:))),times(times(X(8,:),X(2,:)),tanh(X(3,:)))),square(minus(square(X(10,:)),cos([42.3392])))))))),times(plus(exp(X(8,:)),sin(plus(X(3,:),X(9,:)))),plus(plus(tanh(tanh(minus(minus(X(8,:),minus(X(9,:),X(10,:))),X(5,:)))),plus(minus(X(8,:),minus(tanh(X(3,:)),X(10,:))),X(7,:))),plus(minus(X(8,:),minus(tanh(X(3,:)),X(10,:))),X(7,:)))))"
1,10,32,"plus(plus(plus(plus(exp(X(8,:)),plus(X(3,:),X(10,:))),X(5,:)),X(5,:)),plus(plus(times(X(9,:),plus(plus(cos(X(3,:)),tanh(sin(X(4,:)))),times(X(6,:),X(2,:)))),tanh(tanh(minus(X(5,:),X(7,:))))),plus(plus(sin(X(6,:)),exp(times(exp(tanh(cos(X(6,:)))),negexp(times(sin(X(8,:)),cos(X(6,:))))))),negexp(X(9,:)))))"
1,10,33,"minus(plus(plus(X(2,:),times(sin(negexp(cos(minus(X(5,:),X(4,:))))),X(10,:))),times(sin(tanh(square(negexp(X(10,:))))),X(10,:))),times(minus(square(plus(cos(minus(X(5,:),[40.3879])),plus(cos(minus(negexp(X(8,:)),X(3,:))),plus(X(8,:),negexp(X(5,:)))))),sin(plus(plus(negexp(exp(X(6,:))),cos(cos(times(X(7,:),X(3,:))))),negexp(times(X(1,:),[21.6361]))))),plus(plus(minus(minus(negexp([21.1847]),cos(cos(square(X(9,:))))),exp(sin(negexp(plus(X(3,:),X(6,:)))))),times(sin(tanh(square(negexp(X(10,:))))),X(10,:))),minus(X(5,:),X(3,:)))))"
1,10,34,"plus(plus(minus(tanh(plus(X(8,:),square(times(cos(X(7,:)),times(cos(X(7,:)),X(9,:)))))),negexp(cos(negexp(times(X(6,:),sin([-82.4505])))))),X(2,:)),times(plus(minus(times(X(6,:),sin([-82.4508])),minus(X(3,:),X(5,:))),plus(square(times(X(6,:),sin(X(6,:)))),times(X(6,:),sin([-82.4508])))),plus(exp(tanh(sin(tanh(sin(X(4,:)))))),cos(X(10,:)))))"
1,10,35,"plus(negexp(cos(minus(X(3,:),plus(X(6,:),minus(X(4,:),X(8,:)))))),minus(exp(minus(sin(sin(X(5,:))),plus(square(tanh(minus(tanh([-17.4640]),plus(X(4,:),X(2,:))))),X(7,:)))),plus(times(sin(plus(plus(X(3,:),tanh(X(9,:))),tanh(minus(tanh([-18.9243]),X(7,:))))),minus(X(6,:),plus(X(2,:),plus(X(10,:),X(4,:))))),plus(plus(X(3,:),tanh(X(5,:))),tanh(X(7,:))))))"
1,10,36,"times(times(minus(plus(X(3,:),X(9,:)),plus(times(cos(X(10,:)),times(cos(X(10,:)),square(X(9,:)))),minus(sin(X(7,:)),exp(X(4,:))))),negexp(cos(square(negexp(cos(square(negexp(X(2,:))))))))),plus(minus(times(cos(tanh(square(negexp(X(2,:))))),[38.3943]),times(X(6,:),X(5,:))),plus([38.3356],times(cos(square(cos(tanh(times([38.4811],X(5,:)))))),times(cos(sin(negexp(X(8,:)))),square(X(7,:)))))))"
1,10,37,"times(plus(minus(plus(minus(minus(X(2,:),X(3,:)),negexp(cos(minus(X(3,:),square(X(5,:)))))),plus(plus(minus(X(2,:),tanh(minus(X(8,:),X(3,:)))),plus(plus(plus(X(4,:),X(7,:)),X(8,:)),exp(X(4,:)))),plus(X(9,:),X(4,:)))),tanh(exp(X(4,:)))),plus(plus(minus(minus(X(2,:),X(3,:)),negexp(cos(minus(plus(X(9,:),X(6,:)),square(X(2,:)))))),plus(plus(minus(minus(X(2,:),X(3,:)),tanh(minus(X(2,:),X(3,:)))),plus(plus(plus(X(4,:),X(7,:)),X(8,:)),exp(X(4,:)))),plus(X(9,:),X(4,:)))),plus(minus(minus(X(2,:),X(3,:)),negexp(cos(minus(plus([14.5504],X(6,:)),square(X(5,:)))))),plus(plus(minus(minus(X(2,:),X(3,:)),tanh([84.1546])),plus(plus(plus(X(9,:),X(7,:)),X(8,:)),exp(X(4,:)))),exp(X(4,:)))))),square(sin(plus(negexp(cos(negexp(cos(X(5,:))))),plus(plus(exp(X(6,:)),X(8,:)),exp(X(10,:)))))))"
1,10,38,"plus(tanh(negexp(plus(plus(minus(X(2,:),X(5,:)),plus(times(X(10,:),times(X(3,:),exp(X(10,:)))),negexp(X(5,:)))),times(X(4,:),minus(exp(X(6,:)),times(negexp(X(5,:)),times(X(3,:),exp(X(10,:))))))))),minus(negexp(plus(X(7,:),exp(plus(minus(negexp(X(5,:)),X(9,:)),plus(minus(X(8,:),X(5,:)),X(3,:)))))),plus(minus(minus(X(2,:),negexp(plus(X(7,:),negexp(X(5,:))))),X(5,:)),minus(minus(X(7,:),X(5,:)),minus(exp(X(10,:)),times(X(4,:),times(X(3,:),X(5,:))))))))"
1,10,39,"times(plus(times(X(4,:),X(6,:)),times(minus(exp(X(6,:)),times(minus(times(cos(times(X(3,:),X(4,:))),X(6,:)),tanh(X(10,:))),cos(tanh(X(8,:))))),X(6,:))),minus(minus(minus(cos(sin(tanh(tanh(X(9,:))))),minus(minus(sin(exp(X(4,:))),plus(X(2,:),X(6,:))),minus(minus(sin(X(9,:)),cos(X(8,:))),tanh(tanh(X(5,:)))))),tanh(tanh(minus(sin(cos(plus(X(4,:),X(2,:)))),plus(X(2,:),X(6,:)))))),minus(minus(minus(sin(sin(tanh(sin(X(9,:))))),plus(X(2,:),X(6,:))),minus(minus(sin(X(9,:)),cos(times(X(3,:),X(6,:)))),tanh(tanh(X(5,:))))),minus(minus(cos(sin(X(7,:))),minus(minus(sin(exp(X(4,:))),plus(X(2,:),X(6,:))),minus(minus(sin(X(9,:)),cos(X(8,:))),tanh(tanh(X(5,:)))))),tanh(tanh(X(5,:)))))))"
1,10,40,"times(exp(plus(cos(plus(minus(sin(X(4,:)),minus(sin(X(6,:)),negexp(exp(X(4,:))))),sin(minus(X(10,:),X(3,:))))),minus(exp(tanh([40.0866])),tanh(tanh(tanh(sin(X(5,:)))))))),plus(exp(plus(cos(plus(tanh([40.0927]),sin(minus(minus(X(7,:),X(6,:)),X(3,:))))),square(sin(plus(times(X(5,:),minus(X(9,:),X(9,:))),plus(minus(X(2,:),X(7,:)),X(5,:))))))),minus(plus(sin(exp(X(3,:))),plus(sin(cos(plus(exp(X(7,:)),exp(X(4,:))))),plus(X(4,:),exp(X(8,:))))),minus(sin(X(4,:)),minus(sin([39.9805]),negexp(exp(X(4,:))))))))"
1,10,41,"plus(square(plus(plus(plus(X(2,:),minus(tanh(exp(exp(X(1,:)))),sin(sin(sin(X(1,:)))))),minus(tanh(X(1,:)),sin(sin(X(1,:))))),times(sin(minus(tanh(X(1,:)),sin(X(1,:)))),times(times(X(7,:),tanh(X(5,:))),negexp(times(exp(sin(X(6,:))),exp(times(X(3,:),X(2,:))))))))),plus(square(plus(plus(X(2,:),minus(tanh(exp(exp(X(1,:)))),sin(plus(X(8,:),X(10,:))))),times(sin(minus(tanh(sin(X(6,:))),sin(plus(X(7,:),X(10,:))))),times(X(7,:),tanh(X(5,:)))))),negexp(negexp(minus(tanh(square(plus(plus(X(4,:),X(1,:)),tanh(X(9,:))))),X(2,:))))))"
1,10,42,"plus(plus(square(minus(X(3,:),times(X(6,:),cos(X(9,:))))),plus(square(negexp(tanh(times(X(6,:),cos(X(9,:)))))),plus(square(negexp(tanh(times(square(X(10,:)),cos(X(9,:)))))),square(X(3,:))))),minus(tanh(times(exp(plus(minus(square(X(6,:)),X(10,:)),square(tanh(X(8,:))))),times(times(minus(cos(square(X(7,:))),[-0.1632]),tanh(X(4,:))),times(negexp(X(2,:)),negexp(X(3,:)))))),times(times(plus(negexp(sin(times(X(6,:),X(9,:)))),exp(plus(plus([-43.6656],square(X(10,:))),square(X(3,:))))),cos(times(minus(minus(X(3,:),X(9,:)),tanh(square(X(3,:)))),tanh(minus(X(5,:),X(6,:)))))),cos(sin(square(minus(X(3,:),times(X(6,:),cos(X(9,:))))))))))"
1,10,43,"times(minus(plus(plus(minus(minus(plus(negexp(exp(X(3,:))),square(X(6,:))),times(exp(sin(X(6,:))),times(tanh(X(6,:)),plus(X(2,:),X(6,:))))),times(exp(sin(X(6,:))),times(tanh(X(6,:)),plus(X(2,:),X(6,:))))),plus(plus(plus(negexp(exp(X(3,:))),square(X(6,:))),plus(negexp(exp(X(3,:))),square(X(6,:)))),plus(negexp(exp(X(3,:))),square(X(6,:))))),plus(plus(plus(cos(plus(tanh(X(5,:)),times(X(10,:),X(2,:)))),plus(negexp(exp(X(3,:))),square(X(6,:)))),plus(negexp(exp(X(3,:))),square(X(6,:)))),plus(plus(negexp(exp(X(3,:))),square(X(6,:))),plus(plus(negexp(exp(X(3,:))),square(X(6,:))),plus(negexp(exp(X(3,:))),square(X(6,:))))))),sin(cos(cos(times(times(exp(X(2,:)),times(tanh(X(6,:)),plus(X(2,:),X(6,:)))),X(8,:)))))),times(minus([64.1272],plus(plus(minus(negexp(X(2,:)),minus(exp(X(7,:)),X(4,:))),cos(square(plus(X(2,:),sin(X(6,:)))))),minus(negexp(exp(square(times(X(6,:),X(4,:))))),negexp(exp(X(3,:)))))),plus(plus(plus(negexp(cos(plus(X(2,:),negexp(X(9,:))))),square(tanh(plus(X(2,:),negexp(X(9,:)))))),square(tanh(plus(times(X(6,:),X(4,:)),negexp(plus(X(2,:),X(6,:))))))),plus(negexp(cos(plus(X(2,:),negexp(X(9,:))))),plus(negexp(cos(plus(X(2,:),negexp(X(9,:))))),square(tanh(plus(X(2,:),negexp(X(9,:))))))))))"
1,10,44,"plus(negexp(X(10,:)),plus(cos(times(times(plus(tanh(X(4,:)),times(tanh(X(10,:)),cos(plus(X(8,:),X(9,:))))),plus(X(10,:),[-59.5023])),square(times(X(5,:),X(8,:))))),times(plus(times(sin(times(plus(minus(X(2,:),X(7,:)),minus(X(10,:),X(7,:))),X(6,:))),plus(minus(X(2,:),X(7,:)),minus(X(10,:),X(7,:)))),X(3,:)),plus(X(10,:),X(4,:)))))"
1,10,45,"minus(times(minus(square(plus(tanh(plus(exp(minus(X(8,:),X(7,:))),[24.4570])),X(10,:))),minus(minus(minus(times(X(5,:),X(5,:)),times([-3.5845],plus(X(5,:),X(1,:)))),negexp(X(7,:))),cos(minus(times(X(5,:),X(5,:)),times([-3.5958],plus(X(5,:),X(1,:))))))),minus(negexp(sin(X(4,:))),cos(X(9,:)))),square(tanh(times(plus(exp(times(X(7,:),negexp(X(3,:)))),times(negexp(X(3,:)),minus(times(X(1,:),negexp(X(2,:))),negexp(X(2,:))))),exp(times(X(6,:),negexp(X(2,:))))))))"
1,10,46,"plus(plus(square(plus(X(9,:),plus(X(9,:),X(7,:)))),times(times(tanh(plus(plus(X(5,:),X(9,:)),tanh(plus(X(5,:),X(7,:))))),minus(minus(X(6,:),times(X(7,:),X(5,:))),X(9,:))),X(9,:))),plus(sin(plus(tanh(X(10,:)),plus(times(tanh(sin(plus(X(5,:),X(7,:)))),minus(sin(plus(X(5,:),X(7,:))),X(4,:))),X(3,:)))),times(sin(X(8,:)),plus(X(9,:),minus(X(8,:),times(X(2,:),X(2,:)))))))"
1,10,47,"plus(plus(times(times(plus([84.1532],times(cos(X(4,:)),negexp(X(10,:)))),negexp(sin(plus(times(tanh(X(7,:)),times(X(4,:),X(2,:))),exp(X(5,:)))))),plus(negexp(sin(X(2,:))),plus(negexp(cos(negexp(X(10,:)))),plus(X(8,:),[84.2311])))),minus(times(X(2,:),times(X(4,:),X(2,:))),sin(plus(times(plus([84.0222],times(cos(X(4,:)),negexp(X(10,:)))),square(X(10,:))),exp(plus(X(1,:),X(3,:))))))),plus(minus(plus(times(times(plus([83.7189],times(cos(X(4,:)),negexp(X(10,:)))),square(X(10,:))),plus(negexp(cos(negexp(X(10,:)))),plus(X(8,:),[84.2311]))),times(X(2,:),times(X(4,:),X(2,:)))),sin(plus(times(tanh(X(6,:)),times(tanh(X(7,:)),X(2,:))),exp(plus(tanh(X(4,:)),times(times(X(9,:),X(6,:)),X(10,:))))))),minus(plus(times(times(plus([83.8794],times(cos(X(4,:)),negexp(X(10,:)))),square(X(10,:))),plus(negexp(sin(X(2,:))),plus(X(8,:),[84.2311]))),minus(times(X(2,:),times(X(4,:),X(2,:))),X(4,:))),sin(plus(plus(times(tanh(X(7,:)),times(X(4,:),X(2,:))),exp(X(5,:))),exp(plus(times(X(4,:),X(2,:)),cos(X(4,:)))))))))"
1,10,48,"times(minus(cos(plus(minus(cos(X(8,:)),minus(X(1,:),X(1,:))),negexp(cos(tanh(minus(X(9,:),minus(X(2,:),X(1,:)))))))),minus(times(minus(minus(cos(times(X(6,:),exp(X(3,:)))),square(X(5,:))),[87.0847]),plus(square(X(1,:)),plus(minus(exp(X(3,:)),minus(minus(X(1,:),X(10,:)),square(X(1,:)))),times([87.0169],X(5,:))))),sin(minus(times(cos(cos(X(7,:))),tanh(minus(X(9,:),minus(X(2,:),[69.1795])))),tanh(X(4,:)))))),plus(negexp(cos(plus(minus(exp(X(3,:)),minus(minus(X(1,:),X(10,:)),square(X(1,:)))),times([86.9883],X(5,:))))),plus(minus(exp(plus(minus(minus(X(10,:),X(10,:)),square(X(1,:))),exp(tanh(X(4,:))))),square(tanh(minus(minus([18.3091],square(X(5,:))),sin(times([-11.7102],X(5,:))))))),X(5,:))))"
1,10,49,"minus(minus(square(square(plus(times(plus(times(cos(X(7,:)),cos(X(3,:))),X(8,:)),minus(times(tanh(X(10,:)),cos(X(8,:))),X(10,:))),cos(X(4,:))))),exp(minus(plus(cos(cos(X(9,:))),X(2,:)),minus(X(6,:),cos(cos(X(9,:))))))),square(plus(times(plus(minus([54.8330],X(10,:)),[27.4493]),minus(times(tanh(X(9,:)),cos(tanh(X(9,:)))),X(9,:))),cos(minus(X(5,:),cos(plus(tanh(X(5,:)),minus(X(2,:),X(3,:)))))))))"
1,10,50,"plus(times(exp(X(5,:)),times(plus(cos(minus(negexp([-47.6969]),minus(X(1,:),X(8,:)))),plus(times(minus(minus([60.6881],X(2,:)),times(X(5,:),cos(X(5,:)))),minus(times(X(5,:),cos(X(5,:))),times(X(5,:),square(X(7,:))))),times(times(negexp(cos(X(5,:))),[60.6881]),negexp(cos(X(5,:)))))),plus(minus([60.6881],X(4,:)),minus(minus(times(X(5,:),cos(X(5,:))),times(X(5,:),square(X(7,:)))),plus(times(negexp(cos(X(5,:))),[60.6881]),times([60.6881],negexp(cos(X(5,:))))))))),times(exp(X(5,:)),times(plus(sin(X(3,:)),plus(times(minus([60.6881],X(4,:)),minus(times(X(4,:),X(6,:)),exp(X(5,:)))),X(8,:))),plus(X(9,:),minus(minus(times(X(8,:),X(4,:)),negexp(square(cos(X(5,:))))),plus(times(X(5,:),minus([60.6924],square(X(7,:)))),times([60.7051],negexp(cos(X(10,:))))))))))"
1,10,51,"plus(plus(plus(minus(minus(X(6,:),times(X(7,:),square(X(10,:)))),minus(minus(X(7,:),minus(X(7,:),sin(X(5,:)))),negexp(X(7,:)))),square(minus(X(7,:),[5.1136]))),sin(minus(square(cos(minus(square(plus(X(7,:),X(5,:))),minus(X(7,:),[5.1136])))),plus(plus(sin(times(minus(X(8,:),X(2,:)),X(9,:))),square(negexp(negexp(X(9,:))))),X(3,:))))),times(X(1,:),times(minus(minus(square(plus(X(4,:),X(7,:))),negexp(X(7,:))),plus(X(4,:),X(7,:))),sin(X(9,:)))))"
1,10,52,"plus(times(times([87.0460],X(10,:)),X(7,:)),minus(plus(plus(square(plus(plus(plus(sin(X(10,:)),X(7,:)),X(3,:)),plus(sin(times(X(9,:),X(2,:))),minus(negexp(X(10,:)),times(X(8,:),X(1,:)))))),times(X(7,:),square(times(plus(X(5,:),X(5,:)),tanh(exp(X(7,:))))))),plus(plus(minus(negexp(X(10,:)),times(tanh(X(1,:)),X(4,:))),minus(negexp(X(10,:)),times(X(5,:),X(1,:)))),minus(exp(X(7,:)),times(cos(X(2,:)),times(times(exp(X(3,:)),times(X(7,:),X(4,:))),X(4,:)))))),plus(exp(times(cos(X(4,:)),square(times(tanh(X(1,:)),X(4,:))))),plus(times(exp(X(6,:)),times(X(7,:),X(10,:))),cos(times([33.7852],X(10,:)))))))"
1,10,53,"square(plus(sin(plus(minus(X(5,:),times(square(times(X(5,:),X(2,:))),minus(minus(X(5,:),X(9,:)),minus(X(1,:),X(7,:))))),cos(cos(times(minus(X(6,:),X(7,:)),minus(square(X(3,:)),X(7,:))))))),plus(minus(minus(square(minus(X(5,:),plus(minus(X(1,:),X(7,:)),square(X(9,:))))),square(minus(minus(X(8,:),plus(X(3,:),X(6,:))),[63.8503]))),X(4,:)),minus(square(minus(minus(X(1,:),X(3,:)),minus(minus(cos(X(7,:)),X(7,:)),square(X(9,:))))),times(square(times(X(10,:),X(2,:))),minus(plus(X(3,:),X(6,:)),square(X(9,:))))))))"
1,10,54,"square(minus(minus(cos(X(3,:)),negexp(X(7,:))),minus(plus(times(X(6,:),minus(minus(square(X(8,:)),X(1,:)),plus([88.0298],X(6,:)))),minus(X(9,:),X(4,:))),times(tanh(plus(cos(minus(times(X(2,:),X(3,:)),plus(X(3,:),X(5,:)))),cos(plus(X(5,:),X(3,:))))),minus(minus(X(7,:),negexp(X(6,:))),plus([87.8329],X(10,:)))))))"
1,10,55,"times(minus(times(plus([-63.2357],[37.6532]),negexp(minus(sin(cos(sin(negexp(X(6,:))))),negexp(minus(cos(X(6,:)),times(plus([-63.5177],[37.9786]),negexp(X(6,:)))))))),plus(tanh(exp(minus(minus(X(10,:),times(plus([-63.2514],X(4,:)),negexp(X(6,:)))),X(8,:)))),sin(square(sin(square(plus(minus(X(6,:),X(2,:)),minus(X(9,:),X(5,:))))))))),minus(plus(plus(minus(X(3,:),X(2,:)),minus(X(3,:),X(5,:))),X(7,:)),times(X(4,:),minus(X(4,:),plus(square(X(10,:)),negexp(sin(negexp(minus(X(3,:),X(2,:))))))))))"
1,10,56,"plus(plus(times(plus(X(1,:),cos(minus(sin(plus(square(X(8,:)),times(X(10,:),X(3,:)))),exp(tanh(exp(X(1,:))))))),plus(times(plus(X(1,:),X(7,:)),sin(exp(X(4,:)))),times(plus(X(1,:),plus(X(1,:),X(2,:))),tanh(plus(negexp(X(5,:)),tanh(exp(X(1,:)))))))),times(plus(times(plus(X(1,:),sin(times(minus(X(9,:),X(7,:)),minus(X(7,:),X(6,:))))),tanh(plus(negexp(X(5,:)),exp(X(7,:))))),cos(minus(sin(plus(square(X(8,:)),times(X(10,:),X(3,:)))),exp(tanh(exp(X(1,:))))))),plus(times(plus(X(1,:),X(7,:)),sin(exp(X(4,:)))),times(plus(X(1,:),tanh(minus([85.0859],X(6,:)))),tanh(plus(negexp(X(5,:)),X(7,:))))))),plus(times(plus(X(1,:),cos(minus(sin(exp(X(4,:))),exp(tanh(exp(X(1,:))))))),plus(times(plus(X(1,:),X(7,:)),sin(exp(X(4,:)))),times(plus(X(1,:),plus(X(1,:),plus(X(1,:),X(7,:)))),tanh(plus(negexp(X(5,:)),negexp(X(5,:))))))),times(plus(X(1,:),cos(minus(sin(plus(square(X(8,:)),times(X(10,:),X(3,:)))),exp(plus(X(1,:),X(7,:)))))),plus(times(plus(X(1,:),X(7,:)),sin(exp(X(4,:)))),times(plus(X(1,:),sin(times(minus(X(9,:),[-28.4852]),minus(X(7,:),X(6,:))))),tanh(plus(negexp(square(X(8,:))),exp(X(7,:)))))))))"
1,10,57,"plus(exp(times(cos(plus(cos(minus(minus(X(6,:),X(2,:)),tanh(X(4,:)))),square(plus(square(X(10,:)),plus([-52.4566],X(5,:)))))),plus(X(8,:),tanh(minus(plus([-52.4566],plus(plus(X(10,:),X(10,:)),sin(X(6,:)))),times(plus(X(7,:),X(4,:)),plus(plus(X(8,:),X(10,:)),sin(X(3,:))))))))),plus(times(times(X(3,:),plus(plus(X(4,:),X(10,:)),sin(X(6,:)))),times(X(3,:),cos(times(plus(X(7,:),X(4,:)),times(exp(sin([67.3128])),exp(cos(X(3,:)))))))),negexp(plus(X(8,:),tanh(minus(sin([67.1141]),sin(square(plus(X(9,:),X(3,:))))))))))"
1,10,58,"times(times(square(times(negexp(square(sin(sin(tanh(X(10,:)))))),tanh(times(X(2,:),exp(plus(plus(X(3,:),[61.7990]),minus(X(8,:),X(3,:)))))))),plus(minus(cos(X(6,:)),times(X(3,:),square(square(cos(minus(X(5,:),X(9,:))))))),minus(X(4,:),sin(X(3,:))))),minus(minus(sin(plus(minus([-9.5224],X(6,:)),minus(X(4,:),cos(X(7,:))))),times(square(plus(minus([-9.5501],X(6,:)),minus(minus(X(4,:),sin(X(3,:))),minus(cos(X(7,:)),X(6,:))))),exp(sin(square(sin(plus(X(3,:),[61.7111]))))))),times(square(plus(minus([-9.5552],X(6,:)),minus(minus(X(4,:),cos(X(7,:))),minus(cos(X(7,:)),X(6,:))))),exp(sin(square(sin(plus(X(3,:),[61.7990]))))))))"
1,10,59,"times(times(minus(square(minus(minus(plus(tanh(X(9,:)),sin(times(X(6,:),X(4,:)))),negexp(cos(plus(X(6,:),X(3,:))))),X(5,:))),minus(tanh(X(9,:)),X(5,:))),square(square([-39.9675]))),cos(sin(minus(minus(cos(sin(times(tanh(X(10,:)),times(X(2,:),[-40.0339])))),minus(X(3,:),negexp(tanh(X(8,:))))),minus(plus(plus(X(3,:),sin(times(X(6,:),X(4,:)))),tanh(times(X(8,:),tanh(X(7,:))))),X(8,:))))))"
1,10,60,"times(X(4,:),minus(minus(minus(minus(times([68.9797],plus(X(4,:),sin(negexp(X(7,:))))),plus(negexp(X(8,:)),square(times(X(5,:),X(2,:))))),plus(minus(X(6,:),X(8,:)),square(times(X(9,:),X(2,:))))),times(minus(X(6,:),X(8,:)),X(6,:))),plus(plus(times(minus(X(6,:),X(4,:)),X(2,:)),times(minus(negexp(X(8,:)),plus(plus(X(8,:),X(8,:)),minus(X(6,:),X(2,:)))),plus(sin(X(4,:)),sin(plus(X(10,:),plus(X(8,:),X(8,:))))))),times(minus(plus(negexp(X(7,:)),square(times(X(5,:),X(2,:)))),X(3,:)),plus(sin(X(4,:)),sin(plus(X(10,:),times(minus(X(6,:),X(8,:)),X(8,:)))))))))"
1,10,61,"minus(times(minus(minus(square(X(8,:)),plus([-20.5212],plus(times(tanh(X(10,:)),plus(X(2,:),square(X(8,:)))),tanh(plus(X(7,:),plus(X(5,:),X(3,:))))))),plus([-20.5869],plus(times(tanh(X(10,:)),plus(X(4,:),X(4,:))),tanh(minus(X(8,:),plus(X(4,:),X(3,:))))))),times(minus(X(6,:),plus(times(plus(times(tanh(X(10,:)),plus(X(6,:),X(4,:))),tanh(tanh(X(2,:)))),square(sin(sin(X(4,:))))),sin(sin(square(sin(X(5,:))))))),X(6,:))),minus(times(X(9,:),times(tanh(X(10,:)),plus(square(X(8,:)),X(10,:)))),plus(X(10,:),plus(times(minus(X(8,:),plus(X(4,:),plus(square(X(8,:)),X(4,:)))),minus(square(X(3,:)),X(8,:))),tanh(plus(X(6,:),X(3,:)))))))"
1,10,62,"square(times(sin(cos(tanh(plus(tanh(times(minus(X(2,:),X(2,:)),X(7,:))),minus(plus(sin(X(3,:)),cos(X(6,:))),X(3,:)))))),minus(times(square(sin(minus(plus(X(2,:),X(8,:)),X(5,:)))),minus(plus(minus(plus(X(9,:),sin(X(6,:))),X(10,:)),X(9,:)),X(5,:))),plus(X(6,:),minus([-42.4837],minus(minus(plus(X(4,:),X(6,:)),cos([-41.0980])),plus(cos([-41.0555]),plus(sin(X(4,:)),plus(X(10,:),X(6,:))))))))))"
1,10,63,"minus(times(minus(times(negexp(exp(X(8,:))),square(times(X(7,:),X(8,:)))),plus(X(8,:),times(exp(cos(negexp(exp(X(8,:))))),tanh(square(times(cos(X(8,:)),cos(X(2,:)))))))),exp(exp(cos(negexp(exp(X(8,:))))))),minus(plus(plus(plus(times(minus(exp(X(2,:)),X(10,:)),X(3,:)),minus(X(10,:),times([28.2049],X(2,:)))),plus(times(exp(X(8,:)),cos(X(2,:))),X(9,:))),times(plus(negexp(exp(X(8,:))),cos(X(2,:))),times(plus(X(6,:),cos(exp(X(8,:)))),minus(X(5,:),exp(X(2,:)))))),X(4,:)))"
1,10,64,"times(minus(plus(sin(sin(tanh(X(5,:)))),X(3,:)),negexp(sin(X(6,:)))),times(minus(plus(sin(sin(times(square(cos(X(8,:))),X(1,:)))),tanh(tanh(X(3,:)))),negexp(sin(sin(minus(X(3,:),X(8,:)))))),plus(cos(cos(plus(square(times(X(10,:),X(4,:))),cos(plus(X(7,:),times(X(2,:),X(9,:))))))),plus(square(times(square(plus(X(8,:),X(3,:))),times(X(3,:),X(3,:)))),square(square(minus(X(6,:),[-41.9447])))))))"
1,10,65,"plus(square(plus(minus(times(times(X(6,:),cos(sin(plus([87.4883],[87.5891])))),cos(times(exp(square(X(8,:))),minus(X(6,:),cos(X(2,:)))))),times(tanh(cos(tanh(times([-88.4692],X(4,:))))),plus(X(1,:),[87.5700]))),minus(times(times(tanh(minus(times([-88.4863],X(4,:)),times(X(10,:),[87.5700]))),cos(sin(square(X(6,:))))),cos(times(times(X(5,:),X(9,:)),minus(square(X(6,:)),cos(X(10,:)))))),times(tanh(cos(sin(plus(X(1,:),X(7,:))))),X(6,:))))),square(minus(tanh(times(times(exp(square(times(X(9,:),X(9,:)))),minus(minus(X(3,:),plus([87.4883],[87.6017])),plus(X(10,:),[87.6017]))),times(X(6,:),square(plus(X(7,:),X(5,:)))))),minus(square(X(6,:)),cos(sin(plus(sin(plus([87.4883],[87.5700])),sin(X(6,:)))))))))"
1,10,66,"minus(plus(minus(plus(minus(X(10,:),X(4,:)),plus(minus(X(2,:),negexp(square(times(X(5,:),X(1,:))))),negexp([18.3234]))),times(sin(X(4,:)),minus(minus(times(X(9,:),X(6,:)),plus(X(8,:),X(8,:))),plus(X(6,:),X(8,:))))),minus(plus(minus(plus(minus(X(1,:),X(4,:)),plus(minus(X(2,:),sin(X(4,:))),cos(X(7,:)))),times(sin(X(4,:)),minus(minus(times(X(9,:),X(6,:)),plus(X(5,:),X(8,:))),plus(X(7,:),X(8,:))))),tanh(minus(times(X(9,:),X(6,:)),X(7,:)))),minus(plus(plus(minus(X(7,:),square(X(7,:))),plus(square(X(2,:)),X(7,:))),minus(square(X(1,:)),X(3,:))),sin(times(X(9,:),cos(X(3,:))))))),minus(plus(plus(minus(plus(X(7,:),X(8,:)),square(X(7,:))),plus(square(X(2,:)),X(8,:))),minus(X(7,:),X(3,:))),minus(plus(minus(plus(minus(X(1,:),X(4,:)),plus(minus(X(2,:),sin(X(4,:))),cos(X(7,:)))),times(sin(X(4,:)),minus(minus(times(X(9,:),X(6,:)),plus(X(7,:),X(8,:))),plus(plus(X(7,:),X(8,:)),X(8,:))))),tanh(minus(times(X(9,:),minus(X(2,:),sin(X(4,:)))),X(1,:)))),minus(plus(plus(minus(X(7,:),square(X(7,:))),plus(square(X(2,:)),X(7,:))),minus(X(5,:),X(3,:))),sin([18.5371])))))"
1,10,67,"minus(minus(minus(minus(minus(X(10,:),square(X(10,:))),minus(times(minus(cos(X(7,:)),square(X(6,:))),cos(exp(X(10,:)))),plus(X(5,:),square(X(4,:))))),square(X(10,:))),minus(times(minus(cos(X(7,:)),square(X(6,:))),cos(exp(X(10,:)))),plus(X(5,:),square(X(4,:))))),minus(sin(times(times(plus(minus([15.0070],square(X(7,:))),square(X(5,:))),exp(cos(times(X(3,:),X(2,:))))),minus(tanh(sin(X(9,:))),minus(plus(minus(cos(X(7,:)),X(6,:)),X(6,:)),square(X(5,:)))))),minus(minus(minus(minus(cos(X(8,:)),square(X(10,:))),minus(times(minus(cos([15.0520]),square(X(6,:))),cos(exp(X(10,:)))),plus(plus(X(5,:),square(X(4,:))),X(6,:)))),square(X(10,:))),minus(times(minus(X(6,:),square(X(6,:))),cos(exp(X(10,:)))),plus(X(5,:),plus(X(5,:),square(X(6,:))))))))"
1,10,68,"times(times(tanh(minus(negexp(X(6,:)),tanh(tanh(cos(X(8,:)))))),minus(X(6,:),plus(plus([57.7121],X(9,:)),exp(X(2,:))))),plus(times(minus(times(exp(X(3,:)),plus(minus(plus(minus(X(4,:),X(8,:)),X(6,:)),X(9,:)),X(5,:))),square(times(tanh(minus(negexp(X(6,:)),exp(X(3,:)))),minus(exp(X(7,:)),plus(plus([57.7379],X(10,:)),exp(X(7,:))))))),cos(tanh(tanh(cos(negexp(X(6,:))))))),times(minus(times(exp(X(3,:)),plus(plus(minus(X(4,:),X(7,:)),X(6,:)),X(6,:))),square(times(tanh(minus(negexp(X(6,:)),exp(X(3,:)))),minus(exp(X(7,:)),plus(plus([58.1370],X(2,:)),exp(X(7,:))))))),cos(tanh(tanh(cos(X(8,:))))))))"
1,10,69,"minus(plus(minus(plus(exp(X(6,:)),minus(minus(plus(X(6,:),minus(X(6,:),square(X(9,:)))),plus([71.1853],X(1,:))),plus(negexp(tanh(X(7,:))),negexp(X(1,:))))),cos(plus(cos(cos(plus(X(3,:),plus(X(3,:),X(4,:))))),minus(plus(X(2,:),minus(X(2,:),times(X(6,:),X(9,:)))),cos(plus(cos(X(10,:)),X(9,:))))))),minus(plus(X(6,:),minus(X(6,:),square(X(9,:)))),cos(plus(exp(X(5,:)),minus(X(2,:),plus(X(8,:),negexp(X(1,:)))))))),times(plus(minus(minus(X(1,:),cos(X(4,:))),X(4,:)),square(X(9,:))),plus(X(3,:),X(4,:))))"
1,10,70,"plus(minus(plus(plus(tanh(plus(minus(plus(X(10,:),square(X(10,:))),X(7,:)),times(minus(times(X(10,:),X(10,:)),square(X(3,:))),sin([31.8366])))),plus(exp(X(10,:)),times(X(7,:),square(X(3,:))))),plus(plus(X(6,:),plus(minus(plus(X(8,:),square(X(10,:))),minus(times(X(10,:),X(9,:)),square(X(8,:)))),times(minus(times(X(10,:),X(9,:)),square(X(3,:))),sin([31.9052])))),plus(minus(plus(square(X(10,:)),square(X(10,:))),square(X(2,:))),X(10,:)))),minus(X(4,:),times(minus(square(X(3,:)),times(X(5,:),X(6,:))),X(2,:)))),plus(X(3,:),square(X(10,:))))"
1,10,71,"minus(minus(minus(minus(X(6,:),X(2,:)),X(10,:)),plus(times(times(X(2,:),minus(exp(times(sin(X(2,:)),tanh(X(5,:)))),X(2,:))),exp(times(tanh(X(5,:)),tanh(X(5,:))))),negexp(X(8,:)))),plus(minus(times(times(X(2,:),minus(square(sin(X(8,:))),X(2,:))),exp(square(sin(X(9,:))))),minus(minus(X(6,:),X(10,:)),times(X(7,:),times(X(1,:),X(4,:))))),times(X(2,:),minus(plus(negexp(cos(X(1,:))),plus(square(X(10,:)),plus(square(plus(X(8,:),X(3,:))),square(sin([70.6929]))))),square(sin(minus(square(X(1,:)),X(2,:))))))))"
1,10,72,"plus(plus(X(5,:),minus(minus(plus(minus([21.9205],square(X(4,:))),plus(times(sin(minus(X(6,:),X(10,:))),times(X(7,:),X(6,:))),minus(X(5,:),X(10,:)))),X(10,:)),cos(exp(minus(square(X(10,:)),tanh(tanh(times(X(3,:),X(8,:))))))))),plus(X(2,:),minus(minus(plus(minus(sin(sin(negexp(X(7,:)))),square(X(4,:))),plus(times(sin(minus(X(6,:),X(10,:))),times(X(7,:),X(6,:))),minus(X(5,:),X(10,:)))),X(10,:)),cos(exp(minus(square(minus(sin(X(9,:)),X(6,:))),tanh(tanh(times(X(3,:),X(8,:))))))))))"
1,10,73,"plus(square(plus(square(plus(plus(minus(X(9,:),plus(X(9,:),minus(X(5,:),X(3,:)))),plus(plus(times(X(5,:),X(3,:)),plus(X(3,:),X(3,:))),minus(negexp(X(5,:)),X(2,:)))),[-68.5380])),exp(minus(cos(negexp([4.3230])),times(sin(X(6,:)),tanh(times(times(X(9,:),[-68.5213]),X(8,:)))))))),plus(times(square(plus(plus(plus(times(X(3,:),X(3,:)),plus(X(3,:),X(7,:))),plus(X(3,:),times(times(X(9,:),[-68.5213]),X(8,:)))),X(8,:))),plus(X(10,:),plus(plus(X(9,:),plus(times(X(5,:),X(3,:)),minus(tanh(X(5,:)),X(3,:)))),minus(tanh(X(5,:)),X(3,:))))),times(square(plus(plus(minus(plus(times(X(5,:),X(3,:)),X(4,:)),exp(X(3,:))),plus(plus(X(6,:),times(X(5,:),X(3,:))),times(negexp(X(3,:)),X(3,:)))),plus(tanh(tanh(X(5,:))),minus(square(X(7,:)),tanh(X(5,:)))))),times(plus(X(3,:),X(5,:)),X(3,:)))))"
1,10,74,"square(minus(plus(plus(square(X(7,:)),times(X(4,:),minus(plus(X(2,:),[-9.9234]),X(10,:)))),minus(square(X(7,:)),plus([64.6352],plus(minus(plus(X(2,:),plus(X(3,:),[-9.8298])),X(10,:)),square(X(1,:)))))),times(cos(square(plus(minus(plus(X(2,:),plus(X(3,:),[-9.8298])),X(10,:)),X(8,:)))),plus(tanh(minus(plus(exp(X(5,:)),[-91.9799]),times(times(X(5,:),X(2,:)),tanh(X(6,:))))),plus(square(X(5,:)),tanh(plus(X(9,:),[-9.8298])))))))"
1,10,75,"times(plus(plus(tanh(exp(times(square(square(sin(X(10,:)))),minus(sin(minus(X(8,:),[29.2992])),exp(X(7,:)))))),[29.2749]),negexp(cos(minus(negexp(cos(minus(tanh(X(10,:)),times(X(2,:),X(5,:))))),X(10,:))))),plus(exp(X(7,:)),minus(minus(minus(X(4,:),sin(sin(exp(X(7,:))))),minus(minus(X(4,:),tanh(minus(X(7,:),sin(X(4,:))))),plus(exp(X(7,:)),minus(times(X(6,:),X(10,:)),minus(times(X(3,:),X(9,:)),sin(X(3,:))))))),minus(X(4,:),tanh(minus(X(7,:),sin(X(2,:))))))))"
1,10,76,"square(plus(minus(times(plus(plus(square(square(X(3,:))),minus([89.5998],cos(plus(X(10,:),[89.5019])))),plus(times([-66.5363],times(X(9,:),X(4,:))),plus(times([-66.5747],times(X(9,:),X(6,:))),square(times(X(6,:),X(6,:)))))),tanh(times(X(9,:),minus(minus(square([63.9619]),times(X(4,:),X(4,:))),times(square(X(3,:)),X(4,:)))))),minus(minus(tanh(times(X(4,:),times(minus(X(5,:),X(7,:)),times(X(6,:),X(2,:))))),plus(minus([89.5998],cos(plus(X(10,:),X(2,:)))),plus([89.5998],X(8,:)))),minus(minus(square([63.7807]),times([89.4759],X(4,:))),times(minus([89.5998],cos(plus(X(10,:),X(7,:)))),X(4,:))))),times(square(times(X(9,:),X(9,:))),X(9,:))))"
1,10,77,"plus(plus(times(tanh(X(10,:)),minus(plus(minus(X(9,:),times(tanh([70.3098]),minus(X(10,:),[70.3403]))),square(times(tanh(X(10,:)),minus(minus(X(10,:),[70.4127]),[70.3098])))),plus(tanh(X(4,:)),X(3,:)))),times(plus(plus(times(tanh(X(10,:)),minus(tanh(X(10,:)),[70.1244])),times(times(tanh(X(5,:)),minus(X(1,:),minus(X(2,:),X(9,:)))),minus(X(2,:),X(6,:)))),plus(times(X(8,:),times(tanh(X(5,:)),minus(X(1,:),minus(X(7,:),X(9,:))))),square(X(5,:)))),plus(plus(plus(times(tanh(X(10,:)),minus(minus(X(10,:),[70.4127]),[70.3098])),times(X(10,:),minus(minus([-89.9573],[70.4127]),[70.3098]))),times(tanh(X(10,:)),minus(minus(minus(X(10,:),[70.4127]),[70.3098]),[70.3403]))),square(times(tanh(X(10,:)),minus(minus(tanh(X(10,:)),X(2,:)),[70.1244])))))),sin(tanh(exp(times(minus(X(10,:),[70.3403]),minus(X(1,:),minus(X(7,:),X(9,:))))))))"
1,10,78,"plus(plus(cos(exp(plus(minus(plus(X(6,:),minus(X(6,:),X(9,:))),cos([-13.9493])),minus(plus(X(6,:),minus(X(1,:),X(7,:))),exp(X(9,:)))))),plus(times(plus(exp(X(5,:)),[-91.4167]),minus(minus(times(minus(times(X(9,:),X(3,:)),plus(X(5,:),X(7,:))),times(cos([-13.8813]),cos(X(1,:)))),sin(negexp(X(9,:)))),tanh(minus(plus(minus(X(5,:),X(10,:)),X(2,:)),plus(X(5,:),X(7,:)))))),minus(X(4,:),plus(plus(minus(plus(X(6,:),minus(X(1,:),X(9,:))),cos([-13.8188])),minus(plus(plus(X(5,:),X(6,:)),minus(X(5,:),X(10,:))),exp(X(5,:)))),sin(minus(X(4,:),X(8,:))))))),plus(times(plus(exp(X(6,:)),[-91.5180]),minus(plus(minus(X(6,:),X(7,:)),cos(X(6,:))),X(5,:))),minus(exp(X(5,:)),negexp(X(9,:)))))"
1,10,79,"minus(plus(minus(plus(X(9,:),minus(tanh(plus(sin(X(1,:)),[-58.8688])),X(7,:))),minus(minus(tanh(X(6,:)),square(plus(square([-58.8688]),X(2,:)))),square(plus(X(7,:),plus(plus(exp(X(3,:)),exp(X(2,:))),sin(X(4,:))))))),minus(minus(minus(X(7,:),exp(X(2,:))),exp(X(7,:))),cos(exp(plus(sin(cos(X(3,:))),plus(minus(X(3,:),X(8,:)),negexp(X(5,:)))))))),plus(times(minus(times(exp(minus(minus(plus(X(6,:),X(10,:)),exp(X(10,:))),sin(negexp(X(8,:))))),X(3,:)),plus(negexp(X(4,:)),plus(minus(tanh(X(1,:)),exp(X(2,:))),minus(plus([-58.8688],X(10,:)),exp(X(10,:)))))),minus(minus(X(7,:),plus(plus(exp(X(3,:)),plus(minus(X(3,:),X(8,:)),negexp(X(5,:)))),X(2,:))),square([-58.8688]))),plus(minus(plus(X(9,:),sin(tanh(X(1,:)))),X(7,:)),minus(minus(minus(plus(sin(X(4,:)),plus(sin(X(4,:)),X(2,:))),square(plus(square([-58.7702]),X(2,:)))),X(9,:)),plus(negexp(X(4,:)),plus(minus(tanh(X(1,:)),exp(X(2,:))),minus(plus([-58.8688],X(10,:)),exp(X(10,:)))))))))"
1,10,80,"plus(minus(square(plus(negexp(X(9,:)),square(minus(X(5,:),X(7,:))))),square(minus(minus(times(X(3,:),times(minus(tanh(X(3,:)),X(3,:)),times(X(8,:),X(1,:)))),X(4,:)),square(minus(plus(X(10,:),X(9,:)),X(3,:)))))),plus(minus(times(cos(square(square(minus(X(8,:),X(4,:))))),times(minus([95.0198],[-10.3035]),negexp(X(5,:)))),exp(plus(plus(X(10,:),X(10,:)),sin([-78.1619])))),plus(minus(square(plus(negexp(X(10,:)),square(minus(plus(X(9,:),[-10.5292]),X(7,:))))),X(7,:)),plus(minus(times(cos([-10.2723]),times(minus(X(7,:),X(3,:)),times([-10.5292],minus([94.9336],X(6,:))))),plus(minus(X(3,:),X(7,:)),square(minus([95.2116],X(7,:))))),times(exp(X(3,:)),plus(sin([91.7246]),X(2,:)))))))"
1,10,81,"plus(sin(plus(square(minus(square(minus(square(X(1,:)),negexp(X(5,:)))),times(square(minus(plus(X(10,:),X(3,:)),negexp(X(4,:)))),X(10,:)))),tanh(minus(square(minus(square([-72.1402]),tanh(X(2,:)))),plus(X(5,:),plus(plus(X(2,:),X(3,:)),X(2,:))))))),times(minus(minus(square(plus(X(3,:),negexp(tanh(tanh(X(2,:)))))),plus([-71.8386],X(7,:))),sin(tanh(minus(times(times(X(7,:),exp(X(9,:))),minus(square(X(3,:)),negexp(X(4,:)))),X(6,:))))),plus(times(minus(square(minus(square(plus(X(10,:),X(3,:))),plus([-71.9948],[-39.1363]))),square(minus(square(X(4,:)),negexp(X(4,:))))),minus(plus(X(5,:),plus(negexp(tanh(X(2,:))),X(3,:))),minus(X(8,:),negexp(tanh(X(2,:)))))),times(minus(square(minus(square(plus(X(10,:),X(3,:))),plus([-71.9256],[-39.1874]))),times(times(X(7,:),exp(X(9,:))),X(10,:))),minus(plus(X(5,:),plus(negexp(sin(X(4,:))),X(3,:))),minus(X(8,:),negexp(tanh(X(2,:)))))))))"
1,10,82,"plus(plus(times(minus(X(6,:),plus(minus(cos(X(2,:)),square([-25.0494])),plus(cos(plus(minus(X(2,:),X(7,:)),cos(X(7,:)))),square(negexp(X(5,:)))))),minus(square(tanh(sin(plus(minus(X(2,:),X(7,:)),cos(X(6,:)))))),minus(X(5,:),plus(minus(X(2,:),X(7,:)),cos(plus(minus(X(2,:),X(7,:)),cos(X(7,:)))))))),plus(times(minus(times([44.0769],[32.2946]),times(square(minus(X(2,:),X(7,:))),minus(plus(minus(X(2,:),X(7,:)),cos(X(6,:))),negexp(X(5,:))))),negexp(cos(X(2,:)))),sin(minus(sin(times(X(8,:),X(10,:))),minus([68.4141],X(10,:)))))),minus(square(plus(times(minus(X(5,:),plus(minus(X(2,:),X(7,:)),cos(X(7,:)))),square(X(4,:))),plus(times(square(exp(tanh(X(2,:)))),minus(minus(cos(X(1,:)),square([-24.7911])),cos(plus(X(9,:),X(2,:))))),tanh(sin(times(X(8,:),X(7,:))))))),plus(cos(square(plus(minus(X(2,:),X(7,:)),cos(X(6,:))))),X(3,:))))"
1,10,83,"plus(cos(cos(minus(X(6,:),minus(exp(square(X(2,:))),square(plus(times(times(X(4,:),X(7,:)),[42.6157]),square(cos(X(9,:))))))))),times(minus(minus(negexp(exp(cos(times(exp(X(10,:)),exp(X(10,:)))))),square(cos(sin(sin(plus(X(8,:),X(7,:))))))),square(cos(sin(sin(plus(X(3,:),X(5,:))))))),minus(minus(exp(cos(times(exp(plus(X(3,:),X(2,:))),exp([-7.8526])))),minus(times(minus(square(X(2,:)),times(X(10,:),[-8.0027])),[-7.8526]),minus(square(X(2,:)),times(square(X(6,:)),X(8,:))))),minus(times(minus(square(X(2,:)),times(X(10,:),[-7.8320])),[-7.7746]),minus(square(X(2,:)),times(square(X(6,:)),X(8,:)))))))"
1,10,84,"minus(times(times(plus(X(2,:),plus(plus(exp(plus(plus(X(6,:),X(6,:)),sin(X(2,:)))),negexp([-10.7122])),negexp([-10.9254]))),minus([-10.7387],exp(times(tanh(cos(X(4,:))),negexp(tanh(tanh([-13.7269]))))))),minus(X(4,:),X(6,:))),minus(minus(X(10,:),plus(minus(exp(X(6,:)),X(6,:)),times(times(plus(plus(negexp(X(8,:)),[-13.7269]),negexp([-10.7074])),minus([-10.8253],negexp(X(4,:)))),minus(minus(X(4,:),cos(X(7,:))),tanh([-13.7269]))))),times(plus(minus(minus(X(4,:),exp(plus(plus(X(6,:),X(6,:)),sin(X(5,:))))),sin(times(plus(sin(X(5,:)),cos([-13.7269])),cos(tanh(X(5,:)))))),plus(negexp(X(8,:)),X(9,:))),minus(times(square(X(2,:)),square(X(2,:))),exp(X(3,:))))))"
1,10,85,"minus(minus(tanh(exp(cos(exp(cos(plus(plus(X(2,:),[-89.6224]),times(X(6,:),X(5,:)))))))),minus(minus(plus(minus(times(plus(X(2,:),[-89.6224]),square(X(4,:))),minus(exp(X(1,:)),plus(X(2,:),X(7,:)))),X(9,:)),times([-94.5267],X(2,:))),plus(times(X(10,:),plus(times(X(2,:),minus(X(9,:),times(X(4,:),X(3,:)))),times(plus(times(X(4,:),X(4,:)),times(X(4,:),X(4,:))),X(4,:)))),times([-89.7720],X(4,:))))),plus(times(negexp(square(times(X(2,:),X(4,:)))),minus([-89.7720],times(square(times(X(4,:),X(4,:))),square(times(X(2,:),X(4,:)))))),plus(times(X(2,:),minus(X(2,:),plus(X(1,:),X(8,:)))),times(plus(times(X(4,:),X(4,:)),square(X(4,:))),X(4,:)))))"
1,10,86,"minus(minus(plus(minus(minus(times(minus(plus(sin(X(7,:)),X(5,:)),times(X(3,:),X(10,:))),times(minus(X(6,:),X(2,:)),X(7,:))),negexp(exp(times(times(X(3,:),X(6,:)),X(2,:))))),X(8,:)),plus(minus(times(X(1,:),X(9,:)),square(plus(times(X(1,:),X(9,:)),X(5,:)))),minus(sin(exp(times(tanh(X(1,:)),X(2,:)))),times(minus(X(5,:),X(6,:)),square([8.4005]))))),sin(times(minus(plus(X(1,:),X(4,:)),X(2,:)),times(cos(X(4,:)),X(4,:))))),sin(sin(X(2,:))))"
1,10,87,"minus(plus(minus(square(plus(plus(minus(cos(sin(X(3,:))),minus(X(4,:),square(X(3,:)))),minus([66.8880],minus(X(4,:),square([66.7944])))),[66.8880])),minus(times(square(minus(X(7,:),X(5,:))),square(X(1,:))),minus(cos(minus(X(9,:),negexp(X(2,:)))),times(plus(cos(sin(X(10,:))),square(X(3,:))),square(minus(X(4,:),square(X(3,:)))))))),plus(square(plus(plus(minus(X(9,:),minus(square(X(1,:)),square(X(3,:)))),minus(X(1,:),minus(X(3,:),square(X(10,:))))),[66.8880])),X(4,:))),times(minus(minus(plus(square(X(4,:)),X(4,:)),plus(plus(minus(cos(X(6,:)),minus(X(4,:),square(X(3,:)))),X(8,:)),square(X(1,:)))),minus(negexp(exp(square(X(3,:)))),tanh(tanh(tanh(negexp(X(4,:))))))),square(plus(plus(minus(X(9,:),minus(negexp(X(2,:)),square(X(3,:)))),plus(minus(minus(square(X(1,:)),square(X(3,:))),minus(X(4,:),square(X(1,:)))),X(1,:))),[66.7471]))))"
1,10,88,"plus(plus(plus(plus(exp(X(2,:)),plus(plus(exp(tanh(tanh(X(2,:)))),plus(plus(exp(X(2,:)),exp(X(10,:))),plus(exp(X(2,:)),exp(X(9,:))))),plus(exp(X(2,:)),exp(X(9,:))))),plus(plus(plus(exp(tanh(tanh(X(2,:)))),plus(plus(exp(X(2,:)),exp(X(10,:))),plus(exp(X(2,:)),exp(X(9,:))))),plus(exp(X(2,:)),exp(X(10,:)))),sin(X(5,:)))),plus(minus(minus(exp(X(9,:)),times(tanh(minus(X(8,:),X(2,:))),X(7,:))),exp(X(4,:))),minus(negexp(cos(plus(minus(X(9,:),X(8,:)),plus(X(8,:),sin(X(5,:)))))),tanh(minus(times(tanh(minus(X(8,:),X(2,:))),X(7,:)),plus(exp(X(2,:)),exp([85.2483]))))))),times(tanh(negexp(tanh(cos(times(X(2,:),tanh(exp(X(2,:)))))))),plus(plus(plus(plus(plus(exp(X(2,:)),exp(X(10,:))),[85.3199]),plus(plus(exp(X(8,:)),exp(X(10,:))),plus(exp(X(2,:)),exp(X(10,:))))),plus(plus(plus(plus([85.2483],exp(X(10,:))),plus(exp(X(2,:)),[85.2483])),exp(X(9,:))),exp(X(2,:)))),plus(sin(plus(minus(X(3,:),X(1,:)),X(6,:))),minus(negexp(X(1,:)),tanh(minus(minus(exp(X(10,:)),exp(X(4,:))),exp(X(4,:)))))))))"
1,10,89,"plus(times(plus(plus(times(tanh(X(7,:)),tanh(sin([-33.4234]))),times(plus(plus(times(X(10,:),X(10,:)),exp(X(3,:))),X(3,:)),plus(times(X(8,:),X(8,:)),minus(X(5,:),[-71.9618])))),times(plus(X(7,:),X(3,:)),plus(exp(X(7,:)),minus(square(X(9,:)),[-71.9618])))),negexp(tanh(square(plus(cos(X(3,:)),plus(cos([-53.6399]),X(3,:))))))),plus(times(plus(plus(times(tanh(sin(X(3,:))),times(exp(X(7,:)),sin(X(2,:)))),times(plus(plus(times(X(10,:),X(10,:)),exp(X(3,:))),X(3,:)),plus(times(X(10,:),X(10,:)),minus(X(5,:),[-71.9252])))),times(plus(sin([31.1028]),X(3,:)),plus(exp(X(7,:)),minus(square(X(8,:)),[-71.9618])))),negexp(tanh(square(plus(cos([-53.6399]),plus(cos([-53.6399]),X(3,:))))))),times(cos(times(plus(plus(exp(X(4,:)),plus(tanh([-46.0762]),square(X(9,:)))),plus(square([-53.6399]),exp(X(9,:)))),plus(square(negexp(plus(X(6,:),[-53.6399]))),square(X(9,:))))),exp(sin(minus(exp(sin(exp([31.1028]))),plus(X(7,:),minus(square(X(8,:)),[-71.9618]))))))))"
1,10,90,"minus(plus(minus(minus(minus(minus(plus(X(6,:),square(X(2,:))),minus(square(X(6,:)),square(X(7,:)))),minus(X(4,:),plus(X(6,:),square(X(2,:))))),minus(X(4,:),plus(square(X(2,:)),minus(plus(X(6,:),X(8,:)),square(X(7,:)))))),minus(square(tanh(plus(X(2,:),cos(X(3,:))))),square(X(2,:)))),plus(sin(square(sin(negexp(minus(plus(X(2,:),X(5,:)),negexp(X(10,:))))))),times(times(minus(minus(plus(X(6,:),X(8,:)),minus(X(4,:),square(X(7,:)))),minus(X(4,:),square(X(2,:)))),X(6,:)),X(6,:)))),plus(exp(X(4,:)),times(times(square(tanh(plus(minus([-39.5941],times(X(3,:),X(8,:))),cos(minus(X(9,:),X(9,:)))))),minus(plus([-39.6698],minus(X(4,:),square(X(6,:)))),negexp(cos(exp(square(X(2,:))))))),X(6,:))))"
1,10,91,"plus(times(minus(times(plus(minus(plus(X(8,:),X(3,:)),square(minus([23.2490],minus(X(6,:),X(4,:))))),plus(X(3,:),X(10,:))),times(X(7,:),X(7,:))),times(minus(minus(exp(X(10,:)),X(7,:)),minus(minus(X(8,:),X(1,:)),X(6,:))),plus(X(3,:),minus(X(9,:),minus(X(8,:),X(5,:)))))),[-56.5493]),plus(times(minus(times(plus(minus([23.6455],cos([-56.6117])),plus([-0.7151],minus(X(6,:),X(7,:)))),times(minus([-61.1261],minus(minus(X(8,:),X(1,:)),X(8,:))),X(7,:))),times(minus(X(6,:),X(8,:)),plus(minus([-56.6117],minus(minus(X(6,:),X(6,:)),X(8,:))),times(minus(X(8,:),X(1,:)),negexp(X(9,:)))))),[-56.6443]),cos(minus(minus(plus([-56.6443],times(X(7,:),X(7,:))),plus(plus(X(3,:),minus(X(9,:),minus(X(8,:),X(5,:)))),X(3,:))),exp(exp(sin(minus(minus(X(8,:),X(5,:)),plus(X(2,:),[-56.6443])))))))))"
1,10,92,"plus(plus(minus(minus(minus(minus(square(exp(X(2,:))),square(minus(square(X(9,:)),[-11.5738]))),times(exp(X(8,:)),times([-49.1493],X(3,:)))),plus(square(tanh(minus(exp(X(2,:)),sin(X(7,:))))),plus(minus([87.7491],plus(X(4,:),X(9,:))),X(8,:)))),plus(square(tanh(minus(plus(minus(X(7,:),X(10,:)),X(8,:)),sin(negexp(X(8,:)))))),tanh(X(9,:)))),times(minus(plus(plus(square(minus([-85.6502],[-11.5701])),plus(square(exp(X(2,:))),square([87.7435]))),plus(square(exp(X(2,:))),square([87.7821]))),exp(plus(negexp(square(exp(X(2,:)))),X(6,:)))),X(2,:))),minus(minus(plus(minus(square(X(9,:)),[-11.5738]),plus(minus(square(minus(exp(X(2,:)),sin(X(7,:)))),square(minus(square(X(9,:)),[-11.5738]))),exp(plus(X(10,:),X(8,:))))),exp(plus(X(4,:),X(9,:)))),minus(X(5,:),minus(times(square(X(9,:)),square([87.6232])),exp(minus(X(8,:),X(2,:)))))))"
1,10,93,"plus(minus(minus(cos(minus(times(minus(X(7,:),X(8,:)),X(6,:)),times(sin(X(4,:)),cos(cos(sin(X(9,:))))))),minus(minus(minus(X(9,:),X(4,:)),plus(plus(X(5,:),plus(square(X(2,:)),X(6,:))),plus(square(X(2,:)),X(6,:)))),plus(X(7,:),exp(X(2,:))))),minus(minus(minus(minus(X(6,:),plus(X(5,:),plus(square(X(9,:)),X(7,:)))),X(7,:)),plus(X(6,:),plus(square(X(9,:)),plus(X(6,:),plus(square(X(9,:)),exp(X(6,:))))))),times(square(plus([-4.5882],X(9,:))),cos(sin(X(9,:)))))),minus(minus(cos(minus(times(times(minus(X(1,:),X(9,:)),square(X(9,:))),X(3,:)),times(X(3,:),plus(X(6,:),plus(square(X(9,:)),exp(X(6,:))))))),minus(minus(minus(X(9,:),X(4,:)),plus(X(5,:),plus(plus(negexp(X(9,:)),exp(X(2,:))),X(6,:)))),X(10,:))),minus(minus(minus(minus(tanh(X(9,:)),plus(X(5,:),plus(square(X(9,:)),X(7,:)))),X(4,:)),plus(X(6,:),plus(square(X(9,:)),plus(X(6,:),plus(square(X(9,:)),exp(X(6,:))))))),times(square(plus([-4.4432],X(9,:))),cos(sin(plus(square(X(9,:)),X(7,:))))))))"
1,10,94,"times(plus(plus([-66.4722],exp(exp(sin(X(3,:))))),exp(exp(sin(X(3,:))))),plus(minus(tanh(minus(times(X(9,:),X(8,:)),negexp(X(3,:)))),minus(plus(negexp(X(3,:)),negexp(X(3,:))),plus(plus(tanh(X(3,:)),X(5,:)),tanh(plus(times(X(3,:),negexp(X(6,:))),X(3,:)))))),minus(minus(times(X(9,:),X(8,:)),minus(plus(exp(sin([-7.1191])),negexp(X(3,:))),plus(plus(sin(sin(X(7,:))),tanh(times(X(10,:),X(2,:)))),tanh(times(X(3,:),X(8,:)))))),plus(tanh(square(negexp(X(3,:)))),tanh(times(times(X(10,:),X(2,:)),negexp(X(4,:))))))))"
1,10,95,"minus(plus(square(square(X(3,:))),square(minus(X(3,:),square(square(plus(cos(plus(X(2,:),[28.8275])),negexp(sin(X(6,:))))))))),plus(plus(tanh(plus(plus(square(minus(minus(X(4,:),X(6,:)),X(10,:))),negexp(minus(X(8,:),X(3,:)))),minus(minus(minus(X(4,:),X(6,:)),X(10,:)),X(6,:)))),times(plus(minus(X(5,:),square(X(3,:))),minus(minus(minus(X(4,:),X(6,:)),X(10,:)),X(6,:))),square(minus(minus(minus(plus(X(9,:),X(5,:)),X(10,:)),[53.4517]),square(X(3,:)))))),negexp(minus(X(7,:),X(3,:)))))"
1,10,96,"plus(minus(plus(times(square(plus(plus(X(4,:),minus(plus([15.8314],X(10,:)),X(9,:))),minus(plus(X(7,:),square(X(1,:))),X(2,:)))),minus([15.8893],X(9,:))),times(square(plus(plus(plus([15.5757],X(7,:)),minus([15.8314],X(9,:))),minus(plus(X(7,:),square(X(1,:))),square(tanh(X(1,:)))))),plus(plus(tanh(cos(X(8,:))),minus([15.8314],X(9,:))),minus([15.8314],X(9,:))))),plus(plus(exp(plus(X(7,:),X(10,:))),plus(minus(X(2,:),times(square(minus([15.8314],X(7,:))),square(X(8,:)))),plus(plus([-3.1166],minus(negexp(X(3,:)),[-3.1166])),minus(plus(X(7,:),X(10,:)),[15.8314])))),negexp(sin(minus(X(9,:),X(5,:)))))),minus(plus(times(square(plus(plus(X(4,:),minus(plus([15.8314],X(10,:)),X(8,:))),minus(plus(X(7,:),square(X(1,:))),X(5,:)))),minus([15.8893],X(9,:))),times(square(plus(plus(plus([15.8314],X(7,:)),minus([15.8314],X(9,:))),minus(plus(X(7,:),square(X(1,:))),square(X(8,:))))),plus(plus([15.8314],X(7,:)),minus([15.8314],X(9,:))))),plus(plus(exp(plus(X(7,:),X(10,:))),plus(cos(sin(exp(sin(X(7,:))))),plus([-96.1480],X(4,:)))),times(plus(sin(cos(minus(X(6,:),X(10,:)))),times(exp(negexp(X(5,:))),sin(times(plus(X(10,:),X(7,:)),X(8,:))))),negexp(square(times(square([15.5757]),negexp([-74.8593]))))))))"
1,10,97,"plus(plus(sin(exp(minus(X(10,:),sin(exp(minus(plus(X(7,:),X(9,:)),X(8,:))))))),plus(times(minus(plus([45.4525],times(X(2,:),tanh(square(X(9,:))))),exp(sin(X(5,:)))),plus(plus(negexp(X(9,:)),times(minus(plus(X(7,:),X(7,:)),[45.4525]),X(9,:))),times(minus(minus(plus(X(7,:),X(9,:)),[54.4592]),[45.7009]),minus(plus(X(7,:),X(9,:)),[45.6677])))),square(times(X(4,:),minus(X(3,:),minus(plus(times(X(1,:),X(6,:)),plus(X(7,:),X(9,:))),X(9,:))))))),square(times(X(9,:),minus(square(X(9,:)),minus(times(X(1,:),X(6,:)),[45.5901])))))"
1,10,98,"plus(plus(plus(plus(times(minus(plus(minus([5.3828],X(10,:)),X(2,:)),cos(plus([5.3828],X(2,:)))),minus(plus(X(9,:),[74.6317]),minus(minus(X(4,:),[74.6317]),negexp(X(5,:))))),minus([-25.6909],X(4,:))),minus(times(minus(plus(plus(square(X(10,:)),X(2,:)),X(2,:)),cos(X(10,:))),minus(minus([5.3828],times(minus([-25.6909],[74.6317]),minus([5.3828],X(10,:)))),times(plus(minus(X(3,:),[74.6317]),exp([-40.9128])),minus([5.3828],X(7,:))))),times([5.3828],times(plus([-25.6909],plus(plus([-25.6909],[-25.6909]),plus([-25.6909],[-25.6909]))),minus([5.3828],X(7,:)))))),minus(plus(times(minus(plus(plus(square(X(10,:)),X(2,:)),X(2,:)),cos(X(1,:))),minus(minus([5.3828],times(plus([-25.6909],[-25.6909]),minus([5.4698],X(10,:)))),times(plus([-25.6909],plus([-73.8507],X(8,:))),minus([5.3828],X(7,:))))),square(sin(sin(plus(X(9,:),X(6,:)))))),[-27.6790])),minus(plus(times(minus(plus(plus(plus(square(X(10,:)),X(2,:)),minus([5.3828],X(10,:))),X(2,:)),cos(X(4,:))),minus(minus(times(X(4,:),plus([-25.6909],[-25.6909])),times(plus([-25.6909],plus([-25.6909],[-25.6909])),minus([5.3828],X(10,:)))),times(plus(minus(plus([-25.6909],[-25.6909]),[74.6317]),plus([-25.6909],[-25.6909])),minus([5.3828],X(7,:))))),times(minus(plus(plus(plus(square(X(10,:)),X(2,:)),minus([5.3828],X(10,:))),X(2,:)),X(4,:)),minus(minus(minus(times(X(4,:),[74.7077]),times(plus([-25.6909],[-25.6909]),minus([5.3828],X(10,:)))),times(plus([-25.6909],plus([-25.6909],[-25.6909])),minus([5.3828],X(7,:)))),times(plus([-73.8507],plus([-25.6909],[-25.6909])),minus([5.4694],X(7,:)))))),times([5.3828],times(plus([-25.6909],X(10,:)),minus([5.3828],X(7,:))))))"
1,10,99,"plus(plus(plus(sin(negexp(square(times(plus(sin(X(6,:)),X(6,:)),cos(X(2,:)))))),plus(minus(plus(minus(plus(square(X(6,:)),times([85.8276],X(3,:))),plus(minus([-90.5882],X(2,:)),minus(X(9,:),X(2,:)))),plus(times(X(5,:),X(4,:)),minus([-90.5221],X(8,:)))),minus(minus([-90.5221],X(2,:)),minus(X(7,:),plus(X(10,:),X(10,:))))),minus(plus(square(times(times(X(5,:),X(2,:)),times(X(2,:),X(5,:)))),square(times(times(X(8,:),X(1,:)),X(1,:)))),plus(plus(square([85.8276]),plus(sin(X(3,:)),minus([-90.5221],X(3,:)))),minus(sin(X(4,:)),X(8,:)))))),minus(negexp(square(times(plus([38.3898],sin(X(3,:))),sin(plus(sin(X(3,:)),minus([-90.5221],X(2,:))))))),square(minus(plus(plus(sin(X(6,:)),minus(sin(X(4,:)),X(8,:))),times(X(2,:),X(1,:))),square([38.3898]))))),minus(square(minus(plus(minus(minus(plus(square(X(2,:)),X(3,:)),plus(sin(X(4,:)),minus([-90.5221],X(2,:)))),plus(plus(times(X(5,:),X(4,:)),minus([-90.5221],X(8,:))),minus([-90.5221],X(2,:)))),X(6,:)),square([38.4961]))),square(minus(plus(minus(plus(square(X(2,:)),X(3,:)),plus(sin(X(3,:)),minus(minus([-90.5221],X(2,:)),X(2,:)))),X(3,:)),square([-90.5882])))))"
1,10,100,"plus(times(minus(times(negexp(exp(times(plus(X(2,:),exp(X(3,:))),times(X(6,:),negexp(X(9,:)))))),square(sin(negexp(tanh(times(X(6,:),[13.8533])))))),[83.0525]),plus(plus(plus(times(minus(minus(X(4,:),[13.6536]),X(2,:)),minus(X(4,:),[13.6536])),minus(plus(negexp(X(4,:)),times(X(6,:),[13.6536])),square(square(X(7,:))))),plus(plus(times(minus(X(4,:),[13.6536]),minus(X(4,:),[13.6536])),minus(plus(negexp(X(4,:)),times(X(6,:),[13.6536])),square(square(X(7,:))))),minus(plus(negexp([13.6295]),times(X(6,:),[13.6295])),square(square(X(7,:)))))),plus(plus(plus(times(minus(X(4,:),[13.6536]),minus(X(4,:),[13.6536])),minus(plus(negexp(X(4,:)),times(X(6,:),[13.6536])),square(square(X(7,:))))),times(X(6,:),negexp(X(9,:)))),minus(plus(times(minus(minus(X(4,:),[13.6536]),X(2,:)),minus(X(4,:),[13.6536])),minus(plus(times(X(6,:),[13.6295]),minus(X(4,:),[13.6536])),square(square(X(7,:))))),square(square(X(7,:))))))),times(minus(times(negexp(exp(times(X(2,:),square(X(7,:))))),square(sin(negexp(tanh(negexp(X(5,:))))))),[13.8533]),plus(plus(times(minus(X(4,:),X(2,:)),minus(minus(minus(X(4,:),[13.6536]),negexp(X(9,:))),[13.6536])),minus(plus(negexp([13.6536]),plus(times(X(6,:),[13.6295]),times(X(6,:),minus(X(9,:),[13.6536])))),square(square(X(7,:))))),plus(plus(plus(times(minus(X(4,:),[13.6536]),minus(X(4,:),[13.6536])),minus(plus(negexp(X(4,:)),times(X(6,:),X(10,:))),square(square(X(7,:))))),minus(plus(minus(exp(X(2,:)),negexp(X(9,:))),times(X(9,:),X(8,:))),square(square(X(7,:))))),plus(times(minus(X(4,:),X(2,:)),minus(minus(X(4,:),[13.6536]),[13.6536])),minus(plus(negexp(square(X(8,:))),times(X(6,:),[13.6536])),square(square(X(7,:)))))))))"
1,10,101,"plus(plus(minus(minus(X(3,:),minus(X(10,:),minus(minus(X(3,:),minus(plus(X(6,:),X(10,:)),X(8,:))),minus(X(4,:),X(9,:))))),plus(plus(plus(plus(plus(X(10,:),times(X(6,:),X(6,:))),minus(plus(X(10,:),X(10,:)),X(8,:))),plus(minus(plus(X(10,:),X(1,:)),X(8,:)),minus(plus(X(10,:),X(1,:)),X(8,:)))),times(plus(sin(X(7,:)),plus(X(2,:),X(6,:))),X(6,:))),plus(minus(plus(X(10,:),X(1,:)),X(8,:)),X(5,:)))),minus(minus(X(3,:),minus(X(10,:),minus(minus(X(3,:),minus(plus(X(9,:),X(10,:)),X(8,:))),X(4,:)))),plus(plus(tanh([-66.7957]),plus(times(negexp(X(7,:)),sin(X(2,:))),minus(plus(X(10,:),X(1,:)),X(8,:)))),plus(plus(plus(plus(X(10,:),times(X(6,:),X(6,:))),minus(plus(X(10,:),X(10,:)),X(8,:))),plus(minus(plus(X(10,:),X(1,:)),X(8,:)),minus(plus(X(10,:),X(1,:)),X(8,:)))),minus(plus(X(10,:),minus(plus(X(10,:),X(1,:)),X(8,:))),X(8,:)))))),plus(minus(minus(X(3,:),minus(X(10,:),minus(minus(X(3,:),minus(plus(X(6,:),X(10,:)),X(8,:))),minus(X(4,:),X(9,:))))),plus(plus(plus(plus(plus(X(10,:),times(X(6,:),X(6,:))),minus(plus(X(6,:),X(10,:)),X(8,:))),plus(minus(plus(X(10,:),X(1,:)),X(8,:)),minus(plus(X(10,:),X(1,:)),X(8,:)))),times(plus(sin(X(7,:)),plus(X(2,:),X(6,:))),X(6,:))),plus(minus(plus(X(10,:),X(1,:)),X(8,:)),X(5,:)))),minus(minus(X(3,:),minus(plus(X(10,:),X(10,:)),minus(minus(X(3,:),minus(plus(X(6,:),X(10,:)),X(8,:))),minus(X(4,:),X(10,:))))),plus(plus(plus(plus(plus(X(10,:),X(10,:)),minus(plus(X(6,:),X(10,:)),X(8,:))),plus(minus(plus(X(10,:),X(10,:)),X(8,:)),minus(plus(X(10,:),X(10,:)),X(8,:)))),times(plus(sin(X(7,:)),plus(X(2,:),X(6,:))),X(6,:))),plus(minus(plus(X(10,:),X(1,:)),X(8,:)),X(10,:))))))"
1,10,102,"plus(cos(plus(times(cos(minus(cos(square(X(8,:))),plus(negexp(X(4,:)),plus(X(6,:),X(4,:))))),square(times(square(X(8,:)),cos(X(10,:))))),negexp(tanh(plus(negexp(X(5,:)),minus(X(5,:),plus(X(8,:),X(8,:)))))))),plus(plus(plus(negexp(X(2,:)),times(X(10,:),plus(square([15.7447]),plus(plus(square([16.1897]),square(X(1,:))),minus(X(9,:),X(6,:)))))),square(times(plus([15.9097],plus(X(4,:),X(2,:))),X(2,:)))),times(plus(plus([55.0200],[48.2263]),X(9,:)),exp(sin(minus(times(X(7,:),exp(X(3,:))),[16.1897]))))))"
1,10,103,"minus(times(plus(times(plus(X(10,:),plus(plus(X(10,:),plus(square(X(4,:)),plus(X(10,:),X(7,:)))),tanh(X(4,:)))),minus(plus(times(X(9,:),X(10,:)),plus(plus([41.8314],[41.8273]),[79.9485])),X(8,:))),times(plus(X(10,:),plus(plus(X(10,:),plus(square(X(4,:)),plus(X(10,:),X(7,:)))),tanh(plus(X(10,:),X(7,:))))),minus(plus(plus([41.8273],[41.8273]),plus(plus([41.8273],X(6,:)),plus(X(6,:),plus(X(6,:),X(6,:))))),square(X(4,:))))),minus(plus(plus([41.9883],X(6,:)),plus(X(6,:),X(7,:))),minus(cos(times(X(4,:),plus([41.8273],[41.8273]))),plus(square(X(4,:)),plus(X(6,:),X(6,:)))))),cos(times(tanh(times(plus(X(10,:),[41.8273]),tanh(X(5,:)))),minus(tanh(plus(X(6,:),X(4,:))),tanh(negexp(minus(exp(negexp(X(3,:))),X(2,:))))))))"
1,10,104,"plus(plus(minus(sin(sin(plus(minus(times(minus(X(3,:),X(3,:)),sin(X(7,:))),X(9,:)),square([-50.8022])))),cos(X(9,:))),minus(square(plus(square(X(9,:)),cos(tanh(X(8,:))))),plus(minus(times(exp(X(2,:)),sin(X(4,:))),times([-50.7743],X(5,:))),X(9,:)))),plus(plus(minus(plus(minus(minus(times(minus(X(3,:),X(3,:)),sin(X(7,:))),X(9,:)),X(5,:)),minus(plus(square(X(6,:)),minus(square(X(9,:)),X(5,:))),X(9,:))),X(9,:)),minus(plus(square(X(6,:)),minus(plus(square(X(6,:)),minus(square(X(10,:)),X(5,:))),X(9,:))),X(9,:))),minus(plus(plus(square(X(6,:)),minus(square(X(10,:)),X(5,:))),minus(minus(minus(minus(negexp(X(9,:)),X(9,:)),X(9,:)),X(9,:)),X(9,:))),X(9,:))))"
1,10,105,"plus(plus(minus(square(X(7,:)),plus(X(6,:),X(4,:))),minus(plus(minus(minus(minus(minus(square(X(7,:)),X(4,:)),sin(X(6,:))),X(4,:)),plus(minus(sin(plus(X(8,:),X(3,:))),X(7,:)),X(4,:))),minus(plus(exp(X(7,:)),plus(exp(X(7,:)),exp(X(7,:)))),minus(sin(plus(X(8,:),times(X(1,:),[-19.7779]))),X(7,:)))),times(negexp(tanh(minus(X(9,:),[-71.5345]))),minus(exp(X(8,:)),plus(minus(plus(minus(X(7,:),X(6,:)),X(10,:)),X(3,:)),plus(minus(square(X(7,:)),X(5,:)),plus(minus(X(7,:),X(4,:)),X(7,:)))))))),minus(X(2,:),minus(minus(plus(exp(X(4,:)),minus(exp(X(7,:)),plus(minus(square(X(7,:)),plus(X(6,:),X(4,:))),plus(minus(X(7,:),X(4,:)),X(7,:))))),plus(minus(plus(minus(X(7,:),X(6,:)),minus(X(7,:),X(6,:))),square(X(10,:))),plus(minus(square(X(7,:)),plus(X(6,:),X(4,:))),plus(minus(X(7,:),X(4,:)),X(10,:))))),minus(minus(minus(square(X(7,:)),X(4,:)),sin(square(X(7,:)))),X(4,:)))))"
1,10,106,"minus(times(square(minus(minus(minus([-55.6380],X(8,:)),sin(X(8,:))),times(plus(tanh(plus(X(6,:),X(4,:))),minus(square(X(8,:)),X(7,:))),square(exp([-25.7549]))))),plus(square(minus(minus(minus(minus([-55.6380],X(8,:)),X(8,:)),[47.0463]),times([-34.6661],sin([47.0463])))),plus(plus(times(minus([-55.6380],X(8,:)),[-55.6380]),square(square(X(8,:)))),plus(plus(times(minus(sin(X(8,:)),X(8,:)),[-55.6380]),square(square(X(8,:)))),times([-55.6380],minus(plus(X(3,:),cos(X(3,:))),negexp(X(3,:)))))))),minus(minus(minus(minus(sin(tanh(plus(X(7,:),X(2,:)))),X(10,:)),square(plus(times(minus([-55.6380],X(8,:)),minus([-55.6380],X(8,:))),square(square(X(8,:)))))),plus(square(minus(minus([-34.6661],exp([-65.6132])),X(5,:))),exp(X(2,:)))),sin(X(9,:))))"
1,10,107,"minus(plus(times(minus(minus(times(cos(X(4,:)),negexp(times(cos(X(5,:)),X(5,:)))),times(cos(X(4,:)),negexp(times(cos(X(5,:)),X(5,:))))),plus(plus(plus(plus(X(4,:),X(8,:)),X(8,:)),X(8,:)),times(X(5,:),minus(cos(exp(X(10,:))),plus([-78.2760],plus(X(4,:),X(5,:))))))),square(plus(minus([-78.2760],minus(plus(negexp([85.7909]),[85.7698]),minus([-78.3030],X(10,:)))),X(8,:)))),plus(tanh(minus(X(4,:),plus(minus([-78.2760],X(3,:)),plus(X(1,:),X(8,:))))),square(plus(minus(plus(X(7,:),times(times(X(5,:),[28.5332]),[25.4683])),minus(times(X(8,:),plus(X(9,:),X(2,:))),times(X(5,:),[28.5332]))),times(sin([11.2728]),times(plus(plus(X(4,:),X(8,:)),X(8,:)),[95.6934])))))),sin(X(6,:)))"
1,10,108,"minus(times(square(times(cos(plus(tanh(exp(exp(X(6,:)))),plus(plus([-69.6993],[-69.8296]),tanh(X(5,:))))),plus(negexp(tanh(plus(plus(X(3,:),X(5,:)),X(2,:)))),plus(minus(plus(minus(X(6,:),[79.6551]),plus([-69.6993],[-69.6993])),plus(plus(X(3,:),X(5,:)),plus(X(3,:),X(5,:)))),minus(plus(plus([-69.6993],[-69.6993]),plus([-69.6993],[-69.8153])),minus(plus(X(3,:),X(5,:)),plus([-69.8808],[-98.3852]))))))),plus(tanh([-69.6993]),plus(plus(plus(plus(X(5,:),plus(X(5,:),plus(X(3,:),X(5,:)))),plus(X(5,:),plus(X(5,:),plus(X(3,:),X(5,:))))),plus(X(5,:),plus(X(5,:),plus(X(6,:),X(5,:))))),plus(plus(plus(X(5,:),plus(X(5,:),plus(X(3,:),X(5,:)))),plus(X(5,:),plus(X(5,:),plus(X(3,:),X(5,:))))),plus(X(5,:),plus(X(5,:),tanh(X(9,:)))))))),sin(cos(minus(minus(minus(plus(minus(cos(X(8,:)),square(X(10,:))),X(7,:)),minus(plus(X(5,:),plus([-69.6993],[-69.6993])),minus(plus(X(3,:),X(5,:)),plus([-69.6993],X(8,:))))),X(4,:)),tanh(exp(X(3,:)))))))"
1,10,109,"minus(minus(tanh(plus(times(minus(times(minus(times(X(6,:),X(10,:)),plus([81.5924],X(9,:))),X(9,:)),plus([81.5924],X(1,:))),X(5,:)),X(2,:))),plus(minus(times(minus(minus(X(9,:),plus([81.5924],[-28.8482])),plus([81.5924],X(9,:))),times(minus(X(3,:),plus([81.5924],X(5,:))),times(minus(X(8,:),plus([81.5924],X(5,:))),square(X(1,:))))),plus(tanh(plus([81.5924],[81.5924])),X(9,:))),times(minus(times(minus(square(X(5,:)),negexp(X(3,:))),tanh(times(X(7,:),X(10,:)))),times(minus(square(X(5,:)),plus(times(X(6,:),X(10,:)),X(4,:))),tanh(X(5,:)))),plus(plus(negexp(plus(negexp(X(4,:)),minus(X(10,:),X(2,:)))),minus(square(times(X(7,:),X(10,:))),[-28.8482])),plus([81.5924],X(9,:)))))),plus(minus(times(minus(times(minus(square(X(9,:)),X(9,:)),tanh(plus([81.5924],[-28.8482]))),plus([81.5924],X(9,:))),times(minus(plus([-28.8482],[-28.8482]),plus(plus([81.5924],X(9,:)),square(X(5,:)))),times(minus(times(X(6,:),X(10,:)),plus([81.5924],X(9,:))),X(9,:)))),plus(plus([81.5924],X(9,:)),square(X(5,:)))),times(minus(plus([81.5924],[-28.8482]),plus(cos(times(square(plus([81.7049],X(3,:))),[39.7171])),negexp(plus(negexp(X(4,:)),minus(X(1,:),X(2,:)))))),X(2,:))))"
1,10,110,"minus(minus(minus(times(times(X(5,:),[83.3908]),[96.7145]),tanh(times([10.8335],[42.8544]))),times(minus(minus(negexp(X(5,:)),[95.4170]),[42.8544]),minus(minus(times(times(X(5,:),[83.3908]),[83.4743]),tanh(X(6,:))),times(negexp(tanh(exp(minus(X(4,:),[83.3908])))),minus(minus(X(6,:),minus(minus(X(8,:),[95.4170]),[42.8544])),[95.4170]))))),times(minus(X(3,:),times(negexp(tanh(exp(minus(X(2,:),square(X(9,:)))))),minus(minus(square(X(9,:)),minus(X(3,:),[95.4170])),[42.8544]))),minus(minus(minus(plus([10.8335],times(times(square(X(9,:)),[95.4170]),[83.3908])),tanh(minus(negexp(X(5,:)),[95.4170]))),negexp(tanh(exp(minus(X(3,:),[42.8544]))))),times(negexp(negexp(tanh(exp(minus(X(3,:),[42.8544]))))),times(minus(X(7,:),minus(X(10,:),times([10.8335],[42.8544]))),minus(X(6,:),minus(minus(negexp(X(5,:)),[95.4170]),[42.8544])))))))"
1,10,111,"plus(plus(minus(minus(cos(sin(cos(times(plus(X(6,:),X(4,:)),X(2,:))))),plus(plus(X(3,:),X(6,:)),X(6,:))),plus(plus(plus(plus(plus(X(3,:),X(6,:)),plus(X(3,:),X(8,:))),plus(plus(X(3,:),X(7,:)),X(7,:))),X(7,:)),X(7,:))),minus(plus(X(10,:),plus(X(9,:),X(5,:))),plus(plus(tanh(minus(X(3,:),X(5,:))),plus(X(3,:),X(8,:))),plus(plus(X(3,:),X(7,:)),X(7,:))))),plus(minus(minus(cos([93.0978]),cos(sin(tanh(negexp(cos(X(2,:))))))),plus(plus(X(3,:),X(7,:)),X(7,:))),X(5,:)))"
1,10,112,"times(times(cos(times(minus(square(plus(plus(X(10,:),square([22.6231])),exp(X(7,:)))),cos(X(3,:))),negexp([16.1975]))),tanh(minus(exp(times(X(7,:),X(5,:))),minus(negexp([-90.2579]),cos(minus(X(4,:),X(6,:))))))),plus(plus(plus(X(8,:),[28.7790]),[28.7790]),plus(plus(plus(plus(plus(X(8,:),plus(plus(X(2,:),X(8,:)),X(5,:))),X(3,:)),plus(plus(X(9,:),plus(X(9,:),plus(X(2,:),X(10,:)))),plus(X(2,:),X(10,:)))),X(3,:)),plus(plus(plus(X(2,:),plus(plus(X(8,:),[28.7938]),cos(tanh(X(6,:))))),plus(X(8,:),plus(X(9,:),plus(X(2,:),X(10,:))))),plus(X(9,:),plus(X(2,:),X(8,:)))))))"
1,10,113,"minus(minus(X(8,:),plus(minus(X(5,:),minus(minus(X(5,:),minus(minus(X(7,:),X(2,:)),X(6,:))),minus(minus(X(3,:),X(2,:)),X(6,:)))),minus(minus(minus(X(5,:),plus(X(10,:),X(6,:))),minus(X(10,:),minus(minus(minus(X(9,:),X(2,:)),X(2,:)),X(6,:)))),minus(X(10,:),minus(minus(minus(minus(X(3,:),X(2,:)),X(6,:)),X(2,:)),X(6,:)))))),plus(tanh(sin(times(times(minus(minus(X(7,:),X(10,:)),X(9,:)),times(minus(minus(X(7,:),X(10,:)),X(9,:)),X(4,:))),negexp(X(9,:))))),plus(minus(X(5,:),minus(X(10,:),minus(minus(X(3,:),X(2,:)),X(6,:)))),square(cos(minus(minus(minus(X(3,:),X(2,:)),X(6,:)),X(2,:)))))))"
1,10,114,"minus(plus(minus(plus(minus(plus(X(8,:),minus(plus(X(6,:),X(10,:)),X(5,:))),X(5,:)),plus(minus(plus(X(1,:),minus(plus(X(6,:),X(10,:)),X(5,:))),X(5,:)),minus(plus(X(8,:),minus(plus(X(6,:),X(10,:)),X(5,:))),X(5,:)))),X(5,:)),minus(plus(X(6,:),plus(X(8,:),plus(plus(X(6,:),minus(plus(X(6,:),X(10,:)),X(5,:))),minus(plus(X(6,:),X(5,:)),X(5,:))))),X(5,:))),sin(plus(negexp(times(plus(X(6,:),X(4,:)),tanh(plus(minus(negexp(X(5,:)),minus(X(9,:),X(5,:))),times(cos(X(2,:)),sin([-84.5810])))))),plus(times(tanh(plus(minus(X(8,:),minus(X(4,:),X(5,:))),minus(X(8,:),minus(X(4,:),X(5,:))))),times(plus([-4.7424],sin(sin(X(3,:)))),minus(tanh(plus(X(8,:),X(7,:))),minus(X(5,:),minus(X(4,:),X(5,:)))))),X(10,:)))))"
1,10,115,"minus(plus(minus(minus(X(4,:),X(2,:)),times(square(sin(plus(negexp(minus(X(9,:),X(2,:))),negexp(X(8,:))))),minus(tanh(minus(X(9,:),plus(tanh(X(7,:)),negexp(X(5,:))))),negexp(negexp(plus(minus(X(10,:),X(4,:)),X(6,:))))))),plus(times([10.9191],plus(minus(X(10,:),X(3,:)),plus(plus(X(7,:),[66.3643]),[66.3769]))),minus(X(4,:),plus(X(7,:),[66.3643])))),X(2,:))"
1,10,116,"times(exp(exp(square(sin(tanh(X(8,:)))))),minus(minus(minus(negexp(minus(cos(minus(cos(X(5,:)),tanh(X(10,:)))),sin(tanh(minus(X(4,:),X(3,:)))))),sin(minus(cos(X(7,:)),times(minus(X(6,:),X(2,:)),sin(X(4,:)))))),X(1,:)),plus(minus(minus(minus(negexp(minus(cos(X(5,:)),tanh(X(10,:)))),sin(minus(X(10,:),plus(X(9,:),X(8,:))))),sin(sin(minus(sin(X(10,:)),cos(X(1,:)))))),cos(times(X(8,:),X(5,:)))),X(1,:))))"
1,10,117,"minus(minus(minus(tanh(negexp(cos(X(5,:)))),minus(minus(X(9,:),square(X(3,:))),plus(minus(minus(X(10,:),minus(minus(X(9,:),X(10,:)),plus(X(5,:),X(6,:)))),minus(negexp(cos(X(5,:))),cos(cos(X(5,:))))),minus(minus(X(8,:),minus(minus(X(2,:),X(10,:)),square(X(1,:)))),minus(negexp(cos(X(5,:))),cos(cos([-81.4489]))))))),minus(minus(X(9,:),square(X(3,:))),plus(minus(minus(X(10,:),minus(minus(X(9,:),X(10,:)),plus(plus(X(6,:),X(8,:)),X(6,:)))),minus(minus(negexp(cos(X(5,:))),tanh(plus(X(4,:),[-81.6252]))),cos(cos(X(5,:))))),minus(minus(X(8,:),minus(minus(X(2,:),X(10,:)),plus(X(6,:),X(7,:)))),minus(negexp(cos(X(5,:))),plus(X(1,:),tanh(plus(X(4,:),[-81.4489])))))))),minus(minus(X(9,:),square(X(3,:))),plus(minus(minus(X(10,:),minus(minus(X(9,:),X(10,:)),plus(X(5,:),X(6,:)))),minus(negexp(cos(X(5,:))),cos(X(9,:)))),minus(minus(X(8,:),minus(minus(X(2,:),X(10,:)),plus(X(6,:),X(7,:)))),minus(negexp(cos(X(5,:))),cos([-11.9022]))))))"
1,10,118,"times(minus(minus(tanh(negexp(minus(plus(plus(exp(X(8,:)),X(2,:)),exp(X(8,:))),plus(square(X(6,:)),minus(X(7,:),X(1,:)))))),minus(minus(plus(X(4,:),plus(square([-7.5710]),X(2,:))),plus(X(3,:),minus(X(7,:),minus(plus(X(4,:),X(10,:)),plus(X(3,:),X(7,:)))))),plus(square(X(6,:)),minus(X(7,:),X(2,:))))),minus(minus(minus(plus(X(4,:),X(9,:)),plus(X(3,:),minus(X(7,:),minus(X(4,:),plus(X(3,:),X(7,:)))))),plus(square(X(6,:)),minus(X(7,:),X(2,:)))),minus(X(5,:),X(1,:)))),tanh(plus(minus(square([-7.6762]),square(X(6,:))),plus(X(7,:),[-66.3443]))))"
1,10,119,"minus(minus(plus(square(plus(times(minus(X(6,:),X(8,:)),cos([77.8938])),[32.2827])),minus(minus(times(minus(X(6,:),X(8,:)),cos([77.8213])),minus(times(minus(X(8,:),X(10,:)),cos([77.7553])),square(X(2,:)))),minus(X(10,:),minus(times(minus(X(6,:),X(8,:)),cos(times(X(10,:),X(4,:)))),minus(times(square(X(2,:)),cos([77.7073])),square(X(2,:))))))),tanh(negexp(X(3,:)))),times(minus(minus(times(times(sin(times(X(10,:),X(4,:))),cos(X(8,:))),sin(cos(cos(X(8,:))))),minus(X(5,:),minus(times(minus(X(6,:),X(10,:)),cos([77.6387])),square(X(2,:))))),X(7,:)),square(X(9,:))))"
1,10,120,"times(minus(minus(plus(minus(X(2,:),X(9,:)),plus([9.7643],minus(X(6,:),X(10,:)))),minus(plus(X(9,:),sin(minus(plus(exp(X(5,:)),exp(X(8,:))),exp(X(4,:))))),minus(X(7,:),minus(plus(X(9,:),plus(X(7,:),X(9,:))),X(4,:))))),times(X(8,:),plus(sin([9.7883]),X(8,:)))),plus(exp(negexp(negexp(times(X(3,:),X(9,:))))),negexp(negexp(plus(exp(negexp(negexp(times(X(4,:),X(9,:))))),negexp(X(3,:)))))))"
2,2,1,"plus(times(times(times(plus(sin(square(times(exp(X(1,:)),plus([62.0101],X(2,:))))),square(X(2,:))),plus(X(1,:),plus(X(1,:),X(1,:)))),plus(negexp(square(square(X(2,:)))),plus(X(1,:),plus(plus(X(1,:),X(1,:)),X(1,:))))),square(X(1,:))),negexp(negexp(negexp(square(times(X(2,:),times(exp(X(1,:)),plus(plus([61.8909],X(1,:)),X(1,:)))))))))"
2,2,2,"times(minus(minus(minus(minus(minus(times(times(X(2,:),X(1,:)),plus(X(1,:),X(2,:))),cos(times(times(X(2,:),X(1,:)),plus(X(1,:),X(2,:))))),cos(times(times(cos([-42.7365]),X(1,:)),plus(X(1,:),X(2,:))))),cos(times(times(X(2,:),X(1,:)),plus(X(1,:),X(2,:))))),cos(minus(minus(times(times(X(2,:),X(1,:)),plus(X(1,:),X(2,:))),cos(times(times(X(2,:),X(1,:)),plus(X(1,:),X(2,:))))),cos(times(times(X(2,:),X(1,:)),plus(X(1,:),X(2,:))))))),cos(sin(cos(negexp(exp(exp(X(1,:)))))))),exp(exp(cos(tanh(sin(square(tanh([23.6132]))))))))"
2,2,3,"square(square(times(cos(times(square([32.3074]),times(exp(X(1,:)),[32.2551]))),times(cos(square(cos(square(cos(X(2,:)))))),[-28.0782]))))"
2,2,4,"negexp(plus(plus(square(square(sin(square(square(tanh(X(1,:))))))),exp(tanh(tanh(X(2,:))))),plus(square(square(sin(square(X(2,:))))),tanh(negexp(exp(sin(sin(plus(X(1,:),[0.2714])))))))))"
2,2,5,"times(times(square(tanh(tanh(square(square(tanh(X(1,:))))))),plus([89.0160],minus(X(2,:),square(X(1,:))))),plus(times(times(square(tanh(X(2,:))),[83.3501]),plus(times(times(minus(X(2,:),square(X(1,:))),[83.3501]),plus([89.0160],tanh(minus(square(X(2,:)),square(X(1,:)))))),plus(plus([89.0110],[-35.9121]),tanh(X(1,:))))),plus(times(times(minus(X(2,:),square(X(1,:))),minus(X(2,:),square(X(1,:)))),plus([89.0116],plus([-35.9121],tanh(X(2,:))))),times([-25.8596],X(2,:)))))"
2,2,6,"times(square(exp(plus(sin(plus(plus(X(1,:),tanh(tanh(X(1,:)))),X(2,:))),tanh(X(1,:))))),square(times(tanh(times(times(plus(sin(plus(X(1,:),X(2,:))),tanh(X(1,:))),square(square(plus(X(1,:),X(2,:))))),times(plus(sin(plus(X(2,:),X(2,:))),tanh(X(1,:))),square(square(plus(X(1,:),X(2,:))))))),square(square(plus(X(1,:),X(2,:)))))))"
2,2,7,"times(plus(times(plus(minus(minus(X(1,:),X(2,:)),X(2,:)),exp(X(2,:))),minus(exp(X(1,:)),minus(minus([-59.3432],X(2,:)),X(2,:)))),minus(plus(times(plus(minus(minus(X(1,:),exp(X(2,:))),X(2,:)),exp(X(2,:))),minus(plus(plus(X(2,:),X(2,:)),exp(X(1,:))),minus(minus([-59.3632],X(2,:)),X(2,:)))),minus(sin(cos(X(2,:))),minus(sin(X(1,:)),minus(plus(plus(X(2,:),X(1,:)),exp(X(1,:))),square(X(2,:)))))),minus(negexp(minus(X(2,:),minus(X(1,:),exp(X(1,:))))),minus(plus(X(1,:),X(1,:)),square(X(2,:)))))),minus(exp(X(1,:)),minus([-60.2984],exp(X(1,:)))))"
2,2,8,"square(square(minus(times(X(1,:),[-19.9179]),plus(minus(tanh(plus(X(1,:),minus(sin(X(1,:)),tanh(X(1,:))))),plus([52.9439],plus(X(2,:),X(2,:)))),minus(tanh(plus(cos(X(1,:)),cos(times(X(1,:),[-19.9131])))),plus(plus(X(1,:),plus(X(2,:),plus(X(2,:),X(2,:)))),plus(X(2,:),plus(X(2,:),plus(X(2,:),X(2,:))))))))))"
2,2,9,"plus(square(minus(times(exp(negexp(cos(negexp(times(X(1,:),[53.9941]))))),times(X(1,:),[53.9355])),times(times(times(negexp(negexp(X(1,:))),X(2,:)),[53.9355]),[53.9355]))),plus(square(minus(times(times(times(negexp(negexp(X(1,:))),[54.1333]),[54.2349]),X(1,:)),times(times(X(1,:),[54.2349]),X(1,:)))),times(times(times(times(times(negexp(negexp(X(1,:))),[54.2349]),[70.1433]),[54.1192]),X(1,:)),X(1,:))))"
2,2,10,"times(times(cos(X(1,:)),minus(X(2,:),minus(X(1,:),minus(X(2,:),X(1,:))))),plus(minus(minus(minus(times(exp(plus(X(2,:),X(1,:))),times(minus(cos(X(1,:)),X(2,:)),minus(X(2,:),cos([-9.4618])))),plus(plus(negexp(minus(X(2,:),X(1,:))),X(2,:)),minus(minus(negexp(X(2,:)),[48.6493]),exp(plus(X(1,:),X(1,:)))))),[-82.5953]),times(square([-19.2730]),minus(square(minus(minus(X(2,:),X(1,:)),X(1,:))),minus(minus(X(2,:),cos(X(1,:))),minus(X(2,:),X(1,:)))))),square(plus(square([-19.2176]),plus(plus(negexp(X(2,:)),times(X(2,:),X(1,:))),minus(X(1,:),minus(X(2,:),X(1,:))))))))"
2,2,11,"plus(times([11.6360],plus(sin(plus(X(1,:),times(plus(X(1,:),plus(X(2,:),X(1,:))),[11.6599]))),plus(sin(plus(X(1,:),times(plus(X(1,:),plus(X(2,:),X(1,:))),[11.6599]))),plus(plus(X(1,:),times(plus(X(1,:),plus(X(2,:),X(1,:))),[11.6351])),X(1,:))))),plus(plus(plus(plus(minus(negexp(X(1,:)),plus(X(1,:),plus(X(2,:),X(1,:)))),times(times(plus(X(1,:),plus(X(2,:),X(1,:))),[11.6360]),[11.7140])),X(1,:)),plus(sin(plus(X(1,:),times(plus(X(1,:),plus(X(2,:),X(1,:))),[11.6266]))),[11.6360])),plus(X(2,:),negexp(plus(X(2,:),X(1,:))))))"
2,2,12,"plus(minus(minus(times(minus(X(1,:),times(X(1,:),minus(X(2,:),[23.7605]))),plus(times(X(2,:),negexp(negexp(X(1,:)))),[23.6580])),minus(plus(times(X(2,:),negexp(X(1,:))),minus(minus(tanh(sin(X(2,:))),X(2,:)),X(2,:))),times(X(1,:),minus([70.9033],negexp([23.8007]))))),plus(times(X(2,:),negexp(X(1,:))),minus(X(1,:),times(X(1,:),minus([71.0189],tanh(negexp(X(2,:)))))))),times(minus(X(2,:),times(X(1,:),minus(X(2,:),times(X(1,:),X(1,:))))),plus(plus(plus(plus(times(X(2,:),negexp(X(1,:))),sin(negexp(negexp(X(1,:))))),sin(negexp(negexp(X(1,:))))),sin(negexp(negexp(X(1,:))))),sin(sin(negexp(negexp(X(1,:))))))))"
2,2,13,"times(square(times(times(square(plus(plus(square(X(2,:)),X(1,:)),times(sin(X(1,:)),times(sin(X(1,:)),[-71.6937])))),plus(square(sin(square(sin(X(1,:))))),times(square(sin(X(1,:))),times(sin(square(X(2,:))),times(sin(X(1,:)),[-72.5604]))))),square(sin(X(1,:))))),plus(plus(square(X(2,:)),X(1,:)),X(1,:)))"
2,2,14,"times(times([-70.0339],X(2,:)),times(sin(plus(negexp(minus(sin(X(2,:)),plus(X(2,:),X(2,:)))),square(cos(negexp(cos(times([-47.6051],X(1,:)))))))),square(square(times(cos(square(cos(X(2,:)))),negexp(cos(times([-47.6267],X(2,:)))))))))"
2,2,15,"exp(minus(plus(cos(plus(square(square(minus(tanh(X(1,:)),sin([-53.4531])))),plus(negexp(X(2,:)),times([-1.4515],X(2,:))))),plus(exp(cos(tanh(minus(tanh(X(1,:)),sin([-53.4294]))))),plus(cos(tanh(X(2,:))),square(minus(tanh(X(1,:)),sin(sin([-53.4531]))))))),plus(square(times(sin(sin(minus([-53.4681],X(2,:)))),cos(exp([59.4026])))),sin(tanh(times(square(minus(tanh(X(1,:)),sin([-53.4531]))),tanh(X(2,:))))))))"
2,2,16,"times(square(plus(plus(plus(X(1,:),plus(plus(X(2,:),X(1,:)),X(1,:))),plus(plus(plus(plus(plus(X(1,:),X(1,:)),X(1,:)),X(1,:)),plus(X(1,:),X(1,:))),sin(times([-82.3867],X(1,:))))),plus(plus(square(X(1,:)),plus(plus(X(1,:),plus(plus(X(1,:),X(1,:)),X(1,:))),X(1,:))),X(1,:)))),times(X(2,:),square(sin(times(square(square(X(1,:))),tanh(plus(X(2,:),square(X(1,:)))))))))"
2,2,17,"square(minus(times(sin(sin(sin(sin(tanh(tanh(X(1,:))))))),times(square(sin(sin([43.5803]))),times(square(sin([43.5802])),exp(square(X(1,:)))))),square([26.3153])))"
2,2,18,"minus(times(square(square(plus(sin(times(X(1,:),[-78.2241])),tanh(times(X(1,:),times([-74.3035],X(1,:))))))),minus(minus([21.9414],plus(sin(X(1,:)),[-78.3778])),times(cos(exp(negexp(X(1,:)))),times(times(X(1,:),times([-74.0835],X(1,:))),minus(minus(X(1,:),[11.1233]),[-73.4375]))))),exp(exp(tanh(exp(times(times([11.1233],times(times([11.1233],[-74.3840]),X(1,:))),sin(minus(X(1,:),[11.1090]))))))))"
2,2,19,"square(times(times(minus(minus(X(2,:),plus(plus([-60.3328],[-45.0982]),plus(plus([-60.3328],square(X(2,:))),plus(X(1,:),square(X(2,:)))))),plus(plus(plus([-60.1509],square(X(2,:))),square(X(2,:))),plus(plus([-60.3328],[-45.0935]),plus(plus([-44.8250],square(X(2,:))),plus(X(1,:),square(X(2,:))))))),minus(exp(tanh(exp(exp(X(2,:))))),X(2,:))),tanh(cos(square(minus(X(1,:),plus([-60.3328],plus([-60.3328],plus([-60.3328],[-45.0935])))))))))"
2,2,20,"plus(plus(plus(plus(X(1,:),exp(X(2,:))),exp(X(1,:))),plus(plus(plus(plus(times(X(2,:),X(1,:)),exp(X(2,:))),exp(X(1,:))),cos(times(square(tanh(X(2,:))),X(2,:)))),exp(times(square(tanh(times(X(1,:),[9.2594]))),X(2,:))))),sin(minus(plus(plus(plus(plus(square(X(1,:)),exp(tanh(X(2,:)))),exp(X(1,:))),exp(X(2,:))),plus(X(1,:),exp(plus(X(1,:),exp(X(2,:)))))),square(X(1,:)))))"
2,2,21,"tanh(plus(X(2,:),minus(minus(X(1,:),exp(tanh(tanh(tanh(plus(X(2,:),X(1,:))))))),tanh(plus(times(square(times(exp(X(1,:)),times(X(2,:),X(1,:)))),times(times(exp(X(1,:)),square(X(1,:))),square(X(1,:)))),minus(X(1,:),times(X(2,:),X(1,:))))))))"
2,2,22,"square(times(minus(minus(minus(plus(X(1,:),X(2,:)),square(square(sin(plus(X(1,:),X(2,:)))))),exp(negexp(cos([-30.3592])))),exp(negexp(negexp(cos(negexp(cos([-30.3631]))))))),[-30.0682]))"
2,2,23,"square(times(cos(cos(plus(times(minus(square(tanh(X(2,:))),X(1,:)),square(X(2,:))),X(2,:)))),cos(tanh(square(square(negexp(tanh(X(2,:)))))))))"
2,2,24,"times(square(times(negexp(square(plus(sin(X(1,:)),negexp(square(X(2,:)))))),times(times(X(2,:),[-76.6049]),plus(plus(X(2,:),plus(negexp(X(1,:)),plus(negexp(X(1,:)),square(X(2,:))))),plus(negexp(X(1,:)),plus(negexp(X(1,:)),square(X(2,:)))))))),minus(plus(cos(sin(plus(square(times(X(2,:),[-75.5246])),plus(negexp(X(1,:)),plus(negexp(X(1,:)),square(X(2,:))))))),sin(square(cos(X(2,:))))),tanh(sin(negexp(square(plus(sin(X(1,:)),negexp(X(1,:)))))))))"
2,2,25,"square(times(times(plus(exp(cos(negexp(square(tanh(X(1,:)))))),plus(plus(tanh(X(1,:)),tanh(X(1,:))),tanh(plus(tanh(tanh(X(1,:))),tanh(tanh(X(1,:))))))),plus(minus(plus(cos(X(1,:)),square(X(2,:))),square([16.5050])),plus(cos(minus(square(X(2,:)),square([16.4997]))),plus(cos(minus(square(X(2,:)),square([16.4821]))),square(X(2,:)))))),[91.9999]))"
2,2,26,"times(plus(X(1,:),plus(X(1,:),exp(cos(X(1,:))))),plus(exp(plus(cos(exp(plus(cos(square(X(2,:))),tanh(square(X(1,:)))))),tanh(tanh(plus(plus(X(1,:),square(X(1,:))),cos(exp(X(2,:)))))))),X(1,:)))"
2,2,27,"exp(plus(times([28.5290],tanh(plus(square(cos([38.0462])),plus(X(2,:),X(1,:))))),times(square(X(2,:)),tanh(tanh(tanh(negexp(cos(X(2,:)))))))))"
2,2,28,"times(cos(tanh(tanh(minus(sin([0.8641]),minus(plus(cos(X(1,:)),negexp(X(2,:))),minus(sin(X(2,:)),cos([-73.1650]))))))),tanh(exp(times(times(X(2,:),exp(times(X(2,:),exp([0.1227])))),square(tanh(plus(plus(tanh(X(1,:)),times([0.2963],[0.1555])),times([0.2179],exp(X(2,:))))))))))"
2,2,29,"times(square(minus(exp(exp(tanh(times(exp(X(2,:)),tanh(X(2,:)))))),tanh(tanh(times(exp(minus(minus([-10.0296],X(2,:)),times([-10.2895],X(1,:)))),sin(sin(tanh(X(2,:))))))))),plus(square(minus(exp(exp(sin(tanh(X(2,:))))),tanh(times(exp(exp(X(2,:))),sin(tanh(X(2,:))))))),times(square(minus(exp(exp(sin(tanh(X(2,:))))),tanh(times(exp(exp(X(2,:))),X(2,:))))),plus(plus(exp(X(1,:)),X(2,:)),X(2,:)))))"
2,2,30,"plus(times(times([18.4057],tanh(square(plus(square(sin(cos([-75.4549]))),X(1,:))))),times([18.0912],tanh(square(plus(square(X(1,:)),X(1,:)))))),square(square(plus(plus(X(2,:),X(2,:)),minus(plus(X(2,:),X(2,:)),plus(plus(sin(cos([-75.4039])),X(1,:)),plus(sin(cos([-75.3728])),X(1,:))))))))"
2,2,31,"times(square(square(plus(tanh(exp(X(1,:))),[87.2383]))),cos(plus(sin(sin(times(sin([86.9655]),X(1,:)))),exp(tanh(negexp(X(1,:)))))))"
2,2,32,"minus(negexp([-43.6685]),square(times(times(cos(tanh(exp(X(2,:)))),minus(cos([-43.7076]),square(tanh(X(2,:))))),minus(plus(minus(X(2,:),minus(exp(X(2,:)),cos(minus(X(1,:),X(2,:))))),minus(sin(sin(cos(X(1,:)))),times(times(sin(X(2,:)),times([-43.8226],X(2,:))),X(1,:)))),square(times([-43.7076],X(2,:)))))))"
2,2,33,"times(sin(tanh(minus(times(minus(tanh(times(negexp(X(2,:)),tanh(X(1,:)))),tanh(X(2,:))),exp(times(tanh(X(2,:)),minus(X(1,:),X(2,:))))),tanh(X(2,:))))),minus(minus(minus(times(times(X(1,:),negexp(X(2,:))),X(2,:)),X(1,:)),negexp(minus(X(1,:),X(2,:)))),plus(times(times(minus(X(1,:),X(2,:)),exp(times(tanh(X(1,:)),minus(X(1,:),X(2,:))))),X(2,:)),times(negexp(sin(X(2,:))),X(1,:)))))"
2,2,34,"times(square(times(square(tanh(square(square(times(times(X(2,:),X(1,:)),times(X(1,:),X(2,:))))))),plus(square(square(times(square(tanh(X(2,:))),plus(tanh(X(2,:)),X(2,:))))),square(times(square(tanh(times(X(1,:),X(2,:)))),plus(plus([71.7355],[71.7355]),[71.7355])))))),times(square(times(X(2,:),plus(X(1,:),tanh(X(1,:))))),cos(exp(minus(minus(plus(plus(X(1,:),tanh(X(1,:))),[-26.5821]),times(X(1,:),X(2,:))),tanh(X(2,:)))))))"
2,2,35,"times(square(times(plus(sin(times(minus([17.6827],sin(plus(X(1,:),X(2,:)))),plus(X(1,:),X(2,:)))),square(times(minus([17.7332],X(1,:)),plus(X(1,:),X(2,:))))),tanh(plus(sin(plus(times(minus([17.4788],X(1,:)),plus([17.6209],X(2,:))),plus(plus(X(1,:),[17.5374]),square(X(2,:))))),square(X(2,:)))))),plus(tanh(times(plus(sin(plus(times(minus([17.4788],X(1,:)),plus([17.6209],X(2,:))),plus(plus(X(1,:),[17.5374]),square(X(2,:))))),square(X(2,:))),plus(X(1,:),X(2,:)))),cos(square(sin(sin(plus(X(1,:),X(2,:))))))))"
2,2,36,"times(square(square(square(minus(exp(tanh(times(X(1,:),tanh(X(1,:))))),X(2,:))))),minus(minus(exp(cos(plus([91.5396],X(2,:)))),X(2,:)),sin(plus(plus(times(X(1,:),tanh(X(1,:))),exp(minus(times(X(1,:),tanh(X(1,:))),[9.5632]))),negexp(plus(sin(X(1,:)),square(X(2,:))))))))"
2,2,37,"times(times(times(sin(times([45.1475],X(1,:))),sin(times([45.1475],X(1,:)))),plus(X(1,:),plus(plus(times([45.2003],X(1,:)),square(times(sin(times([45.1475],X(1,:))),sin(times([45.1475],X(1,:)))))),X(1,:)))),times(times(square(times(sin(times([45.0862],X(1,:))),sin(times([45.1475],X(1,:))))),plus(times([45.0864],times(times(sin(times([45.1475],X(1,:))),sin(times([45.1475],X(1,:)))),plus(times([45.1475],X(1,:)),times([45.1475],X(1,:))))),sin(times(times(sin(times([45.0862],X(1,:))),sin(times([45.1475],X(1,:)))),plus(times(X(1,:),X(1,:)),times([45.1475],X(1,:))))))),plus(times([45.1475],times(times(sin(times([45.1475],X(1,:))),sin(times([45.1475],X(1,:)))),plus(times([45.1475],X(1,:)),times([45.1475],X(1,:))))),[44.9118])))"
2,2,38,"plus(times(X(2,:),minus([99.0390],times(plus(plus(plus(X(2,:),sin(X(1,:))),sin(X(2,:))),X(1,:)),[77.4157]))),minus(plus(times(plus(plus(X(2,:),sin(X(2,:))),sin(X(2,:))),minus([77.4960],times(plus(plus(X(2,:),sin(X(2,:))),X(1,:)),[99.0390]))),minus(negexp(plus(times(X(2,:),X(1,:)),square(X(1,:)))),times(X(1,:),[98.9463]))),times(plus(plus(X(1,:),sin(sin(sin(sin(X(2,:)))))),X(1,:)),[99.0187])))"
2,2,39,"square(plus(plus(plus(plus(X(1,:),plus(X(2,:),plus(X(1,:),times(X(2,:),X(2,:))))),X(2,:)),plus(X(1,:),plus(X(2,:),plus(X(1,:),X(2,:))))),plus(plus(plus(X(1,:),plus(tanh(X(2,:)),plus(X(1,:),X(2,:)))),plus(plus(exp(tanh(sin(X(2,:)))),X(2,:)),plus(minus(minus(X(1,:),[-30.0367]),negexp(X(1,:))),X(2,:)))),X(2,:))))"
2,2,40,"plus(plus(plus(tanh(square(times(X(1,:),exp(times(plus(X(1,:),X(1,:)),X(2,:)))))),square(plus(tanh(square(square(minus(X(2,:),X(1,:))))),square(square(minus(X(2,:),X(1,:))))))),times([13.5508],square(plus(tanh(square(square(minus(X(2,:),X(1,:))))),square(square(minus(X(2,:),X(1,:)))))))),times(times(X(2,:),plus(sin(X(2,:)),tanh(times(X(1,:),exp(times(minus(X(2,:),X(1,:)),X(1,:))))))),times(times(X(2,:),plus(sin(sin(plus(X(1,:),X(1,:)))),tanh(X(1,:)))),square(square(square(minus(X(2,:),X(1,:))))))))"
2,2,41,"square(times(minus(square(minus(X(2,:),X(1,:))),times(tanh(tanh(minus(X(2,:),X(1,:)))),negexp(minus(exp(sin(sin(X(1,:)))),plus(times(square(X(1,:)),sin([60.6269])),plus(sin(X(1,:)),X(2,:))))))),sin(sin(X(1,:)))))"
2,2,42,"square(times(minus(sin(negexp(square(tanh(cos(square(X(1,:))))))),sin(X(1,:))),square(square(minus(X(2,:),plus(X(1,:),plus(negexp(cos(X(1,:))),negexp(cos(X(1,:))))))))))"
2,2,43,"plus(square(negexp(X(2,:))),plus(times(sin(sin(plus(square(plus(X(2,:),X(1,:))),[99.4765]))),plus(tanh(square(plus(X(2,:),X(1,:)))),plus(tanh(square(plus(X(2,:),X(1,:)))),plus(plus(X(2,:),X(1,:)),[99.7525])))),times(plus(sin(sin(square(plus(X(2,:),X(1,:))))),[99.4716]),square(plus(X(2,:),X(1,:))))))"
2,2,44,"minus(plus(square(plus([35.0945],plus(plus(minus(minus([34.8428],X(1,:)),[29.2126]),plus(minus(minus(X(2,:),X(1,:)),[29.2126]),exp(X(1,:)))),square(plus(X(2,:),X(2,:)))))),square(plus(X(2,:),square(plus(X(2,:),X(2,:)))))),plus(square(times(X(1,:),plus(plus(minus([35.0391],X(1,:)),exp(X(1,:))),square(plus(X(2,:),X(2,:)))))),square(times(cos(times(X(1,:),sin(sin([-25.3225])))),square(plus(X(1,:),[35.1112]))))))"
2,2,45,"plus(times(square([-25.1315]),times(times([95.8136],exp(sin(sin(plus(cos(X(1,:)),times(X(2,:),X(2,:))))))),times([86.9003],exp(sin(times(square([-25.1315]),X(2,:))))))),plus(times(plus(plus(cos(X(1,:)),times(X(2,:),X(2,:))),plus(minus(tanh(plus(cos(X(1,:)),times(X(2,:),X(2,:)))),tanh(exp(plus(X(1,:),X(1,:))))),times(X(2,:),[95.8501]))),times(times([87.0728],exp(sin([-25.1315]))),times([95.8136],exp(sin(times(X(2,:),[95.8136])))))),plus(exp(exp(sin(sin(plus(cos(X(1,:)),times(X(2,:),X(2,:))))))),times(exp(plus(X(1,:),X(1,:))),X(2,:)))))"
2,2,46,"square(square(square(plus(exp(tanh(exp(negexp(X(1,:))))),plus(tanh(minus(minus(minus(X(2,:),X(1,:)),X(1,:)),cos([72.1261]))),plus(X(2,:),X(1,:)))))))"
2,2,47,"times(square(square(minus(X(1,:),[18.7618]))),plus(times(tanh(plus(tanh(X(2,:)),plus(tanh([18.9511]),X(1,:)))),times(plus(tanh(tanh(X(2,:))),plus(square(negexp(sin(X(2,:)))),[58.4629])),[-80.2353])),plus(times(times(tanh(X(2,:)),[-80.2353]),times(tanh(X(2,:)),[-80.2353])),times(square(minus(X(1,:),[-79.7639])),negexp(negexp(X(2,:)))))))"
2,2,48,"times([-16.8165],times(times([-16.8662],times(plus(plus(plus(tanh(minus(X(2,:),X(1,:))),exp(X(1,:))),plus(tanh(minus(X(2,:),X(1,:))),exp(X(1,:)))),exp(X(2,:))),minus(X(1,:),[90.2314]))),[-55.8774]))"
2,2,49,"times(times(times(cos(plus(X(1,:),negexp(sin(cos(square(X(1,:))))))),times(times(times(square(X(2,:)),X(2,:)),X(2,:)),square(times(plus(plus(X(2,:),X(2,:)),X(2,:)),times(plus(tanh(X(2,:)),X(2,:)),tanh(square(X(1,:)))))))),plus(X(2,:),X(2,:))),negexp(times(square(X(2,:)),tanh(X(1,:)))))"
2,2,50,"minus(negexp(square(square(square(square(tanh(minus(X(1,:),[5.1982]))))))),cos(cos(negexp(exp(tanh(minus(minus(X(1,:),X(2,:)),tanh(minus(X(1,:),X(2,:))))))))))"
2,2,51,"times(negexp(times(tanh(exp(plus(tanh(times(plus(X(2,:),X(2,:)),negexp(X(1,:)))),X(2,:)))),times(tanh(exp(X(2,:))),tanh(times(tanh(tanh(minus(X(2,:),X(1,:)))),negexp(square(square(X(2,:))))))))),times(negexp(times(tanh(exp(plus(X(2,:),X(2,:)))),tanh(times(tanh(X(2,:)),negexp(X(1,:)))))),tanh(minus(X(2,:),X(1,:)))))"
2,2,52,"times(times(minus(minus(X(1,:),[-17.6844]),plus(plus(plus(plus(X(2,:),sin([-17.5288])),sin(minus(X(1,:),minus(X(1,:),[-17.6965])))),sin(minus(X(1,:),X(2,:)))),sin(minus(X(1,:),X(2,:))))),times(minus(plus(plus(plus(X(2,:),sin([64.5457])),sin(minus(minus(X(1,:),[-17.4426]),X(2,:)))),sin(sin(minus(X(1,:),X(2,:))))),X(1,:)),[91.3313])),[-17.8135])"
2,2,53,"plus(plus(exp([49.8920]),times(plus(plus(exp(cos(minus(cos(X(1,:)),square([-57.8652])))),minus(X(1,:),times(cos(X(1,:)),minus([-50.2989],X(1,:))))),minus([49.5845],times(cos(X(1,:)),square([82.2686])))),plus(times(times(cos(X(1,:)),square(plus(X(1,:),[-50.2989]))),exp(square(cos([49.5845])))),exp(cos(minus(square(X(1,:)),square([-57.8652]))))))),square(times(plus(times(tanh(negexp(X(1,:))),cos(sin([49.5845]))),minus(X(2,:),times([49.5845],minus([-30.6381],X(1,:))))),plus(X(1,:),square(X(2,:))))))"
2,2,54,"times(negexp(exp(X(2,:))),times(tanh(sin(cos(exp(negexp(sin(X(2,:))))))),times(times(negexp([-22.1434]),plus([52.6860],minus(square(times(tanh(X(1,:)),X(1,:))),square(exp(X(2,:)))))),plus(negexp(tanh(tanh(tanh(times(X(2,:),X(1,:)))))),minus(plus([53.3507],plus(square(exp(X(2,:))),negexp(sin(X(2,:))))),negexp(minus(exp(X(2,:)),negexp(tanh(X(2,:))))))))))"
2,2,55,"square(plus(exp(X(1,:)),square(times(minus(square(X(2,:)),times(minus(square(X(2,:)),[-73.1125]),tanh(plus([-72.7838],exp(X(2,:)))))),tanh(minus(minus(square(X(2,:)),cos(square(X(2,:)))),exp(X(1,:))))))))"
2,2,56,"plus(times(X(2,:),plus(times(times(X(2,:),plus(plus(negexp(X(1,:)),plus(minus(X(2,:),X(1,:)),exp(X(1,:)))),plus([37.9707],negexp(square([38.0092]))))),minus(square([-39.0552]),plus(X(1,:),X(1,:)))),sin(plus(plus([-39.0552],X(1,:)),negexp(square([38.0092])))))),square(plus(times(times(X(2,:),plus(plus(tanh(times(X(1,:),X(2,:))),plus(X(1,:),sin(X(1,:)))),plus(X(1,:),X(1,:)))),minus(square([37.9707]),plus(plus(tanh(times(X(1,:),X(2,:))),plus(X(1,:),sin(X(1,:)))),plus(exp(X(2,:)),negexp(X(2,:)))))),plus(plus(X(1,:),plus(exp(X(2,:)),X(1,:))),plus(plus(plus(cos(plus([37.9707],X(1,:))),plus([-39.0552],sin(X(1,:)))),plus(plus(X(1,:),X(1,:)),X(1,:))),X(1,:))))))"
2,2,57,"times(times(times(cos(plus(minus(minus(X(1,:),cos(plus(X(1,:),X(2,:)))),cos(cos(plus(X(1,:),X(2,:))))),X(2,:))),[98.9163]),plus(X(1,:),X(2,:))),[17.6910])"
2,2,58,"times(times(square(minus(times(times(tanh(exp(X(2,:))),X(2,:)),times(X(2,:),X(2,:))),square(times(tanh(exp(tanh(X(2,:)))),times(tanh(exp(X(2,:))),X(2,:)))))),X(1,:)),times([-63.6168],plus(sin(sin(minus(X(2,:),minus(times([-65.6294],X(2,:)),X(2,:))))),X(2,:))))"
2,2,59,"minus(times(exp(times(X(2,:),square(X(2,:)))),sin(minus(X(1,:),sin(cos(cos(X(2,:))))))),plus(plus(plus(X(2,:),sin(X(1,:))),sin(minus(X(1,:),sin(cos(cos(cos(X(2,:)))))))),sin(minus(X(1,:),sin(cos(sin(X(1,:))))))))"
2,2,60,"times(square(plus(times(square(cos(sin(sin(negexp(X(2,:)))))),X(2,:)),times(X(1,:),X(2,:)))),plus(plus(times(square(cos(sin(sin(negexp(X(2,:)))))),X(2,:)),tanh(plus(exp(times(times(sin(X(1,:)),exp(X(1,:))),exp(tanh(X(1,:))))),sin(sin(square(sin([13.4815]))))))),times(X(1,:),X(2,:))))"
2,2,61,"times(times(negexp(minus(square(X(1,:)),minus([27.6433],times(X(2,:),X(2,:))))),plus(X(2,:),plus(plus(X(2,:),X(1,:)),X(2,:)))),minus(plus(minus(negexp(negexp(minus(square(X(1,:)),minus([15.7284],times(X(1,:),X(1,:)))))),[15.8534]),minus(plus(exp(exp(sin(X(2,:)))),X(2,:)),[-73.4063])),square(X(2,:))))"
2,2,62,"times(tanh(exp(negexp(square(square(exp(exp(X(2,:)))))))),square(times(plus(X(1,:),plus(times(negexp(sin(plus(X(2,:),[-53.8593]))),X(1,:)),plus(times(plus([-84.7168],plus([-84.9309],[-84.7168])),cos(minus(X(2,:),X(1,:)))),times(X(1,:),times(X(2,:),[59.1707]))))),[53.9163])))"
2,2,63,"times(negexp([-23.1370]),negexp(minus(exp(X(1,:)),tanh(cos(minus(exp(sin(cos(X(2,:)))),minus(sin(sin([-22.8114])),X(1,:))))))))"
2,2,64,"plus(plus(plus(sin(plus(minus(X(2,:),times([-41.3733],X(2,:))),tanh(X(2,:)))),plus(sin(plus(minus(X(2,:),times([-41.3254],X(2,:))),tanh(X(2,:)))),plus(sin(plus(sin(times(X(2,:),X(2,:))),tanh(X(1,:)))),minus(X(2,:),times([-41.0760],X(2,:)))))),square(plus(X(1,:),plus(X(1,:),minus([73.4722],times([-40.9520],X(2,:))))))),times(times(square(plus(square(X(1,:)),minus([73.6322],times(X(2,:),X(2,:))))),plus(exp(minus(cos(X(1,:)),square(X(1,:)))),cos(cos(X(2,:))))),exp(cos(X(1,:)))))"
2,2,65,"times(plus(exp(X(2,:)),times(cos(times(tanh(X(1,:)),square(X(1,:)))),negexp(X(2,:)))),square(minus(square(square(plus(minus(X(1,:),X(2,:)),X(1,:)))),minus(negexp(square(square(plus(X(2,:),exp(X(1,:)))))),times(tanh(plus(times(exp(X(1,:)),square(X(1,:))),X(1,:))),square(X(1,:)))))))"
2,2,66,"square(times(times(times(times(times(tanh(X(2,:)),minus(times(tanh(X(2,:)),square(X(1,:))),tanh(sin(X(2,:))))),plus([-85.1688],square(X(1,:)))),square(tanh(minus(sin(X(1,:)),times(tanh(X(1,:)),square(X(1,:))))))),square(tanh(tanh(square(square(tanh(X(1,:)))))))),[-85.1474]))"
2,2,67,"negexp(minus(tanh(tanh(tanh(exp(times(times(X(1,:),negexp(X(2,:))),exp(times(X(2,:),[7.7121]))))))),[48.5103]))"
2,2,68,"square(times(minus([2.4709],X(2,:)),plus(times(plus(times([75.2732],tanh(times([49.0549],tanh(X(1,:))))),plus(plus(times(X(2,:),tanh(X(1,:))),times([99.1906],tanh(X(1,:)))),X(1,:))),tanh(X(1,:))),X(1,:))))"
2,2,69,"minus(exp(minus(tanh([-40.4222]),X(1,:))),plus(times(minus(tanh(times(plus(minus(X(1,:),plus(X(1,:),X(2,:))),minus(tanh([-40.4222]),X(1,:))),X(2,:))),plus(X(1,:),tanh(X(2,:)))),X(2,:)),minus(tanh(times(minus(minus(tanh(tanh(X(2,:))),plus(X(1,:),plus(X(1,:),X(2,:)))),X(2,:)),X(2,:))),minus(plus(X(1,:),tanh(minus(tanh([-14.1011]),minus(X(1,:),plus(X(1,:),X(2,:)))))),plus(times(minus(tanh([-14.0891]),X(1,:)),X(2,:)),minus(plus(X(1,:),[-40.4222]),plus(X(1,:),X(2,:))))))))"
2,2,70,"times(times(sin(tanh(tanh(times([48.0791],tanh(tanh(times([47.9757],X(2,:)))))))),times(X(2,:),X(2,:))),minus(minus(minus(times(times(X(2,:),square(sin(sin(X(2,:))))),times(X(2,:),square(times(X(2,:),times(X(2,:),[-7.4312]))))),X(2,:)),times(sin(tanh(times(sin(tanh(X(2,:))),times(X(2,:),X(2,:))))),times(X(2,:),X(2,:)))),[-7.9287]))"
2,2,71,"square(times(square(times(cos(square(tanh(plus(times(X(1,:),X(1,:)),times(X(2,:),X(2,:)))))),plus(X(2,:),plus(X(1,:),X(1,:))))),square(tanh(times(X(2,:),X(1,:))))))"
2,2,72,"times(times(tanh(square(square(X(2,:)))),plus(plus(X(1,:),times(tanh(plus(X(1,:),square(X(2,:)))),times(tanh(square(X(2,:))),plus(plus(X(1,:),plus(X(1,:),X(1,:))),X(1,:))))),times(tanh(plus(X(2,:),square(plus(X(1,:),plus(X(1,:),X(1,:)))))),plus(X(1,:),X(1,:))))),times(times(times(square(times(X(2,:),times(square(X(2,:)),tanh(square(X(2,:)))))),X(2,:)),times(plus(plus(X(1,:),[-11.3887]),sin(exp(plus(X(2,:),square(X(2,:)))))),times(tanh(square(X(2,:))),plus(plus(X(1,:),plus(X(1,:),X(1,:))),X(1,:))))),square(times(plus(plus(X(1,:),[-11.5338]),sin(exp(square(X(2,:))))),times(times(times(square(X(2,:)),tanh(square(X(2,:)))),tanh(square(X(2,:)))),tanh(exp(X(1,:))))))))"
2,2,73,"times(negexp(minus(cos(square(X(2,:))),square(X(2,:)))),plus(sin(X(2,:)),plus(sin(plus(sin(X(1,:)),plus(sin(sin(X(2,:))),exp(X(1,:))))),plus(sin(X(2,:)),plus(sin(plus(sin(X(1,:)),plus(sin(X(2,:)),exp(X(1,:))))),exp(X(2,:)))))))"
2,2,74,"exp(times(plus(times(X(1,:),cos(negexp(times(X(1,:),cos([-26.4685]))))),plus([-25.8472],plus(cos(square(cos(X(2,:)))),plus([-25.8417],X(2,:))))),tanh(plus(times(X(1,:),[-26.4685]),plus(plus(plus(plus([-26.1261],X(2,:)),X(2,:)),X(2,:)),X(2,:))))))"
2,2,75,"exp(minus(exp(exp(cos(square(tanh(times(tanh(X(2,:)),exp(X(2,:)))))))),exp(plus(tanh(X(2,:)),exp(tanh(cos(times(times(X(2,:),[-94.9181]),square(X(2,:))))))))))"
2,2,76,"times(minus(plus(square(times(minus(square(X(1,:)),X(1,:)),X(1,:))),plus(square(times([-34.8176],X(1,:))),minus(minus([71.8494],square(X(1,:))),times(minus(square(times(X(2,:),X(2,:))),X(2,:)),square(X(1,:)))))),X(1,:)),plus(times(minus(square(X(1,:)),X(1,:)),X(1,:)),plus(X(1,:),plus(X(1,:),square(times(X(2,:),X(2,:)))))))"
2,2,77,"plus(times(negexp(minus(exp(cos(tanh(minus(X(1,:),X(2,:))))),minus([87.2275],[68.8323]))),times(sin(negexp(cos(minus(X(1,:),X(2,:))))),cos(sin(minus(X(1,:),X(2,:)))))),exp(plus(exp(exp(cos(tanh(X(2,:))))),cos(times(sin(negexp(cos(minus(X(1,:),X(2,:))))),cos(sin(cos(tanh(X(1,:))))))))))"
2,2,78,"square(minus(times(cos(sin(X(1,:))),plus(minus(negexp(tanh(tanh(exp(X(1,:))))),[12.4804]),times(exp(X(1,:)),X(2,:)))),minus(minus(tanh(negexp(X(1,:))),square(X(1,:))),times(tanh(exp(X(1,:))),minus(tanh([-93.6490]),X(2,:))))))"
2,2,79,"negexp(minus(negexp(negexp(minus(negexp(exp(tanh(tanh([-20.2053])))),exp(minus(X(2,:),X(1,:)))))),exp(cos(minus(X(2,:),X(1,:))))))"
2,2,80,"times(plus([88.9359],tanh(sin(cos(times(sin(X(2,:)),plus(cos(tanh(X(1,:))),minus(exp(X(2,:)),minus(X(2,:),[34.1351])))))))),times(minus(minus(times(plus(cos(negexp(minus(X(1,:),X(2,:)))),plus(X(1,:),minus([47.7970],X(2,:)))),sin(minus([47.5610],X(2,:)))),square(cos(cos(tanh(times(X(1,:),X(1,:))))))),times(X(2,:),exp(X(1,:)))),square(plus(sin(X(2,:)),plus(plus(sin(X(2,:)),plus(plus([88.8940],tanh([47.5922])),tanh([47.5610]))),tanh(exp(X(1,:))))))))"
2,2,81,"times(square(plus(square(plus(plus(times(sin(X(2,:)),tanh(X(1,:))),X(2,:)),plus([77.4083],times(cos(cos(X(2,:))),X(2,:))))),plus(negexp(X(1,:)),plus(plus(plus(plus(negexp(X(1,:)),negexp(X(1,:))),times(square(X(1,:)),X(2,:))),plus(plus(negexp(X(1,:)),negexp(X(1,:))),times(X(2,:),X(1,:)))),plus([77.4702],times(cos(cos([77.4020])),X(2,:))))))),minus(times(sin(X(2,:)),tanh(X(1,:))),tanh(times(cos(cos(times(square(X(1,:)),X(2,:)))),minus(times(sin(X(2,:)),tanh(plus(X(1,:),tanh(X(1,:))))),tanh(times(cos(cos([31.3859])),X(2,:))))))))"
2,2,82,"exp(times(minus(minus([52.2459],plus([-25.6383],X(1,:))),tanh(tanh(exp(times(sin(X(1,:)),minus(sin(X(1,:)),plus([-25.6383],X(1,:)))))))),times(tanh(X(2,:)),tanh(square(square(plus(cos(minus([-83.9122],X(2,:))),tanh(X(2,:)))))))))"
2,2,83,"plus(times(sin(times(sin(minus(X(1,:),tanh(tanh(minus(X(2,:),[-65.5088]))))),times(X(1,:),minus(exp(exp(X(1,:))),cos(cos(tanh(X(2,:)))))))),times(X(1,:),exp(X(1,:)))),minus(exp(times(sin(minus(X(1,:),tanh(X(1,:)))),times(X(1,:),minus(exp(X(1,:)),cos(cos(tanh(X(2,:)))))))),minus(plus(X(1,:),negexp(X(1,:))),square(plus([-44.8693],X(1,:))))))"
2,2,84,"times(minus(times(times(times(square(plus(X(2,:),X(2,:))),X(2,:)),X(2,:)),X(2,:)),times(plus(times(times(times(square(negexp(X(1,:))),X(2,:)),X(2,:)),X(2,:)),plus(times(plus(X(2,:),plus(X(2,:),[73.7672])),X(2,:)),square(plus(X(2,:),[73.7672])))),tanh(tanh(tanh(cos([73.7647])))))),square([64.8143]))"
2,2,85,"tanh(minus(tanh(times(times(times(X(2,:),square(sin(sin(X(2,:))))),square(times(X(2,:),square(tanh(X(1,:)))))),square(sin(square(square(times(X(2,:),[57.7731]))))))),plus(exp(tanh(cos(square(square(tanh(X(1,:))))))),sin(tanh(cos(X(2,:)))))))"
2,2,86,"times(exp(exp(cos(exp(minus(minus(tanh(X(1,:)),square(X(2,:))),square(sin(X(2,:)))))))),times(exp(cos(exp(tanh(X(1,:))))),square(square(square(minus(X(1,:),square(X(2,:))))))))"
2,2,87,"times(plus(minus(plus(plus(square([27.3179]),times(square(negexp([4.3262])),negexp(minus(square(X(1,:)),X(2,:))))),times(minus(square(times(minus(X(2,:),X(1,:)),minus(X(1,:),X(2,:)))),times(square(minus(X(2,:),X(1,:))),minus(X(1,:),[-1.7210]))),square(times(minus(X(2,:),X(1,:)),minus(X(1,:),X(2,:)))))),X(2,:)),X(2,:)),cos(times(X(1,:),times(square(negexp(minus(X(1,:),[-1.8657]))),cos(plus(square(X(2,:)),square([25.9498])))))))"
2,2,88,"minus(square(square(minus(tanh(plus(negexp(X(2,:)),plus(negexp(X(2,:)),negexp(tanh([55.3297]))))),plus(X(2,:),X(1,:))))),sin(square(square(minus(tanh(plus(square(square(X(1,:))),minus(negexp(X(2,:)),plus(X(2,:),X(2,:))))),plus(X(2,:),X(1,:)))))))"
2,2,89,"times(negexp(X(1,:)),plus(times(X(1,:),sin(sin(X(1,:)))),times(square(minus(sin(plus(X(2,:),X(2,:))),minus(times(X(1,:),tanh(X(2,:))),plus(X(2,:),X(2,:))))),square(minus(minus(times(X(1,:),tanh(X(2,:))),plus(X(2,:),X(2,:))),times(sin(plus(square([-77.0510]),X(2,:))),sin(X(1,:))))))))"
2,2,90,"times(times(plus(times(X(1,:),square([-83.2168])),plus(X(2,:),times(X(2,:),X(1,:)))),[55.8841]),[36.4010])"
2,2,91,"times(times(square(square(minus(X(2,:),minus(X(1,:),tanh(X(2,:)))))),plus(X(2,:),plus(X(1,:),X(1,:)))),minus(cos(negexp(square(minus(X(1,:),tanh(X(2,:)))))),square(X(2,:))))"
2,2,92,"plus(plus(times([-75.0260],X(1,:)),plus(times(X(1,:),plus(times(X(2,:),X(2,:)),plus(times(X(2,:),X(2,:)),exp(X(2,:))))),plus(times([-75.0202],X(1,:)),plus(plus(times(X(2,:),plus(square(X(1,:)),exp(X(2,:)))),plus(plus(square(X(1,:)),X(2,:)),exp(X(1,:)))),plus(exp(X(1,:)),plus(plus(square(X(1,:)),X(2,:)),exp(X(1,:)))))))),plus(times(X(2,:),plus(square(X(1,:)),exp(X(2,:)))),plus(plus(square(X(1,:)),exp(X(2,:))),exp(X(2,:)))))"
2,2,93,"minus(minus(minus(tanh(X(1,:)),times(negexp(plus(times(exp(times([5.1281],X(2,:))),[16.8654]),[-35.1826])),times(X(1,:),X(2,:)))),minus(minus(X(1,:),[66.7031]),negexp(times(minus(minus(exp(times([5.1281],X(2,:))),negexp(times(X(2,:),X(2,:)))),negexp(times(X(2,:),X(2,:)))),[16.8654])))),times(negexp(times(minus(minus(exp(times([5.2582],X(2,:))),negexp(times(X(2,:),X(2,:)))),negexp(times(X(2,:),X(2,:)))),X(2,:))),minus(times(minus(exp(times([5.1281],X(1,:))),negexp(times(X(1,:),X(1,:)))),negexp(times([-35.1359],X(2,:)))),times(negexp(plus(times(negexp(times(X(1,:),X(2,:))),[16.8528]),[-35.1359])),[17.0664]))))"
2,2,94,"square(times(minus([-49.4155],minus(exp(minus(negexp(exp(plus(X(2,:),X(1,:)))),square(plus(X(1,:),X(1,:))))),cos(sin(minus(negexp(exp(X(1,:))),[-48.9212]))))),times(minus([-48.8308],[-69.3538]),minus(exp(minus(negexp(exp(X(2,:))),square(plus([1.9204],X(1,:))))),cos(sin(minus(negexp(exp(X(2,:))),square(X(1,:)))))))))"
2,2,95,"plus(plus(times(times(X(2,:),[-61.2066]),square([-95.3682])),plus(plus(exp(square(X(2,:))),plus(exp(times(X(2,:),X(2,:))),times(exp(square(X(1,:))),times(X(2,:),[-61.2066])))),plus(exp(square(X(1,:))),times(exp(square(X(1,:))),times(cos(X(2,:)),[-61.2986]))))),plus(plus(exp(square(X(2,:))),exp(square(X(1,:)))),plus(minus(times(square(plus([-88.0703],X(2,:))),square(negexp(X(2,:)))),times([-88.0703],X(2,:))),negexp(plus([-12.6431],X(2,:))))))"
2,2,96,"times(times(exp(times(X(1,:),X(2,:))),plus(X(2,:),square(X(2,:)))),times(times(tanh(cos(cos(plus(X(2,:),X(2,:))))),cos(sin(sin(square(X(1,:)))))),plus(X(2,:),minus(tanh(plus(X(2,:),minus(tanh(tanh([-2.3918])),sin(negexp(X(1,:)))))),sin(negexp(X(2,:)))))))"
2,2,97,"times(times(times([-77.3298],times(times(tanh(square(square(times([-77.6075],X(1,:))))),times(square(tanh(square(X(2,:)))),X(1,:))),[92.5198])),X(2,:)),square(times(times(times(tanh(square(square(times(X(1,:),X(1,:))))),X(1,:)),times(tanh(square(square(times(X(1,:),X(1,:))))),X(1,:))),square(times(X(1,:),plus(X(1,:),X(1,:)))))))"
2,2,98,"times([13.2019],plus(times([56.7464],plus(times(negexp(X(2,:)),cos(X(1,:))),plus(plus(times(minus(X(1,:),[84.3449]),tanh(X(1,:))),plus(minus(X(2,:),[84.3449]),X(1,:))),X(2,:)))),plus(plus(plus(times(times(minus(X(1,:),[84.3823]),tanh(X(1,:))),cos(X(1,:))),plus(plus(times(minus(X(1,:),[84.3386]),tanh(X(1,:))),plus(X(2,:),plus([34.7928],X(1,:)))),X(2,:))),plus(minus(plus(tanh(negexp(X(2,:))),square(X(1,:))),negexp(minus(X(1,:),X(2,:)))),plus(times(minus(X(1,:),[84.3449]),tanh(X(1,:))),X(2,:)))),X(2,:))))"
2,2,99,"minus(square(times(exp(plus(X(1,:),tanh(tanh(minus(X(1,:),negexp(X(2,:))))))),[43.6824])),times(negexp(tanh(plus(plus(X(1,:),tanh(times(sin(X(2,:)),sin([75.8357])))),tanh(minus(negexp(X(2,:)),X(1,:)))))),square(times(exp(plus(X(1,:),tanh(minus(negexp(X(2,:)),X(1,:))))),[43.7724]))))"
2,2,100,"times(times(times(tanh(X(2,:)),cos(square(exp(X(2,:))))),negexp(negexp(cos(times(exp(negexp(cos([-0.7218]))),times(tanh(X(2,:)),cos(tanh(X(2,:))))))))),cos(tanh(X(2,:))))"
2,2,101,"square(times(tanh(tanh(times(times(tanh(tanh(X(1,:))),X(2,:)),times(times(X(1,:),plus(X(1,:),X(2,:))),times(X(1,:),times(tanh(X(1,:)),plus(X(1,:),X(2,:)))))))),plus(times(times(square(X(2,:)),[-42.6725]),times(tanh(tanh(cos([-42.6725]))),X(1,:))),sin(sin(times(tanh(tanh(cos([-42.7314]))),[-42.5806]))))))"
2,2,102,"minus(cos(minus(square(cos(cos(X(1,:)))),square(X(2,:)))),times(plus(X(2,:),X(1,:)),minus(square(minus(cos(plus(X(2,:),X(1,:))),plus(cos([89.4270]),times([21.8385],cos(plus(X(2,:),X(1,:))))))),minus(exp(sin(X(1,:))),cos(square(times([22.5080],cos(plus(X(2,:),X(1,:))))))))))"
2,2,103,"times(square(minus(X(2,:),X(1,:))),plus(times(square(minus(minus(X(2,:),X(1,:)),square(square(cos(X(1,:)))))),plus(exp(X(2,:)),times(minus(cos([-48.9354]),X(1,:)),times(square(times(square(X(1,:)),cos(X(2,:)))),cos(X(2,:)))))),[-72.4738]))"
2,2,104,"exp(minus(minus(minus(square(negexp(exp(X(1,:)))),negexp(negexp(times(tanh(X(2,:)),sin(negexp(X(2,:))))))),cos(cos(X(2,:)))),exp(minus(tanh(exp(tanh(X(2,:)))),cos(square(cos(square(X(1,:)))))))))"
2,2,105,"times(square(plus(cos(tanh(negexp(plus(sin(X(2,:)),plus(X(1,:),X(1,:)))))),cos(times(times(times(times(cos(X(2,:)),sin(X(1,:))),sin(sin(X(1,:)))),times(times(cos(X(2,:)),sin(X(1,:))),sin([-96.7480]))),sin(square(square(square([-96.6374])))))))),square(square([-96.8179])))"
2,2,106,"square(times(plus(plus(plus(plus(X(2,:),plus(X(2,:),X(1,:))),tanh(square(plus(X(2,:),X(1,:))))),tanh(square(square(plus(X(2,:),X(1,:)))))),X(1,:)),tanh(times(plus(plus(plus(X(2,:),plus(X(2,:),X(1,:))),tanh(square(plus(X(2,:),X(1,:))))),X(1,:)),times(plus(plus(plus(X(2,:),plus(X(2,:),X(1,:))),plus(X(2,:),X(1,:))),X(1,:)),square(square(plus(X(2,:),X(1,:)))))))))"
2,2,107,"minus(square(times([-23.4834],times(X(1,:),plus(square(X(2,:)),minus(minus(X(1,:),square(cos(X(1,:)))),sin(sin(exp(X(1,:))))))))),times([-23.3614],times(X(1,:),plus(square([-52.3934]),minus(times(plus(square(exp(X(1,:))),times(times(X(2,:),X(1,:)),square(X(1,:)))),sin(times(times(X(2,:),X(1,:)),square(X(1,:))))),minus(plus(plus(cos(X(1,:)),X(2,:)),plus(cos(X(1,:)),X(2,:))),square(square(X(1,:)))))))))"
2,2,108,"square(square(minus(minus(times(X(2,:),[24.7368]),X(2,:)),minus(cos(plus(minus([24.7878],plus(square(X(1,:)),X(2,:))),minus(times(X(2,:),[24.8356]),X(2,:)))),plus(minus([-24.4176],plus(square(X(1,:)),X(2,:))),[-24.3708])))))"
2,2,109,"times(minus(times(square(times(minus(X(1,:),negexp(cos([65.5126]))),X(2,:))),times([68.0604],exp(cos(exp(sin(X(1,:))))))),times(times(square(X(1,:)),negexp(X(1,:))),[-32.8167])),times(times(times([68.0604],cos(exp(negexp(times(square(X(1,:)),[68.0604]))))),cos(cos(cos(minus(X(1,:),negexp(cos([65.6253]))))))),exp(exp(negexp(times(square(X(1,:)),[68.0604]))))))"
2,2,110,"times(times(square(times(tanh(tanh(minus(minus(tanh(X(1,:)),minus(X(1,:),X(2,:))),sin(minus(X(1,:),[-90.8249]))))),times(tanh(minus(minus(tanh(X(1,:)),minus(X(1,:),X(2,:))),sin(minus(X(1,:),[-90.8036])))),times(tanh(minus(X(1,:),X(2,:))),times(tanh(minus(X(1,:),X(2,:))),[-90.8249]))))),times(tanh(cos(negexp(cos(minus(tanh(X(1,:)),X(1,:)))))),[-90.8386])),minus(X(1,:),X(2,:)))"
2,2,111,"times([-93.5077],plus(cos(plus(cos(plus(cos([-92.3721]),plus(X(2,:),plus(X(1,:),X(1,:))))),plus(X(2,:),plus(X(1,:),X(1,:))))),plus(cos(cos(plus(cos([-92.2973]),plus(X(2,:),plus(X(1,:),X(1,:)))))),plus(X(2,:),plus(X(1,:),X(1,:))))))"
2,2,112,"plus(plus(times(tanh(cos(exp(plus(X(2,:),plus(X(2,:),exp(X(1,:))))))),times(negexp(X(1,:)),times(X(2,:),X(1,:)))),times([54.5666],X(1,:))),plus(plus(tanh(cos(minus(X(2,:),plus(X(2,:),plus(X(2,:),exp(X(1,:))))))),times([54.7155],X(1,:))),times(tanh(sin(negexp(minus(X(2,:),X(1,:))))),times(negexp(X(2,:)),times(X(2,:),X(1,:))))))"
2,2,113,"times(times(square(square(square(cos(times(square([-69.2153]),cos(X(1,:))))))),cos(X(1,:))),plus(plus(times(minus(plus(X(2,:),plus(X(1,:),X(1,:))),times(X(2,:),times(X(2,:),X(2,:)))),square(exp(X(1,:)))),plus(plus(plus(plus(times(X(1,:),[-61.9692]),X(1,:)),X(1,:)),times(times(square([-61.9524]),cos(X(1,:))),plus(square(X(2,:)),[-61.9959]))),times(times(X(2,:),[-49.0783]),X(1,:)))),times(times(square(plus(plus(times(X(1,:),[-61.9959]),X(1,:)),times(times(square([-61.9314]),cos(X(1,:))),plus(square(X(2,:)),[-61.9959])))),cos(X(1,:))),plus(plus(X(1,:),X(1,:)),plus(times(X(1,:),cos([-61.9524])),times(X(2,:),X(2,:)))))))"
2,2,114,"times(times(cos(plus(X(1,:),times(square(square(plus(tanh(X(2,:)),times(X(2,:),X(1,:))))),sin(X(2,:))))),negexp(tanh(X(2,:)))),times(plus(plus(plus(tanh(times(X(2,:),[-6.4071])),times(X(2,:),times(tanh(X(1,:)),exp(X(1,:))))),times(plus(plus(X(1,:),X(2,:)),times(tanh(X(1,:)),exp(X(1,:)))),minus(minus(X(1,:),[44.9909]),times(X(2,:),[-6.5697])))),times(plus(plus(plus(plus(X(1,:),X(2,:)),times(tanh(X(1,:)),exp(X(1,:)))),X(2,:)),times(tanh(X(1,:)),plus(plus(X(1,:),X(2,:)),times(tanh(X(1,:)),exp(X(1,:)))))),minus(minus(X(1,:),minus([37.4070],plus(X(1,:),X(1,:)))),times(X(2,:),[-6.5697])))),sin(plus(minus(minus(minus([37.3906],X(1,:)),negexp(X(1,:))),X(2,:)),times(X(1,:),[-4.6914])))))"
2,2,115,"square(plus(minus(tanh(times(negexp(cos(plus(plus(X(1,:),[84.0330]),tanh([36.4927])))),minus(times(tanh(X(1,:)),sin([84.0330])),square(negexp(X(1,:)))))),negexp(sin(plus(times(tanh([95.0599]),times(plus([36.4927],X(1,:)),exp(X(1,:)))),times([95.0677],X(1,:)))))),minus(tanh(times(exp(X(1,:)),X(1,:))),negexp(sin(plus(X(1,:),exp(sin([97.4203]))))))))"
2,2,116,"times([-62.3669],times([-62.3669],sin(plus(cos(square(times(negexp(X(2,:)),sin(square(X(2,:)))))),sin(sin(sin(times(square(X(2,:)),[-62.0786]))))))))"
2,2,117,"negexp(plus(times(times([-13.1796],tanh(negexp(plus(times([-11.5726],tanh(X(2,:))),minus(square(X(2,:)),X(2,:)))))),tanh(negexp(plus([-11.6974],minus(square(X(2,:)),X(2,:)))))),minus(times([-11.4776],tanh(times(X(2,:),square(square(square(X(2,:))))))),square(X(2,:)))))"
2,2,118,"minus(negexp(minus(square(square(minus(square(minus(exp(X(2,:)),X(1,:))),X(1,:)))),exp(sin(minus(square(minus(X(2,:),X(1,:))),negexp(square(negexp(X(1,:))))))))),square(exp(sin(minus(square(minus(X(2,:),X(1,:))),square(cos(times(minus(X(2,:),X(1,:)),[26.7646]))))))))"
2,2,119,"square(minus(times(plus(X(1,:),minus(times([17.6190],exp(tanh([85.8615]))),plus(exp(sin(X(1,:))),plus(plus(negexp(X(2,:)),sin(X(2,:))),sin(sin(X(1,:))))))),[-26.7918]),times([17.4590],times(plus(sin(plus(sin(sin(X(1,:))),X(2,:))),X(2,:)),[-26.7804]))))"
2,2,120,"plus(plus(plus(plus(square(X(2,:)),plus(plus(square(X(2,:)),X(1,:)),exp(X(1,:)))),plus(sin(exp(plus(X(1,:),X(1,:)))),exp(X(1,:)))),square(square(times(sin(square(plus(square(X(2,:)),exp(X(2,:))))),negexp(negexp(X(2,:))))))),plus(minus(sin(X(1,:)),negexp(plus(X(1,:),plus(square(square(X(2,:))),X(2,:))))),plus(minus(sin(X(1,:)),negexp(plus(plus(square(X(2,:)),X(1,:)),exp(plus(X(2,:),X(1,:)))))),plus(minus(sin(X(1,:)),negexp(plus(plus(square(X(2,:)),X(1,:)),exp(X(1,:))))),plus(plus(plus(square(X(2,:)),plus(square(X(2,:)),exp(X(1,:)))),exp(X(1,:))),X(1,:))))))"
2,2,121,"exp(times(exp(tanh(minus(X(2,:),times(plus(X(1,:),times(cos(X(1,:)),sin([-72.0947]))),sin(plus(negexp(X(1,:)),tanh(X(1,:)))))))),negexp(tanh(exp(times(minus(sin(exp(X(2,:))),square(times([-72.1192],X(2,:)))),X(2,:)))))))"
2,2,122,"exp(plus(exp(exp(cos(times(negexp(X(2,:)),negexp(plus(X(2,:),square(X(1,:)))))))),tanh(times(plus(plus(plus(X(1,:),plus(X(1,:),X(2,:))),plus(plus(X(1,:),X(2,:)),plus(X(1,:),X(2,:)))),X(2,:)),negexp(plus(X(2,:),X(2,:)))))))"
2,2,123,"tanh(negexp(plus(negexp(cos(minus(minus(tanh(X(1,:)),times(X(1,:),X(2,:))),minus(minus(X(2,:),X(1,:)),cos([41.4918]))))),tanh(minus(minus(X(2,:),tanh(minus(minus([-13.8809],X(2,:)),minus(X(2,:),X(1,:))))),tanh(X(1,:)))))))"
2,2,124,"square(square(plus(times(square(square(minus(negexp(cos(X(2,:))),minus(negexp([38.4516]),X(2,:))))),minus(negexp(X(2,:)),square(minus(X(1,:),X(2,:))))),times(square(square(minus(negexp(cos(X(2,:))),minus(negexp([38.5070]),X(2,:))))),minus(X(1,:),square(minus(X(1,:),minus(cos([65.2705]),X(2,:)))))))))"
2,2,125,"square(times(plus(cos(sin(X(1,:))),tanh(plus(X(1,:),plus(sin(sin(times(X(1,:),X(1,:)))),tanh(plus(X(1,:),sin(X(2,:)))))))),square(times(plus(cos(sin(cos(tanh(X(2,:))))),tanh(times(plus(times(X(1,:),X(1,:)),X(1,:)),cos(sin(X(1,:)))))),[95.0411]))))"
2,2,126,"plus(square(plus(X(1,:),exp(sin(plus(X(2,:),X(2,:)))))),plus(plus(plus(X(1,:),exp(sin(square(exp(square(X(2,:))))))),sin(sin(square(exp(negexp(X(1,:))))))),plus(square(plus(X(1,:),exp(sin(plus(X(2,:),X(2,:)))))),plus(X(1,:),exp(tanh(X(1,:)))))))"
2,2,127,"times(times(times(plus(exp(X(2,:)),sin(times(plus(exp(minus([-97.5956],[39.7507])),sin(X(1,:))),sin(tanh(X(1,:)))))),tanh(plus(sin(X(1,:)),plus(sin(X(1,:)),X(1,:))))),times(plus(times(plus(plus(plus(exp(X(2,:)),sin(X(1,:))),sin(X(1,:))),sin(X(1,:))),sin([39.7507])),times(times(plus(exp(X(2,:)),sin(X(1,:))),X(1,:)),times(square(sin(tanh(X(2,:)))),plus(plus(minus(X(2,:),[39.7507]),X(2,:)),X(2,:))))),plus(minus(plus(minus([-97.6501],[39.7507]),sin(plus(minus(X(2,:),[39.7507]),X(2,:)))),[39.7507]),exp(X(2,:))))),times(square(exp(X(2,:))),minus(tanh(plus([39.7507],times(square([99.1507]),negexp(minus([-97.6501],tanh(X(1,:))))))),sin(plus(sin(X(2,:)),plus(minus([40.5469],X(2,:)),tanh(tanh([-97.6501]))))))))"
2,2,128,"tanh(minus(tanh(times(cos([45.9223]),minus(square(square(square(sin(X(1,:))))),times(X(2,:),times(times(X(1,:),X(1,:)),minus(sin(X(1,:)),times(X(2,:),X(1,:)))))))),cos(times(tanh(square(minus(X(2,:),minus(tanh(X(1,:)),times(X(2,:),X(1,:)))))),times(tanh(square(square(tanh(X(1,:))))),times(cos(negexp(X(1,:))),square(square(tanh(X(1,:))))))))))"
2,2,129,"times(plus(times(cos(times(sin(sin([-13.7971])),X(2,:))),X(1,:)),plus(minus(minus(X(2,:),times(exp(X(2,:)),X(1,:))),X(1,:)),times(minus(X(2,:),times(exp(X(2,:)),X(1,:))),minus(negexp(X(2,:)),X(1,:))))),[65.2671])"
2,2,130,"square(times(minus(plus(minus(plus(plus([1.0982],X(2,:)),[1.0982]),X(2,:)),plus(minus(plus(plus([1.0982],plus([1.2028],X(2,:))),X(1,:)),X(2,:)),X(1,:))),X(2,:)),square(minus(plus(minus(plus(plus([1.0982],X(2,:)),X(1,:)),X(2,:)),minus(plus(plus([1.0982],X(2,:)),X(1,:)),X(2,:))),X(2,:)))))"
2,2,131,"minus(square(plus(plus(negexp(X(2,:)),negexp(X(2,:))),plus(times(X(1,:),negexp(X(2,:))),plus(square(X(1,:)),[-89.9145])))),plus(square(times(plus(square(X(1,:)),[-25.9319]),times(X(2,:),plus(square(X(1,:)),plus(square(X(1,:)),plus(square(X(1,:)),[-90.0053])))))),times(minus(times(times(negexp(X(1,:)),times(X(1,:),[-26.1486])),plus(times(X(1,:),negexp(X(2,:))),X(1,:))),plus(square(times(plus(square(X(1,:)),[-26.1486]),times(X(1,:),[-90.1389]))),times(plus(square(X(1,:)),[-89.9145]),times(plus(negexp(X(2,:)),X(1,:)),times([-26.1486],plus(X(1,:),[-25.9535])))))),X(1,:))))"
2,2,132,"plus(plus(negexp(plus(plus(square(exp(X(1,:))),X(1,:)),cos(minus([-18.7703],X(2,:))))),times(minus(plus(negexp(plus(exp(X(1,:)),[-18.9482])),plus(negexp(plus(exp(X(1,:)),[-18.3869])),plus(X(1,:),X(1,:)))),negexp(minus([-18.7703],X(2,:)))),negexp(minus(exp(X(2,:)),tanh(tanh(tanh(tanh(X(1,:))))))))),times(minus(plus(negexp(plus(exp(X(1,:)),[-18.9482])),plus(negexp(plus(exp(X(1,:)),[-18.3603])),X(1,:))),negexp(minus([-18.7703],X(2,:)))),negexp(minus(exp(X(2,:)),tanh(tanh(tanh(tanh(X(1,:)))))))))"
2,2,133,"plus(times(minus(times(X(2,:),X(1,:)),times(cos(cos(minus(tanh(X(1,:)),cos(X(1,:))))),exp(minus(minus(minus(X(2,:),X(2,:)),X(1,:)),X(1,:))))),times(X(2,:),X(1,:))),exp(times(plus(X(1,:),minus(X(2,:),minus(minus(X(2,:),X(2,:)),cos(minus(X(2,:),X(2,:)))))),minus(minus(minus(X(2,:),X(2,:)),cos(minus(tanh(tanh(X(2,:))),cos(X(1,:))))),X(1,:)))))"
2,2,134,"times(minus(square(times(tanh(square(square(square(tanh(X(1,:)))))),X(1,:))),square(times(exp(exp(sin(times(tanh(X(1,:)),tanh(X(1,:)))))),X(2,:)))),times(times(minus(cos(X(1,:)),exp(sin(sin(times(tanh(X(1,:)),X(1,:)))))),times(times(tanh(X(1,:)),square([35.5728])),exp(exp(sin(times(tanh(X(1,:)),tanh(X(1,:)))))))),times(tanh(times(X(1,:),square(square(square(tanh(X(1,:))))))),square(square(times(tanh(times(square(X(1,:)),square(X(1,:)))),square(X(1,:))))))))"
2,2,135,"plus(square(times(times(sin(exp(plus(cos(X(2,:)),plus(X(2,:),X(1,:))))),times([-88.8976],minus(square(cos(negexp(X(1,:)))),tanh(minus(sin([-88.9484]),plus(X(2,:),X(1,:))))))),plus(plus(times([-89.2746],X(2,:)),negexp(exp([-20.2930]))),X(2,:)))),plus(square(times(sin(sin(exp(plus(cos(X(2,:)),plus(X(1,:),X(2,:)))))),times(plus(X(1,:),plus(plus(times([-89.5154],X(2,:)),cos(X(2,:))),X(1,:))),X(2,:)))),times([-89.1922],exp(plus(cos(negexp(X(1,:))),plus(cos(negexp([-89.2912])),X(1,:)))))))"
2,2,136,"square(times(times(tanh(square(times(times(X(1,:),negexp(plus(X(2,:),X(1,:)))),X(2,:)))),times(times(X(2,:),plus([-58.3330],plus(plus(X(2,:),X(1,:)),X(1,:)))),times([-59.0398],square(square(tanh(X(1,:))))))),tanh(square(times(square(X(1,:)),square(times(X(1,:),times(times(X(2,:),X(1,:)),[-27.1346]))))))))"
2,2,137,"times(tanh(cos(negexp(minus(X(2,:),X(1,:))))),minus(square(times(square(times(tanh(cos(minus(X(2,:),X(1,:)))),[-26.4577])),times(tanh(cos(tanh(minus(X(2,:),X(1,:))))),[-44.0615]))),square(times(square(times(tanh(cos(minus(X(2,:),X(1,:)))),[-44.0542])),times(tanh(cos(negexp(minus(X(2,:),X(1,:))))),[-26.2508])))))"
2,2,138,"times(plus(times([76.8279],X(2,:)),[77.4368]),minus(minus(exp(minus(tanh(negexp(sin(X(2,:)))),sin(X(2,:)))),plus([-5.7104],plus(plus(plus(sin(X(2,:)),sin(X(1,:))),sin(X(1,:))),X(1,:)))),plus(plus(plus([-5.6833],plus(plus(plus(sin(X(1,:)),plus(X(2,:),X(1,:))),plus(X(2,:),X(1,:))),X(1,:))),X(1,:)),plus(plus(plus(plus(sin(X(1,:)),X(2,:)),sin(X(1,:))),sin(X(1,:))),X(1,:)))))"
2,2,139,"square(plus(times(X(2,:),minus(exp(plus(X(1,:),exp(negexp(negexp(X(1,:)))))),X(2,:))),sin(sin(plus(plus(square([39.7510]),sin(square(X(2,:)))),plus(X(1,:),exp(negexp(negexp(X(1,:))))))))))"
2,2,140,"square(times(plus(times([-88.5374],sin(times([75.2861],sin(exp(times(X(2,:),X(1,:))))))),square(minus(plus(minus(minus(tanh(X(1,:)),plus(X(2,:),X(1,:))),X(1,:)),plus(minus(tanh([-88.5111]),plus(X(2,:),X(1,:))),tanh(tanh([-20.9017])))),sin(times(plus(X(2,:),X(1,:)),exp(X(1,:))))))),times([-90.1211],sin(exp(times(X(2,:),X(1,:)))))))"
2,2,141,"plus(square(plus(X(2,:),X(1,:))),times(minus(X(2,:),minus(square(plus(X(2,:),X(1,:))),times(X(1,:),sin(plus(square(X(2,:)),[6.6482]))))),minus(cos(exp(times(plus(minus([6.8490],[84.7349]),sin(X(2,:))),X(2,:)))),cos(tanh(X(1,:))))))"
2,2,142,"plus(square(minus([-36.4794],times(times(X(2,:),sin(sin(square(negexp(X(2,:)))))),times(square(minus(X(1,:),X(2,:))),X(1,:))))),minus(exp(plus(sin(plus(negexp(exp(plus(X(1,:),X(2,:)))),minus(tanh(square(X(2,:))),times(minus(X(1,:),X(1,:)),plus(X(1,:),X(2,:)))))),exp(square(negexp(square(sin(X(1,:)))))))),times(minus(X(1,:),X(2,:)),square(times([-36.4763],square(cos(times(exp(X(1,:)),[-31.1258]))))))))"
2,2,143,"times(minus(X(1,:),X(2,:)),minus(minus(minus(minus(minus(negexp(X(2,:)),negexp(sin(minus(X(2,:),X(1,:))))),minus(X(2,:),X(1,:))),negexp(sin(sin([-10.2870])))),minus(X(2,:),X(1,:))),minus(X(2,:),X(1,:))))"
2,2,144,"times(square(minus(times(X(2,:),minus([-57.0531],tanh(cos(times(cos([93.4820]),X(1,:)))))),minus(plus(cos(times(negexp([-73.9235]),sin(X(1,:)))),[93.4774]),X(2,:)))),plus(minus(plus(sin(negexp(plus(times(times(X(1,:),X(1,:)),cos(X(2,:))),plus(negexp(X(1,:)),square(X(1,:)))))),plus(plus(exp(cos(X(1,:))),tanh(X(2,:))),plus(exp(exp(cos(X(1,:)))),plus([29.5142],X(2,:))))),square(X(2,:))),plus(minus(plus(exp(square(cos(X(1,:)))),plus(exp(cos(square(X(2,:)))),plus([-73.9712],[93.4774]))),square(X(2,:))),X(2,:))))"
2,2,145,"times(tanh(times([-82.1852],sin(minus(tanh(square(square(X(1,:)))),minus(tanh(times(exp(X(2,:)),X(2,:))),square(X(1,:))))))),minus(minus(plus(square(plus(square(negexp(X(2,:))),plus(square(negexp(X(2,:))),square(negexp(X(2,:)))))),square([-81.4938])),exp(square(X(1,:)))),minus(tanh(minus(square(X(1,:)),minus(tanh(square(exp(X(1,:)))),square(X(1,:))))),minus(tanh(times(exp(exp(square(X(2,:)))),X(1,:))),minus(square(square(X(1,:))),minus(tanh(times(exp(X(2,:)),X(1,:))),square(square(X(1,:)))))))))"
2,2,146,"square(square(square(minus(minus(sin(minus(minus(X(2,:),sin(X(2,:))),X(2,:))),minus(X(2,:),minus(sin(X(2,:)),minus(X(2,:),sin(X(2,:)))))),minus(X(1,:),[-4.7297])))))"
2,2,147,"times(plus(square(tanh(exp(X(1,:)))),times(tanh(times(X(2,:),tanh(exp(X(2,:))))),tanh(exp(X(2,:))))),square(plus(plus(minus(times([66.1766],plus(exp(X(1,:)),plus(plus([99.5983],X(1,:)),plus([99.6955],[99.6955])))),X(2,:)),minus(minus(plus(plus(plus([66.1766],[99.6955]),[99.6955]),minus(negexp(X(1,:)),times([-17.9954],X(2,:)))),plus(cos(times([66.1766],X(1,:))),square([66.1801]))),plus(plus([99.6955],[66.1559]),[99.6955]))),plus([99.6955],plus(plus(plus(negexp(X(1,:)),[66.2204]),plus(tanh(times([-17.9954],X(2,:))),negexp(X(1,:)))),plus([99.6955],times(X(2,:),tanh(exp(X(2,:))))))))))"
2,2,148,"times(plus(times(plus(plus(exp([40.8892]),plus(plus(plus(exp(X(2,:)),tanh([99.3683])),exp(X(2,:))),exp(X(1,:)))),times(times(plus(plus(exp(X(1,:)),exp(X(1,:))),exp(X(2,:))),[99.3683]),[40.8924])),exp(exp(cos(tanh([40.9768]))))),times(plus(plus([40.9320],cos(square(negexp(tanh(X(2,:)))))),plus([40.8892],plus(plus(plus(exp(X(1,:)),exp(X(1,:))),exp(X(2,:))),exp(X(2,:))))),plus(square(minus(minus(minus(square(X(1,:)),minus(X(1,:),X(2,:))),minus(tanh(X(1,:)),plus(X(2,:),X(2,:)))),square(negexp(tanh(X(2,:)))))),tanh(exp(cos(minus(square(X(1,:)),minus(X(2,:),X(2,:))))))))),[40.8692])"
2,2,149,"exp(minus(cos(minus(cos(tanh(tanh(square(square(X(2,:)))))),times(cos(times(X(1,:),cos(sin(X(1,:))))),[64.4031]))),times(cos(times(X(1,:),cos(sin(X(1,:))))),[64.4031])))"
2,2,150,"tanh(negexp(plus(minus(tanh(plus(X(1,:),plus(X(1,:),square(exp(X(2,:)))))),sin(sin(sin(X(2,:))))),negexp(minus(tanh(tanh(X(1,:))),square(square(square(exp(X(2,:))))))))))"
2,2,151,"cos(plus(sin(negexp(cos(exp(X(2,:))))),minus(tanh(tanh(minus(X(2,:),X(1,:)))),tanh(plus(tanh(plus(square(plus(X(2,:),X(1,:))),negexp(X(2,:)))),negexp(tanh(square(times(X(2,:),[48.2326])))))))))"
2,2,152,"times(times(times(square(plus(X(1,:),X(2,:))),tanh(tanh(tanh(tanh(plus(X(1,:),X(2,:))))))),plus(X(1,:),times([99.1814],tanh(square(plus(X(1,:),X(2,:))))))),plus(plus(X(1,:),plus(X(1,:),X(2,:))),times(times([99.8398],tanh(tanh(tanh(square(plus(X(1,:),X(2,:))))))),tanh(square(plus(plus(tanh(plus(X(1,:),X(1,:))),plus(X(1,:),plus(X(1,:),X(2,:)))),times(minus(minus(X(1,:),X(2,:)),tanh(X(1,:))),tanh(plus(X(1,:),X(1,:))))))))))"
2,2,153,"plus(square(times(minus(minus(X(2,:),cos(X(1,:))),square(X(1,:))),square(plus(tanh(minus(times(sin(X(1,:)),square(X(1,:))),X(2,:))),[84.6518])))),plus(square(times(minus(minus(minus(exp(X(2,:)),X(1,:)),square(minus(X(2,:),cos(X(1,:))))),square(minus(X(2,:),cos(square(X(1,:)))))),square(square(minus(X(2,:),cos(X(1,:))))))),times(minus(minus(cos(X(1,:)),square(minus(X(2,:),cos(X(2,:))))),minus(square(minus(times(exp(X(1,:)),X(1,:)),times(exp(X(1,:)),exp(X(2,:))))),square(X(1,:)))),times(exp(X(2,:)),X(1,:)))))"
2,2,154,"times(plus(cos(cos(tanh(times(X(2,:),X(2,:))))),plus(square(times(times(X(2,:),times(X(1,:),X(2,:))),plus(minus(square(times(X(2,:),X(2,:))),plus(plus(X(2,:),X(2,:)),cos(X(2,:)))),X(1,:)))),plus(square(times(times(X(2,:),times(times(X(2,:),X(2,:)),X(2,:))),plus(cos(X(2,:)),negexp(X(2,:))))),plus(plus(times(X(1,:),plus(cos(X(2,:)),negexp(X(2,:)))),minus(square(cos(X(2,:))),plus(plus(X(2,:),X(2,:)),cos(X(2,:))))),square(square(times(X(2,:),[97.5548]))))))),times(sin(times(plus(negexp(negexp(X(2,:))),sin(sin(X(2,:)))),times(sin(times(X(2,:),times(X(2,:),X(2,:)))),times(X(2,:),sin(times(X(2,:),times(X(2,:),X(2,:)))))))),tanh(plus(plus(negexp(negexp(times(X(2,:),[30.0439]))),sin(X(2,:))),tanh(plus(X(2,:),X(1,:)))))))"
2,2,155,"square(square(minus(plus(plus(cos(plus(tanh(cos([-53.0617])),cos(minus([-75.6838],X(2,:))))),plus([-66.8314],plus([-67.1433],[-66.8643]))),[-66.8302]),exp(X(2,:)))))"
2,2,156,"times(X(2,:),times(plus(plus(plus(plus(square(X(1,:)),square(sin(sin([65.7438])))),square(sin(square(X(1,:))))),square(sin(plus(sin(plus(X(1,:),X(1,:))),X(1,:))))),square(sin(plus(sin(X(1,:)),X(1,:))))),plus(times(plus(plus(times(tanh(X(2,:)),square([65.5299])),X(1,:)),times(times(times(square(X(1,:)),sin(X(2,:))),negexp(X(2,:))),exp(tanh(negexp([-49.0155]))))),square([33.9628])),plus(times(plus(times(X(2,:),square([-84.2171])),negexp(X(2,:))),square([33.9072])),sin(minus(tanh(X(1,:)),square(X(2,:))))))))"
2,2,157,"plus(plus(plus(exp(exp(sin(plus(X(1,:),X(2,:))))),exp(exp(sin(plus(X(1,:),X(2,:)))))),plus(X(2,:),X(1,:))),plus(plus(plus(exp(exp(sin(plus(X(1,:),X(2,:))))),exp(exp(sin(plus(X(1,:),X(2,:)))))),plus(exp(exp(sin(plus(X(1,:),X(2,:))))),exp(exp(cos(plus(X(2,:),X(1,:))))))),exp(exp(negexp(exp(exp(sin(plus(X(1,:),X(2,:))))))))))"
2,2,158,"times(square(plus(times(square(tanh(plus(plus(X(1,:),X(1,:)),square(square(X(1,:)))))),plus(plus(X(1,:),tanh(square(tanh(X(2,:))))),X(1,:))),tanh(X(1,:)))),times(square(times(square(plus(tanh(X(1,:)),tanh(X(1,:)))),plus(tanh(tanh(plus(tanh(X(1,:)),X(1,:)))),tanh(plus(cos(tanh(X(1,:))),times(tanh(X(2,:)),negexp(X(1,:)))))))),times(X(1,:),X(2,:))))"
2,2,159,"minus(times(exp(square(minus(tanh(times(negexp(X(1,:)),cos(square(X(1,:))))),square(exp(cos(square(X(2,:)))))))),sin(negexp(X(1,:)))),times(square([-3.3009]),sin(sin(negexp(square(minus(exp(X(1,:)),square(X(1,:)))))))))"
2,2,160,"times(square(times(times(times(X(2,:),minus(tanh([-8.9768]),plus(plus(X(1,:),X(1,:)),tanh(X(1,:))))),tanh(X(2,:))),tanh(tanh(X(1,:))))),times(X(2,:),minus(tanh(plus([-21.6916],plus(minus(tanh(tanh(X(2,:))),plus(plus(X(1,:),X(1,:)),X(1,:))),X(2,:)))),plus(X(1,:),negexp(exp(minus(tanh([-21.7219]),plus(plus(X(1,:),X(1,:)),tanh(X(2,:))))))))))"
2,2,161,"minus(minus(times(negexp([-35.9282]),tanh(times(X(2,:),X(1,:)))),times(negexp([-35.9193]),tanh(times(X(2,:),X(1,:))))),exp([49.3314]))"
2,2,162,"times(times(exp([20.9026]),square(times(plus(negexp(tanh(plus(X(2,:),plus(X(2,:),X(1,:))))),times(tanh(tanh(X(1,:))),sin(X(1,:)))),tanh(tanh(tanh(X(2,:))))))),sin(plus(cos(exp(exp(X(2,:)))),negexp(plus(cos(exp(exp(X(2,:)))),negexp(negexp([20.8264])))))))"
2,2,163,"square(times(sin(times(sin(square(exp(tanh(plus(X(2,:),X(1,:)))))),[31.6442])),plus(exp(exp(sin(plus(exp(plus(X(2,:),X(1,:))),[-80.4890])))),plus(plus(exp(plus(X(2,:),X(1,:))),plus(exp(plus(X(2,:),X(1,:))),[-80.4890])),[-80.4385]))))"
2,2,164,"minus(times(times(minus(square(square(cos(X(2,:)))),times(plus(square(square(cos([45.5153]))),[-44.1254]),[-44.0865])),plus(negexp(tanh(plus(X(1,:),square(X(1,:))))),sin(plus(square(square(cos(X(2,:)))),[-44.1254])))),plus(negexp(tanh(cos(exp(X(2,:))))),sin(plus(square(square(cos(X(2,:)))),plus(minus(X(1,:),X(1,:)),[-44.0865]))))),times(tanh(times(minus(times(minus(X(1,:),X(1,:)),plus(X(1,:),plus(plus([45.5153],[45.5153]),[45.5153]))),times(tanh(times(X(2,:),[-44.0865])),plus(cos(exp(X(2,:))),plus([-44.0865],[45.2533])))),[-44.1254])),plus(square(minus(minus(square(X(2,:)),times(tanh(times(X(2,:),[-44.0865])),plus(square(X(1,:)),plus([45.5153],[45.5371])))),[-44.0865])),plus(square(plus(tanh(cos(square(X(2,:)))),plus(plus(plus([45.5153],[45.5153]),plus([45.5153],[45.5153])),plus([45.5710],plus([45.5153],[45.5153]))))),square(plus(tanh(cos(exp(X(2,:)))),plus(plus([45.5710],plus([45.5153],[45.5153])),plus([45.5710],plus([45.5153],[45.5153])))))))))"
2,2,165,"times(sin(plus(cos(square(plus(cos(plus(minus(X(2,:),X(1,:)),X(2,:))),square([69.7480])))),square([69.7480]))),minus(negexp(plus(X(2,:),plus(minus(X(2,:),X(1,:)),X(2,:)))),plus(times(sin(plus(cos(plus(X(1,:),X(2,:))),X(2,:))),minus(negexp(plus(X(2,:),plus(minus(X(2,:),X(1,:)),X(2,:)))),[70.2534])),square(plus(plus(minus(X(2,:),X(1,:)),plus(times([69.5467],X(2,:)),exp(X(2,:)))),square([69.8064]))))))"
2,2,166,"square(times(times([-39.7441],times(square(plus(square(tanh(square(X(1,:)))),square(tanh(square(X(1,:)))))),plus(X(1,:),exp(sin(cos(plus(X(1,:),X(1,:)))))))),plus(times(X(2,:),X(2,:)),square(X(1,:)))))"
2,2,167,"times(exp(minus([21.6722],negexp(X(1,:)))),plus(plus(plus(plus(square(minus(times(X(1,:),X(2,:)),plus(plus(X(1,:),X(2,:)),negexp(X(1,:))))),square(plus(plus(plus(X(1,:),X(2,:)),negexp(X(1,:))),negexp(X(1,:))))),minus([21.5771],negexp(cos([91.6109])))),square(plus(plus(plus(plus(X(1,:),X(2,:)),negexp(X(1,:))),negexp([21.6337])),square(negexp(X(1,:)))))),minus([21.7818],negexp(square(minus(times(plus(X(1,:),X(2,:)),X(2,:)),plus(plus(X(1,:),X(2,:)),X(2,:))))))))"
2,2,168,"plus(plus(plus(plus(times([66.8193],plus(exp(X(2,:)),times(cos([37.5885]),X(1,:)))),cos(plus(square([66.2874]),cos(X(1,:))))),times([66.2874],plus(exp([37.9483]),times(X(2,:),X(1,:))))),times([66.8193],plus(plus(square(times(times(cos([37.9421]),X(1,:)),X(1,:))),times([37.9209],X(1,:))),times([66.1834],plus(exp(X(2,:)),times(X(2,:),X(1,:))))))),times([66.2874],plus(plus(square(times(times(cos([37.9421]),X(1,:)),times(X(2,:),times(cos([37.6092]),X(1,:))))),times([66.2874],times(minus(times(cos([37.6317]),X(1,:)),negexp(tanh([-12.0544]))),exp(sin(X(2,:)))))),times([66.2874],X(1,:)))))"
2,2,169,"times(X(2,:),minus(minus(minus([50.3477],plus(plus(X(1,:),sin(minus(plus(X(2,:),[61.7778]),square(X(2,:))))),sin(minus(X(1,:),square(X(2,:)))))),plus(plus(plus(X(1,:),sin(minus(plus(X(2,:),[61.7704]),square(X(2,:))))),tanh(tanh(X(2,:)))),plus(X(1,:),tanh(X(2,:))))),negexp(plus(X(1,:),tanh(minus([50.3558],negexp(plus(X(1,:),tanh(X(2,:))))))))))"
2,2,170,"plus(times([58.7802],square(minus(plus([-99.3969],[58.7231]),times(tanh(tanh(X(2,:))),plus(X(2,:),negexp(X(2,:))))))),times(minus(plus(negexp(X(2,:)),negexp(X(2,:))),times(X(2,:),plus(X(2,:),negexp(times(times(X(2,:),sin(X(2,:))),tanh(negexp(X(2,:)))))))),plus(times(times(X(2,:),sin(X(2,:))),tanh(negexp(cos(square(X(2,:)))))),times(plus(plus(cos(square(X(2,:))),cos(square(X(2,:)))),tanh(tanh(tanh(X(2,:))))),minus(square(tanh(X(1,:))),X(2,:))))))"
2,2,171,"times(sin(negexp(plus(tanh(X(2,:)),tanh(X(1,:))))),square(minus(minus(X(1,:),X(2,:)),minus(sin(X(1,:)),negexp(negexp(minus(X(1,:),times(times(X(1,:),X(1,:)),square(X(2,:))))))))))"
2,2,172,"times(times(times(times(times(times(times(exp(times([12.3532],[12.3532])),[46.9368]),times(times(times([12.3532],[12.2142]),[12.3532]),[12.2165])),square(minus([46.9368],minus([12.2142],[12.3532])))),times([12.2142],times([12.2142],square(times([12.2142],[12.3532]))))),minus([46.9368],minus([46.9368],[12.2142]))),exp(tanh(times(times(times(exp(times(X(2,:),[12.2142])),exp(times(X(2,:),[12.3532]))),[46.9368]),times(times(exp(times(X(2,:),[12.2142])),exp(times([12.2142],[12.2142]))),[46.9368]))))),times(times(times(times([12.2142],[12.2142]),[12.3532]),minus([46.9368],minus(sin([7.2847]),[12.2142]))),exp(tanh(times(times(times(exp(times(X(2,:),[12.2142])),exp(times(X(2,:),[12.3532]))),minus([46.9368],minus(sin(X(1,:)),minus(X(1,:),X(2,:))))),times(times(exp(times(X(2,:),[12.3532])),exp(times([12.2142],[12.2165]))),[46.9368]))))))"
2,2,173,"minus(plus(square(exp(times(X(2,:),times(X(2,:),square(cos(cos(X(2,:)))))))),times(cos(times(X(2,:),times(X(2,:),square(cos(minus(X(2,:),[67.4340])))))),cos(exp(plus(cos(minus(X(2,:),[67.6004])),X(1,:)))))),times(negexp(X(2,:)),square(times(square(X(2,:)),X(1,:)))))"
2,2,174,"square(times(minus(minus(minus(minus(X(1,:),square(exp(X(2,:)))),tanh(times(minus(X(1,:),X(2,:)),minus(X(1,:),minus(X(1,:),X(1,:)))))),square(times(minus(X(1,:),X(2,:)),minus(X(1,:),minus(X(2,:),X(1,:)))))),times(times(square(minus(X(1,:),X(2,:))),minus(minus(X(1,:),minus(X(2,:),X(1,:))),X(2,:))),minus(minus(X(1,:),minus(X(2,:),X(1,:))),X(2,:)))),tanh(square(times(times(square(minus(X(1,:),X(2,:))),minus(minus(X(1,:),minus(X(2,:),X(1,:))),X(2,:))),times(times(times(X(1,:),minus(X(1,:),X(2,:))),tanh(X(1,:))),square(exp(X(2,:)))))))))"
2,2,175,"square(times(square(plus(plus(plus(tanh(tanh(plus(X(1,:),X(1,:)))),X(1,:)),times(tanh(times(square(X(1,:)),X(1,:))),minus(negexp(tanh([-62.2071])),negexp(square(X(1,:)))))),plus(plus(tanh(X(1,:)),X(1,:)),times(tanh(times(square(X(1,:)),X(1,:))),minus(negexp(tanh([-62.4362])),negexp(square(X(1,:)))))))),sin(sin(times(sin(times(negexp(X(2,:)),times(square(X(1,:)),X(1,:)))),negexp(X(2,:)))))))"
2,2,176,"times(X(2,:),times(square(times(plus(X(2,:),X(2,:)),[12.6126])),plus(plus(times(X(1,:),minus(negexp([12.6593]),negexp(negexp([35.4351])))),plus([-14.3193],plus(times(X(1,:),plus(X(1,:),X(1,:))),plus(times(X(1,:),X(1,:)),times(times(X(1,:),X(1,:)),X(2,:)))))),plus([-93.7159],plus([-14.4301],plus(times(X(1,:),plus(X(1,:),X(1,:))),plus(times(X(1,:),plus(X(1,:),X(1,:))),times(times(X(1,:),X(1,:)),X(2,:)))))))))"
2,2,177,"times(minus(square(square(X(1,:))),square(square(exp(cos(tanh(minus(times(X(1,:),X(2,:)),tanh(X(2,:))))))))),times(times(square(square(minus(cos(times(X(1,:),[85.6850])),square(X(2,:))))),square(square(X(2,:)))),X(1,:)))"
2,2,178,"plus(plus(cos(times(exp(times(exp(times(sin(X(1,:)),X(1,:))),times(X(2,:),X(2,:)))),times(sin([-24.4618]),X(2,:)))),plus(cos(times(exp(times(sin(X(2,:)),times(sin(X(1,:)),X(1,:)))),times(X(2,:),X(2,:)))),plus(times(times(minus(X(2,:),X(1,:)),X(1,:)),square(cos(X(1,:)))),X(2,:)))),plus(plus(times(plus(times(X(2,:),X(2,:)),tanh([41.5101])),square(plus(plus([-1.5628],X(1,:)),square(times(sin([-24.4618]),X(1,:)))))),cos(times(exp(tanh([41.5420])),X(1,:)))),cos(times(exp(times(sin(tanh([41.5575])),times(sin([-24.4512]),X(1,:)))),times(X(2,:),X(2,:))))))"
2,2,179,"plus(square(exp(exp(cos(minus(X(1,:),X(2,:)))))),plus(square(exp(exp(cos(minus(X(1,:),X(2,:)))))),minus(plus(plus(plus(plus(plus(plus(X(1,:),[-30.7915]),[-30.7915]),[-30.7915]),[-30.7907]),negexp(cos(tanh(minus(X(2,:),X(1,:)))))),[-30.7907]),plus(X(2,:),exp(exp(minus(cos(plus(X(1,:),[-30.7915])),plus(square(X(1,:)),square(X(2,:))))))))))"
2,2,180,"times(plus(times(sin(square(exp(minus(plus([-39.7709],exp(X(1,:))),plus([-79.3117],[-39.6826]))))),sin(tanh(exp(plus(X(2,:),plus(X(2,:),exp(X(1,:)))))))),square(tanh(times([2.9164],exp(plus(X(2,:),exp(X(1,:)))))))),square(plus(plus(plus(plus([-79.3117],times(plus([-79.0603],[-39.7456]),tanh(X(2,:)))),exp(X(1,:))),plus(plus(plus(times(plus([-79.0603],[-39.5707]),tanh(X(2,:))),plus(plus([-79.3117],[-39.7709]),exp(X(1,:)))),tanh(X(2,:))),times(plus([-79.3117],[-79.3117]),tanh(X(2,:))))),square(times(plus([-79.0603],[-39.5408]),tanh(X(2,:)))))))"
2,2,181,"times(square(times(times(tanh(times(X(1,:),X(1,:))),times(X(1,:),X(1,:))),minus(minus(sin(square(times([-65.0789],[8.2404]))),plus(plus([8.2478],[8.4594]),tanh([8.2478]))),plus(sin(X(2,:)),times(plus(X(1,:),X(1,:)),minus(minus([49.7924],X(2,:)),X(2,:))))))),plus(times(times(sin(times(sin(square(times([-65.0789],[8.2478]))),exp(X(1,:)))),exp(sin(X(1,:)))),exp(sin(X(1,:)))),X(1,:)))"
2,2,182,"exp(exp(plus(exp(tanh(times(square(X(1,:)),X(1,:)))),plus(tanh(minus(minus(minus(times(X(2,:),X(1,:)),plus(X(1,:),X(2,:))),tanh(tanh(X(2,:)))),sin(minus(times(X(2,:),X(1,:)),plus(X(1,:),X(2,:)))))),sin(sin(tanh(X(2,:))))))))"
2,2,183,"minus(times(plus(sin(sin(tanh(negexp(minus(X(1,:),plus(X(2,:),X(2,:))))))),plus(times([43.7022],sin(sin(plus(negexp(X(1,:)),square(X(1,:)))))),sin(plus(plus(X(2,:),X(2,:)),exp(X(1,:)))))),plus(minus(minus(times([79.2129],times(X(1,:),X(1,:))),times(minus(X(2,:),X(1,:)),X(1,:))),times([43.7011],sin(sin(X(1,:))))),times(times(X(2,:),times([43.6700],negexp(minus(X(1,:),plus(X(2,:),X(2,:)))))),cos(X(2,:))))),times(times(plus(X(2,:),X(2,:)),X(2,:)),square(exp(X(1,:)))))"
2,2,184,"times(square(exp(square(sin(times(negexp(square(negexp(X(2,:)))),square(exp(X(1,:)))))))),square(square(plus(plus(plus([42.8790],X(1,:)),tanh(tanh([42.8721]))),tanh(tanh(plus(square(negexp(X(1,:))),plus(square(X(2,:)),X(1,:)))))))))"
2,2,185,"times(negexp(sin(cos(negexp(plus(sin(negexp(times(X(1,:),X(2,:)))),X(1,:)))))),minus(minus(exp(sin(negexp(cos(negexp(square(X(2,:))))))),sin(sin(square([-16.0466])))),negexp(square(times(X(1,:),X(2,:))))))"
2,2,186,"times(square(times(minus(minus(negexp(tanh(minus(minus(X(1,:),X(2,:)),times(X(2,:),X(1,:))))),cos(minus(minus(sin(X(2,:)),[-45.8519]),minus(X(2,:),negexp(X(1,:)))))),cos(times(minus([15.4369],X(2,:)),minus([39.6155],negexp(X(1,:)))))),minus(minus(minus(minus(X(2,:),X(2,:)),times(X(2,:),X(1,:))),[15.2959]),negexp(X(1,:))))),times(minus(sin(negexp(times(cos(times(square(X(1,:)),tanh(X(2,:)))),plus(negexp(X(2,:)),sin(X(2,:)))))),square([39.6155])),minus(minus([15.6719],X(1,:)),negexp(X(2,:)))))"
2,2,187,"minus(exp(cos([61.3176])),times(square(times(square(plus(X(1,:),X(2,:))),square(plus(plus(X(2,:),plus(X(1,:),X(2,:))),X(1,:))))),cos(times(plus(X(1,:),times(plus(X(1,:),X(2,:)),X(2,:))),X(2,:)))))"
2,2,188,"square(square(plus(plus(tanh(times(exp(plus(plus(X(1,:),X(1,:)),X(2,:))),times(square(minus(X(2,:),[67.5142])),square(tanh(X(2,:)))))),plus(X(2,:),X(1,:))),plus(tanh(square(times(square(minus(X(2,:),[66.9639])),square(plus(X(2,:),X(1,:)))))),negexp(square(cos(square(plus(X(2,:),X(1,:))))))))))"
2,2,189,"times(times(cos(plus(times(negexp(X(1,:)),sin(sin(sin(exp(X(1,:)))))),sin(tanh(tanh(X(2,:)))))),square(square(plus(exp(negexp(square(tanh(X(1,:))))),negexp(exp(times(plus(X(2,:),X(2,:)),exp(X(2,:))))))))),square(square(plus(X(1,:),X(2,:)))))"
2,2,190,"times(X(1,:),times(plus([-63.7024],plus(X(2,:),square([-63.2915]))),plus(plus(X(2,:),plus(plus([-63.7024],X(2,:)),square([-63.3765]))),plus([-64.1225],X(2,:)))))"
2,2,191,"times(minus(square(plus(tanh(times(times(cos(X(1,:)),square(square(X(2,:)))),X(2,:))),X(2,:))),minus(square(plus(minus(X(2,:),minus(X(1,:),X(2,:))),X(2,:))),X(1,:))),square(minus(X(1,:),plus(minus(tanh(X(2,:)),minus(minus(X(1,:),X(2,:)),X(2,:))),X(2,:)))))"
2,2,192,"times(plus(X(2,:),plus(times(plus(times(X(1,:),X(2,:)),plus(times(X(1,:),X(2,:)),plus(plus(times(X(1,:),X(2,:)),[-62.9276]),[-62.9459]))),exp(times(negexp(X(1,:)),sin([97.9690])))),[-56.9000])),times(plus(plus(plus(plus(times(X(1,:),X(2,:)),plus(times(X(1,:),X(2,:)),plus(X(2,:),plus(X(2,:),[-56.8110])))),plus(X(2,:),[-56.8542])),plus(plus(times(negexp(X(1,:)),times(negexp(X(1,:)),X(1,:))),times(negexp(X(1,:)),X(1,:))),times(negexp(X(1,:)),times(negexp(sin(X(2,:))),X(1,:))))),plus(plus(times(negexp(X(1,:)),times(negexp(X(1,:)),X(1,:))),times(negexp(X(1,:)),times(negexp(sin(X(2,:))),X(1,:)))),plus(times(negexp(X(1,:)),times(negexp(X(1,:)),X(1,:))),times(negexp(X(1,:)),X(1,:))))),exp(times(negexp(X(1,:)),sin(sin([97.9690]))))))"
2,2,193,"plus(plus(negexp(minus(X(2,:),times([-45.4364],tanh(X(1,:))))),negexp(minus(tanh(minus(plus(square(X(1,:)),negexp(X(2,:))),times([-80.6397],tanh(X(1,:))))),times([-45.4364],tanh(X(1,:)))))),negexp(minus([-3.8810],times([-45.2807],tanh(tanh(times([-80.7607],tanh(X(1,:)))))))))"
2,2,194,"square(times(plus(minus(X(1,:),[-60.7989]),plus(X(1,:),X(2,:))),square(minus(square(negexp(cos(times([85.8586],X(2,:))))),tanh(X(1,:))))))"
2,2,195,"plus(plus(plus(exp(square(X(1,:))),minus(exp(square(X(2,:))),square(square(plus(X(2,:),[21.8444]))))),plus(plus(exp(square(X(1,:))),plus(exp(square(X(2,:))),minus(exp(square(X(2,:))),square(square(plus(X(2,:),[21.9415])))))),tanh(minus(exp(exp(square(X(2,:)))),square(square(plus(X(2,:),plus(X(2,:),[21.7565])))))))),plus(plus(exp(square(X(1,:))),plus(exp(square(X(2,:))),minus(exp(square(X(2,:))),square(square(plus(X(2,:),plus(X(2,:),[21.7565]))))))),minus(square(plus(minus(tanh(sin(square(X(1,:)))),square(X(1,:))),plus(plus(plus([-53.9267],X(2,:)),plus(X(2,:),[21.7565])),plus(square([21.7565]),plus(X(2,:),[21.7565]))))),square(square(plus(X(2,:),[21.7950]))))))"
2,2,196,"plus(times(cos(tanh(minus(times(X(1,:),tanh(times(times([22.1924],[-37.6874]),plus(X(2,:),X(1,:))))),exp(X(1,:))))),tanh(minus(plus(plus(minus(X(2,:),times(X(1,:),X(2,:))),tanh(times(X(1,:),X(2,:)))),tanh(times(X(2,:),X(1,:)))),tanh(plus(minus(exp(times(X(1,:),X(2,:))),times(X(2,:),times(X(2,:),X(2,:)))),[22.3965]))))),plus(times(cos(negexp(cos(tanh(exp(X(2,:)))))),tanh(minus(plus(minus(X(2,:),times(X(1,:),X(2,:))),tanh(tanh(times(X(2,:),X(1,:))))),cos(tanh(tanh(plus(X(1,:),[25.3111]))))))),negexp(cos(tanh(times(X(1,:),plus(X(2,:),X(1,:))))))))"
2,2,197,"square(square(times(tanh(times(minus(X(2,:),X(1,:)),times(times(minus(X(2,:),X(1,:)),minus(X(2,:),X(1,:))),times(minus(X(2,:),X(1,:)),times(minus(X(2,:),X(1,:)),minus(X(2,:),X(1,:))))))),times(tanh(times(times(minus(X(2,:),X(1,:)),minus(X(2,:),X(1,:))),times(minus(X(2,:),X(1,:)),times(minus(X(2,:),X(1,:)),minus(X(2,:),X(1,:)))))),plus(times(minus(X(2,:),X(1,:)),plus([-28.0068],plus([-28.0068],[-0.6535]))),plus(times(minus(X(2,:),X(1,:)),plus([-28.0068],plus([-27.9289],[-0.4537]))),plus(exp(X(2,:)),[-28.1385])))))))"
2,2,198,"times(minus(cos(times(tanh(exp(X(2,:))),square(times(minus(tanh([98.6807]),X(2,:)),[98.6807])))),times(minus(X(2,:),minus(cos(times(exp(X(1,:)),X(2,:))),times(minus(X(2,:),[57.0325]),tanh([98.6807])))),tanh([98.6807]))),times(plus(plus(tanh(exp(X(2,:))),negexp(times(times(square([59.5235]),X(1,:)),times(square(square(X(1,:))),X(1,:))))),negexp(times(times(square(X(2,:)),X(1,:)),times(exp(X(2,:)),X(1,:))))),times(square([18.7546]),X(1,:))))"
2,2,199,"plus(plus(square(plus(exp(X(2,:)),[-62.3296])),minus(times(plus(square(exp(X(2,:))),plus(exp(X(2,:)),plus(X(2,:),plus(X(2,:),[-62.0587])))),plus(exp(X(2,:)),[-62.2529])),minus(plus(plus(exp(X(2,:)),plus(X(2,:),plus(X(2,:),plus(X(2,:),[-62.1392])))),plus(cos(square(plus(X(2,:),X(1,:)))),plus(plus(exp(X(1,:)),X(2,:)),plus(X(2,:),exp(X(1,:)))))),times(square(X(1,:)),square(exp(X(1,:))))))),plus(square(plus(plus(exp(X(2,:)),[-62.2682]),plus(exp(X(2,:)),[-62.2529]))),times(square(X(2,:)),square(exp(exp(sin([14.6433])))))))"
2,2,200,"times(square(sin(square(tanh(exp(minus(sin(minus([-37.4309],X(2,:))),tanh(X(2,:)))))))),square(cos(minus(negexp(tanh(negexp(times(negexp(X(2,:)),minus([-29.1069],[49.9827]))))),sin(times(negexp(X(1,:)),minus(X(2,:),[49.9827])))))))"
2,2,201,"square(times(square(times(X(2,:),tanh(tanh(square(times(X(2,:),[-1.3176])))))),plus(cos(plus(sin(tanh(negexp(tanh(X(1,:))))),times(X(1,:),[13.3023]))),times(X(1,:),[13.5053]))))"
2,2,202,"times(times(plus(plus(times(square(X(2,:)),minus(X(1,:),X(2,:))),minus(X(1,:),sin(square(X(1,:))))),plus(plus(times(square(X(1,:)),minus(X(1,:),X(2,:))),minus(minus(X(1,:),sin(square(X(1,:)))),sin(minus(square([-89.3365]),tanh(X(1,:)))))),plus(times(square(X(1,:)),minus(X(1,:),X(2,:))),plus(square(square(sin(X(1,:)))),[90.4616])))),sin(square(X(2,:)))),sin(square(X(2,:))))"
2,2,203,"times(square(minus(times(tanh(times(exp(X(2,:)),plus(exp(minus(X(2,:),X(2,:))),times(exp(X(2,:)),plus(X(2,:),X(2,:)))))),times(times([6.8880],X(1,:)),X(1,:))),times(exp(X(2,:)),plus(X(1,:),X(2,:))))),minus(X(2,:),times([-99.3874],cos(minus(exp(square(X(2,:))),minus(negexp(X(1,:)),tanh(X(1,:))))))))"
2,2,204,"square(times(exp(minus(X(1,:),cos(X(1,:)))),square(tanh(times(minus(times(square(sin(X(1,:))),square(cos(X(2,:)))),exp(tanh(X(1,:)))),cos(square(X(2,:))))))))"
2,2,205,"minus(minus([-74.8691],square(times(plus(times(X(1,:),plus(times(X(2,:),plus(X(1,:),[-51.5651])),times(X(2,:),[-74.7972]))),times(plus(times(X(2,:),[-74.6805]),times(times(X(2,:),[-74.7972]),[80.3806])),square(tanh(tanh(X(1,:)))))),square(square(tanh(times(X(2,:),X(1,:)))))))),square(times(plus(times(X(1,:),plus(times(X(2,:),plus(X(1,:),[-51.5651])),times(X(2,:),[-74.8485]))),times(plus(times(X(2,:),plus(X(1,:),[-51.5317])),times(times(X(2,:),[-74.7972]),[80.3806])),square(tanh(tanh(X(1,:)))))),square(square(tanh(times(X(2,:),X(1,:))))))))"
2,2,206,"square(square(square(plus(plus(plus(X(1,:),X(2,:)),sin(cos(tanh(plus(X(1,:),X(2,:)))))),negexp(cos(plus(X(1,:),X(2,:))))))))"
2,2,207,"times(plus(times(plus(square(times(minus(times(X(2,:),tanh(X(1,:))),times(X(2,:),X(1,:))),X(2,:))),times(square(times(X(1,:),X(1,:))),X(1,:))),[54.8501]),times(square(plus(plus(sin(negexp(cos([80.5990]))),times(minus(X(2,:),[31.2300]),tanh(X(2,:)))),negexp(X(1,:)))),cos(times(times(times(times(tanh([80.5990]),tanh(X(2,:))),negexp(cos(X(1,:)))),negexp(times(exp(X(2,:)),plus(X(1,:),[80.7734])))),exp(times(minus([1.1547],X(1,:)),negexp(cos([80.5990])))))))),[31.2300])"
2,2,208,"minus(square(square(minus(plus(plus(plus(plus([22.4115],X(2,:)),X(2,:)),X(2,:)),times(X(1,:),minus([-7.8921],square(tanh(X(2,:)))))),cos(X(2,:))))),plus(exp(plus(plus(X(1,:),X(2,:)),minus(minus(X(1,:),cos(cos(cos(X(2,:))))),X(1,:)))),plus(negexp([-39.2529]),plus(plus(plus(X(2,:),X(2,:)),plus(plus([22.5188],X(2,:)),X(1,:))),X(2,:)))))"
2,2,209,"square(plus(times(times(plus(plus(sin(X(1,:)),X(1,:)),X(1,:)),[-10.6621]),plus(sin(exp(sin(sin(square(X(2,:)))))),plus(plus(exp(sin(square(X(2,:)))),plus(exp(sin([-65.7557])),X(1,:))),plus(exp(sin(square(X(2,:)))),X(1,:))))),times(times(plus(exp(sin(sin(X(1,:)))),plus(exp(sin(X(1,:))),X(1,:))),[-10.3074]),plus(square(X(2,:)),plus(plus(exp(exp(tanh(X(1,:)))),exp(exp(tanh(X(1,:))))),plus(exp(sin(square(X(1,:)))),X(1,:)))))))"
2,2,210,"times(times(times(times(plus(plus(times(plus(X(1,:),X(2,:)),times([-46.5329],[14.0138])),times(plus(X(1,:),[13.9236]),cos(X(2,:)))),times([-46.5495],plus(X(1,:),[13.9236]))),[13.9236]),cos(cos(times(exp(tanh(square(X(2,:)))),sin(sin(times(X(2,:),X(2,:)))))))),times([-46.5495],cos([-46.1776]))),cos(X(1,:)))"
2,2,211,"times(times(plus(plus(plus(tanh(plus(minus(minus(X(2,:),X(2,:)),X(2,:)),square(times(X(2,:),X(1,:))))),X(2,:)),plus(plus(times(X(2,:),X(1,:)),plus(plus(times(X(2,:),X(1,:)),X(2,:)),X(2,:))),minus(X(2,:),X(1,:)))),plus(times([-16.1287],X(1,:)),plus(plus(tanh(plus(X(2,:),square([-14.4828]))),X(2,:)),plus(plus(times(X(2,:),X(1,:)),X(2,:)),minus(X(2,:),X(1,:)))))),square(sin(times(square(tanh(plus(minus(X(2,:),X(1,:)),square(X(2,:))))),square(tanh(plus(minus(X(2,:),X(1,:)),square(X(2,:))))))))),[-61.3924])"
2,2,212,"plus(times(square(minus(minus(plus([29.4835],X(2,:)),[-6.7303]),times(minus(X(2,:),times(X(2,:),X(1,:))),sin(X(1,:))))),plus(X(1,:),plus(plus(X(1,:),X(1,:)),times(minus(X(2,:),times(X(2,:),X(1,:))),sin(X(1,:)))))),plus(times(square(minus(minus(plus([29.6276],minus(plus([29.6276],X(1,:)),[-7.0223])),X(2,:)),times(minus(minus(X(2,:),times(X(2,:),X(1,:))),times(X(2,:),X(1,:))),sin(X(1,:))))),plus(X(1,:),X(1,:))),square(minus(minus(plus([29.9233],plus([29.9449],plus(plus(X(1,:),X(1,:)),X(1,:)))),[-6.8668]),times(exp(X(2,:)),X(1,:))))))"
2,2,213,"minus(times(minus(times(minus(square(plus(square(X(1,:)),times([34.3143],square(X(1,:))))),plus(square(X(1,:)),square(X(1,:)))),minus(times(square(X(1,:)),square(negexp(plus(X(1,:),[34.3205])))),square(plus(exp(minus([-27.4139],X(2,:))),times(plus(X(1,:),X(1,:)),square(X(1,:))))))),negexp(plus([24.1466],[34.3205]))),times(X(1,:),X(2,:))),minus(times(minus(square(plus(times(plus([24.0789],X(1,:)),square(X(1,:))),times(plus([24.2122],X(1,:)),square(X(1,:))))),plus(negexp(plus([34.1240],square(X(1,:)))),times(times(plus(plus([24.1703],X(2,:)),plus(X(1,:),X(1,:))),square(square(X(1,:)))),square(X(1,:))))),minus(times(X(1,:),square(negexp(plus(X(1,:),[34.3205])))),square(plus(exp(minus([-27.3362],square(X(1,:)))),times(plus(X(1,:),X(1,:)),square(X(1,:))))))),exp(minus([-27.4139],square(plus(times(plus([24.3249],X(1,:)),square(X(1,:))),times(plus([24.1703],X(2,:)),square(X(1,:)))))))))"
2,2,214,"times(cos(minus(X(2,:),tanh([-75.0415]))),times(tanh(tanh(X(1,:))),times(times(times(cos(times(plus(exp(X(1,:)),X(1,:)),X(2,:))),sin(X(1,:))),[-85.6621]),times(times(cos(times(plus(exp(X(1,:)),X(1,:)),X(2,:))),sin(sin(cos(times(X(2,:),X(2,:)))))),times(plus([17.5492],X(1,:)),minus(plus(exp(X(1,:)),plus(exp(X(1,:)),X(1,:))),X(1,:)))))))"
2,2,215,"square(times(plus(minus(plus(square(X(2,:)),X(2,:)),minus(plus(sin(plus(X(2,:),X(2,:))),plus(sin(tanh(X(2,:))),tanh(X(2,:)))),plus(plus(plus(plus([39.6862],X(2,:)),[-96.3816]),X(2,:)),X(2,:)))),plus(plus(plus(plus(plus([39.6862],sin(X(2,:))),sin(X(2,:))),sin(X(2,:))),sin(X(2,:))),sin(X(2,:)))),cos(cos(X(1,:)))))"
2,2,216,"times(cos(times(square(times(sin(plus(negexp(minus(X(2,:),X(2,:))),negexp(X(1,:)))),square(times(plus(X(1,:),X(1,:)),negexp(X(1,:)))))),square(cos(times(X(2,:),minus(X(2,:),times(X(2,:),minus(X(2,:),X(1,:))))))))),times([35.5393],times([35.5393],negexp(cos(times(times(plus(X(1,:),X(1,:)),negexp(X(1,:))),square(times(square(X(1,:)),square(X(1,:))))))))))"
2,2,217,"times(square(exp(sin(tanh(plus(X(2,:),exp(negexp([6.2676]))))))),plus(plus(sin(exp(exp(sin(X(2,:))))),exp(X(2,:))),plus(plus(plus(X(2,:),sin(exp(X(2,:)))),exp(X(2,:))),exp(square(square(exp(sin(X(2,:)))))))))"
2,2,218,"minus(cos(negexp(cos(negexp(times(X(1,:),exp(negexp(times([-39.7650],X(1,:))))))))),sin(square(square(negexp(sin(square(square(square(X(2,:))))))))))"
2,2,219,"times(plus(times(times(cos(exp(X(1,:))),square(negexp(sin(cos(exp(X(2,:))))))),square([-9.4250])),square(times(X(1,:),times(cos(minus(cos(exp([-3.4356])),negexp(cos(X(1,:))))),[-3.9294])))),square(minus(square(negexp(cos(X(1,:)))),plus(cos(exp(X(2,:))),negexp([-3.7886])))))"
2,2,220,"plus(plus(exp(X(2,:)),plus(exp(X(1,:)),plus(exp(X(2,:)),plus(exp(X(2,:)),square(X(1,:)))))),plus(exp(X(1,:)),plus(X(1,:),plus(times(cos(cos(X(1,:))),X(1,:)),plus(plus(exp(X(2,:)),plus(exp(X(1,:)),plus(exp(X(2,:)),times(X(1,:),X(2,:))))),times(cos(exp(X(1,:))),X(1,:)))))))"
2,2,221,"sin(sin(sin(times(times(square(times(tanh(square(X(2,:))),tanh(X(2,:)))),tanh(exp(X(2,:)))),tanh(exp(X(1,:)))))))"
2,2,222,"square(square(plus(square(plus(tanh(minus(X(1,:),X(2,:))),negexp(tanh(times([17.6266],times([17.6150],X(2,:))))))),plus(square(plus(tanh(minus(X(1,:),X(2,:))),negexp(tanh([-14.1398])))),negexp(tanh(minus(X(1,:),X(2,:))))))))"
2,2,223,"negexp(times(square(times(square(cos(cos([51.3897]))),sin(plus(minus(times(times(X(2,:),X(2,:)),exp(X(1,:))),cos(plus(X(2,:),X(1,:)))),negexp(cos([51.3373])))))),sin(tanh(plus(X(1,:),plus(cos(times(tanh(X(1,:)),cos(X(1,:)))),plus(cos(X(1,:)),plus(cos(X(1,:)),exp(X(1,:))))))))))"
2,2,224,"square(times(times(times(plus(square(minus(X(1,:),sin(X(1,:)))),times(square(times([64.6588],X(2,:))),sin(cos(sin(X(1,:)))))),square(square(minus(X(1,:),tanh(sin(X(1,:))))))),cos(sin(X(1,:)))),tanh(times(plus(negexp(plus(times(X(2,:),times([64.3173],X(1,:))),square(X(2,:)))),times(square(times(times([63.7105],X(2,:)),times([63.6852],X(2,:)))),sin(times([63.7077],times([63.7909],X(2,:)))))),square(square(minus(X(1,:),tanh(sin(X(1,:))))))))))"
2,2,225,"times(square(plus(minus([-36.8605],minus(cos(minus(square(X(1,:)),minus(times(X(2,:),[-52.9723]),[21.5285]))),plus(plus(square(X(2,:)),X(2,:)),sin(X(2,:))))),times(X(2,:),[-52.9830]))),square(times(minus(square(X(1,:)),minus([-37.3792],[21.6153])),exp(tanh(plus(negexp(plus(X(1,:),tanh(X(2,:)))),times(square(X(2,:)),plus(X(2,:),X(1,:)))))))))"
2,2,226,"minus(square(minus(cos(cos(exp(plus(square(X(1,:)),cos([16.9303]))))),minus(sin(times(times(X(2,:),[-25.7529]),X(2,:))),X(2,:)))),minus(sin(minus(cos(exp(cos(cos(plus(X(2,:),[-11.2382]))))),minus(sin(X(2,:)),X(2,:)))),minus(cos(cos(exp(minus(X(1,:),minus(sin(X(2,:)),X(2,:)))))),minus(sin(sin(times(times(X(1,:),[-25.7529]),times(square(X(2,:)),[16.8754])))),X(2,:)))))"
2,2,227,"exp(minus(exp(minus(exp(square(tanh(times(X(2,:),negexp(X(1,:)))))),tanh(times(times(times(X(2,:),[52.6563]),square(times(X(2,:),X(1,:)))),[-89.3798])))),tanh(negexp(plus(X(1,:),X(2,:))))))"
2,2,228,"tanh(plus(minus(cos(minus([-45.3337],X(2,:))),times(negexp(tanh(X(2,:))),tanh([-45.3321]))),minus(minus(square(square(sin(square(minus([-45.3321],X(2,:)))))),sin(square(tanh(tanh(X(1,:)))))),exp(tanh(X(2,:))))))"
2,2,229,"plus(plus(times(minus(times(plus(negexp(plus(X(2,:),cos(X(2,:)))),cos(plus(X(2,:),cos(X(2,:))))),negexp(plus(X(2,:),cos(X(2,:))))),X(1,:)),[84.0863]),minus(times(square(X(1,:)),times(square(X(1,:)),minus(negexp(square(square(X(1,:)))),X(1,:)))),plus(cos(X(2,:)),times(negexp(tanh(X(1,:))),negexp(plus(X(1,:),X(2,:))))))),plus(plus(X(2,:),square(negexp(plus(X(2,:),cos(X(2,:)))))),minus(times(square(plus(negexp(plus(X(2,:),cos(X(2,:)))),cos(X(2,:)))),times(square(X(1,:)),minus(negexp(plus(X(2,:),cos(X(2,:)))),X(1,:)))),negexp(plus(X(2,:),cos(negexp(plus(X(2,:),cos(X(1,:))))))))))"
2,2,230,"square(square(minus(exp(exp(cos(tanh(minus(plus([18.6185],X(1,:)),minus(X(2,:),X(1,:))))))),plus(minus(plus(minus(X(2,:),X(1,:)),plus(minus(X(2,:),X(1,:)),sin(tanh(X(2,:))))),X(1,:)),sin(plus([18.9413],X(1,:)))))))"
2,2,231,"minus(minus(plus(times(times(times(times(exp(X(2,:)),X(2,:)),X(2,:)),X(2,:)),negexp(X(1,:))),square(X(1,:))),times(plus(plus(minus(plus(times(exp(X(2,:)),X(2,:)),negexp(X(2,:))),X(2,:)),times(times(exp(X(2,:)),X(2,:)),X(2,:))),times(minus(tanh(exp(X(2,:))),minus([-22.1204],X(2,:))),[71.2679])),square(exp(X(1,:))))),times(times(times(plus(sin(plus(tanh(X(1,:)),tanh(sin(X(1,:))))),sin(exp(sin(X(1,:))))),[71.1335]),square(square([13.8666]))),[13.7064]))"
2,2,232,"exp(times([26.5158],cos(negexp(minus(X(1,:),sin(times(times(cos(X(1,:)),X(1,:)),times(cos([-84.7064]),plus(X(1,:),X(1,:))))))))))"
2,2,233,"times(minus(square(minus(exp(plus(cos(sin(X(2,:))),sin(sin([-86.0676])))),square(sin(plus(square(sin(X(1,:))),X(2,:)))))),times(times(square(cos(minus(square(exp(X(2,:))),exp(X(2,:))))),plus(plus(plus(sin(exp(X(2,:))),sin([-86.0034])),X(2,:)),exp(plus(cos(sin(X(2,:))),sin([-86.0546]))))),square(exp(X(2,:))))),times(X(1,:),negexp(plus(X(2,:),X(2,:)))))"
2,2,234,"square(times(square(plus(plus([90.3869],plus(minus(negexp(sin(X(1,:))),negexp(X(1,:))),plus([89.9970],times(minus([89.9970],[41.3398]),plus(X(2,:),X(1,:)))))),plus(times(minus([90.0124],[41.3398]),plus(X(2,:),X(1,:))),[90.3869]))),square(square(tanh(times(square(plus(square(X(2,:)),negexp([40.3750]))),square(plus(X(2,:),X(2,:)))))))))"
2,2,235,"times(minus(X(2,:),minus(X(1,:),minus(X(2,:),minus(minus(X(1,:),negexp(negexp(X(2,:)))),negexp(negexp(X(2,:))))))),square(times(minus(square(square(tanh(X(1,:)))),minus(X(2,:),X(2,:))),times(times(minus([95.7084],[-29.3767]),X(1,:)),minus(X(1,:),negexp(negexp(X(2,:))))))))"
2,2,236,"times(square(plus(square(times(X(1,:),square(X(1,:)))),minus(square(minus(times(cos(X(1,:)),cos(square(X(1,:)))),sin(times(minus(X(1,:),X(2,:)),minus(X(1,:),X(2,:)))))),negexp(square(plus(sin(sin(X(2,:))),X(2,:))))))),sin(exp(minus(tanh(X(2,:)),sin(sin(X(2,:)))))))"
2,2,237,"times(times(X(1,:),times(plus(X(1,:),X(2,:)),X(2,:))),square(times(square([95.4212]),square(sin(square(times(X(1,:),times(plus(X(2,:),X(2,:)),X(2,:)))))))))"
2,2,238,"plus(plus(plus(plus(plus(times(minus(X(2,:),X(1,:)),X(1,:)),X(1,:)),plus(plus(times(minus(X(2,:),cos(X(1,:))),X(1,:)),cos(X(2,:))),plus(plus(plus(times(X(2,:),X(1,:)),plus(X(2,:),X(2,:))),X(1,:)),exp(exp(cos(X(1,:))))))),plus(plus(plus(times(minus(X(2,:),X(1,:)),X(1,:)),cos(X(1,:))),X(1,:)),plus(plus(plus(cos(X(1,:)),X(1,:)),plus(plus(times(X(2,:),X(1,:)),plus(X(1,:),X(2,:))),X(1,:))),X(2,:)))),plus(plus(plus(exp(exp(cos(X(1,:)))),X(1,:)),plus(plus(plus(plus(times(X(2,:),X(1,:)),plus(X(2,:),X(2,:))),X(1,:)),exp(exp(cos(X(1,:))))),X(2,:))),plus(plus(plus(times(minus(X(2,:),cos(X(1,:))),X(1,:)),cos(X(2,:))),X(2,:)),plus(plus(plus(plus(times(X(2,:),X(1,:)),plus(X(2,:),X(2,:))),X(1,:)),exp(exp(cos(X(1,:))))),plus(plus(plus(times(X(2,:),X(1,:)),X(1,:)),X(1,:)),exp(exp(cos(X(1,:))))))))),plus(plus(plus(plus(plus(plus(times(X(2,:),X(1,:)),plus(X(2,:),X(1,:))),X(1,:)),X(1,:)),plus(plus(plus(plus(times(X(2,:),X(1,:)),plus(X(2,:),X(2,:))),X(1,:)),exp(exp(cos(X(1,:))))),X(2,:))),plus(plus(plus(exp(exp(cos(X(1,:)))),exp(cos(X(1,:)))),X(2,:)),plus(plus(plus(plus(times(X(2,:),X(1,:)),plus(X(1,:),X(2,:))),X(1,:)),exp(exp(sin(X(1,:))))),plus(plus(plus(times(X(2,:),X(1,:)),X(1,:)),X(1,:)),exp(exp(cos(X(1,:)))))))),plus(plus(plus(plus(plus(times(X(2,:),X(1,:)),plus(X(1,:),X(2,:))),X(1,:)),exp(exp(cos(X(1,:))))),exp(exp(cos(X(1,:))))),plus(plus(plus(times(plus(times(X(2,:),X(1,:)),plus(X(2,:),X(2,:))),X(1,:)),plus(X(2,:),X(1,:))),X(1,:)),times(square(X(1,:)),sin(X(1,:)))))))"
2,2,239,"square(square(minus(minus(minus(X(1,:),exp(minus(minus(X(2,:),exp(X(1,:))),plus(cos(X(2,:)),exp(X(1,:)))))),exp(minus(tanh([87.2739]),exp(X(1,:))))),exp(cos(plus(times(plus(plus(X(1,:),X(2,:)),plus(X(1,:),[93.9802])),cos(square([87.2739]))),tanh(square(X(1,:)))))))))"
2,2,240,"square(times(exp(sin(tanh(times(plus(negexp(plus(X(2,:),X(1,:))),exp(negexp(X(2,:)))),negexp(negexp(negexp(X(2,:)))))))),times(exp(exp(sin(minus(X(2,:),X(1,:))))),square(square(minus(X(2,:),X(1,:)))))))"
2,2,241,"square(times(minus(X(2,:),times(minus(X(2,:),square(plus(X(2,:),X(1,:)))),tanh(minus(times(minus(X(1,:),X(2,:)),X(1,:)),X(2,:))))),tanh(minus(negexp(negexp(negexp(cos(X(2,:))))),X(1,:)))))"
2,2,242,"square(square(times(times(plus(exp(sin(sin(sin(X(1,:))))),plus(plus(X(1,:),exp(sin(X(2,:)))),sin(exp(sin(X(1,:)))))),plus(plus(X(1,:),sin(tanh(square(X(1,:))))),sin(exp(sin(X(2,:)))))),X(2,:))))"
2,2,243,"minus(exp(minus(X(1,:),X(2,:))),square(plus(plus(minus(times(X(2,:),X(2,:)),minus([65.7591],minus(X(1,:),[-11.0942]))),sin(cos(plus(minus(times(X(2,:),X(2,:)),[17.8850]),X(1,:))))),square(cos(plus(minus(minus(times(X(2,:),X(2,:)),[18.0369]),[17.9391]),X(1,:)))))))"
2,2,244,"square(square(times(square(minus(minus([24.8653],plus(tanh(negexp([42.3569])),tanh(negexp(X(1,:))))),square(sin(sin(X(1,:)))))),minus([42.3569],minus([42.3569],plus(cos(square(exp([55.1729]))),cos(tanh(negexp(X(1,:))))))))))"
2,2,245,"minus(minus(times(exp(times(X(1,:),X(1,:))),sin(sin(square(plus(X(2,:),minus(plus([9.2890],X(1,:)),sin(X(2,:)))))))),square(minus(plus(square(minus(plus(square(X(2,:)),X(1,:)),sin(plus([9.1709],X(1,:))))),square(plus(X(2,:),minus(plus([9.2779],X(1,:)),X(1,:))))),times(X(1,:),X(1,:))))),square(minus(plus(square(plus(X(2,:),minus(plus([9.0101],X(1,:)),X(1,:)))),square(plus(X(1,:),minus(plus([9.1214],X(1,:)),X(1,:))))),square([-76.0446]))))"
2,2,246,"times(times(times(tanh(X(2,:)),times(tanh(exp(X(2,:))),times(sin(tanh(tanh(exp(X(2,:))))),square(square(minus(cos(X(1,:)),minus([-92.1031],[-53.0254]))))))),square(square(times([-28.3963],sin(square(square(tanh(X(1,:))))))))),square(square(times(square(square(square(tanh(X(1,:))))),sin(tanh(X(1,:)))))))"
2,2,247,"plus(plus(times(square(square([64.2937])),plus(square(times(negexp(negexp(plus(X(2,:),X(2,:)))),X(2,:))),square(square(negexp(negexp(plus(X(2,:),X(2,:)))))))),plus(times(square(square([63.8808])),plus(square(times(negexp(negexp(X(2,:))),X(1,:))),X(1,:))),times(plus(square(negexp(negexp(negexp(X(1,:))))),times(negexp(negexp(exp(X(1,:)))),square([64.3939]))),times(minus(times(exp(X(2,:)),minus(exp(X(1,:)),X(1,:))),plus(times(exp(X(2,:)),X(1,:)),exp(X(1,:)))),[-14.8666])))),square(times(plus(times(exp(X(2,:)),minus(exp(X(1,:)),negexp(negexp(plus(X(2,:),X(1,:)))))),square(negexp(negexp(negexp(plus(X(2,:),X(2,:))))))),square(times(negexp(negexp(plus(X(1,:),plus(X(1,:),X(2,:))))),negexp(negexp(X(1,:))))))))"
2,2,248,"times(plus(X(2,:),[-9.8579]),times(times([-9.9276],minus(minus(X(2,:),plus(plus(X(2,:),plus(X(2,:),[-9.6705])),[-9.8437])),plus(times([-9.8579],minus(X(2,:),plus(X(2,:),plus(X(2,:),[-9.8437])))),plus(plus(X(2,:),cos(X(2,:))),plus(plus(X(2,:),tanh(X(1,:))),[-9.8579]))))),times(plus(times(minus([43.3559],times([-9.8579],minus(X(2,:),plus(X(1,:),[-9.8579])))),X(1,:)),square(times(minus(X(2,:),X(1,:)),minus(cos(plus([67.8347],X(2,:))),plus(X(2,:),[-9.8584]))))),exp(X(2,:)))))"
2,2,249,"times(exp(sin(sin(plus([-26.9582],minus(cos(square(plus(X(2,:),X(1,:)))),minus(cos(X(1,:)),plus(times(X(1,:),X(2,:)),square(X(2,:))))))))),times(cos(minus(cos(square(plus([-24.6164],X(1,:)))),minus(tanh(tanh(tanh(cos(X(1,:))))),X(1,:)))),exp(plus(times(X(1,:),X(2,:)),square(X(1,:))))))"
2,2,250,"exp(negexp(tanh(times(plus(X(1,:),negexp(tanh(X(1,:)))),exp(tanh(times(negexp(sin([58.5099])),negexp(X(2,:)))))))))"
2,2,251,"minus(square(exp(exp(exp(tanh(times(tanh(times([-97.4616],X(1,:))),X(1,:))))))),minus(minus(minus(X(1,:),minus(square(tanh(cos(X(1,:)))),cos(cos(minus(tanh(X(1,:)),negexp(X(2,:))))))),minus(minus(tanh(times(tanh(times([-97.4164],X(1,:))),X(1,:))),X(1,:)),X(1,:))),minus(square(exp(exp(exp(tanh(times([-97.4616],X(1,:))))))),minus(X(1,:),minus(minus(tanh(times(exp(X(1,:)),[-7.6166])),X(1,:)),X(1,:))))))"
2,2,252,"times([91.3589],plus(plus(plus(plus(cos(X(1,:)),plus(X(2,:),sin(X(2,:)))),X(1,:)),plus(exp([34.7175]),X(1,:))),plus(plus(plus(plus(exp(tanh(X(1,:))),X(1,:)),plus(X(1,:),plus(minus(times(X(2,:),X(1,:)),minus(X(2,:),X(2,:))),X(1,:)))),times([82.1248],plus(plus(X(1,:),X(2,:)),plus(plus(X(1,:),X(2,:)),plus(X(1,:),plus(X(2,:),X(1,:))))))),plus(plus(times(plus(plus(X(1,:),X(2,:)),plus(X(1,:),plus(X(2,:),X(1,:)))),plus(plus(X(2,:),[-47.5647]),tanh(X(1,:)))),plus(plus(exp([34.7175]),X(1,:)),plus(X(1,:),X(1,:)))),plus(times(plus(plus(X(2,:),X(1,:)),plus(X(1,:),plus(X(2,:),X(1,:)))),plus(plus(X(2,:),[-47.3703]),X(1,:))),X(1,:))))))"
2,2,253,"square(times(times(minus(minus(X(1,:),cos(minus(minus(minus(X(2,:),[49.7600]),[49.7315]),cos(exp(X(1,:)))))),times(tanh(cos(exp(X(1,:)))),[-67.7244])),times(times(minus(minus(minus(X(2,:),[49.7315]),times(tanh(X(1,:)),[-67.8131])),exp(X(1,:))),cos(exp(X(1,:)))),cos(exp(X(1,:))))),times(times(minus(minus(minus(X(2,:),[49.7315]),times(tanh(X(1,:)),[-67.8131])),exp(X(1,:))),cos(exp(X(1,:)))),cos(exp(X(1,:))))))"
2,2,254,"square(times(sin(square(square(minus(cos(X(2,:)),tanh(X(2,:)))))),square(times(tanh(X(2,:)),plus(plus(plus(square(X(1,:)),[-81.5721]),plus(plus(square(X(1,:)),[-81.4241]),[-81.4232])),[-81.4187])))))"
2,2,255,"square(minus(plus(times(times([23.4684],times([23.4917],[-5.8024])),times(minus(minus(cos(cos(X(1,:))),negexp(X(1,:))),negexp(X(1,:))),cos(X(1,:)))),minus(plus(plus(exp(X(1,:)),exp(X(1,:))),exp(X(1,:))),cos(X(1,:)))),minus(plus([99.9487],X(2,:)),plus(minus(plus(exp(X(1,:)),plus(plus(exp(X(1,:)),exp(X(1,:))),exp(X(1,:)))),negexp([-5.8233])),exp(minus(minus(cos(negexp([-5.8233])),square(tanh(X(2,:)))),negexp(X(1,:))))))))"
2,2,256,"times(square(times(square([-25.0541]),plus(times(tanh(plus(X(1,:),X(1,:))),X(1,:)),X(2,:)))),plus(minus(minus(plus(plus(X(2,:),minus(plus(plus(X(2,:),[71.9339]),X(2,:)),cos(X(2,:)))),X(2,:)),cos(plus(times(tanh(X(1,:)),X(1,:)),X(2,:)))),cos(plus(times(tanh(X(1,:)),X(1,:)),X(2,:)))),plus(X(1,:),X(1,:))))"
2,2,257,"times(plus(plus(plus(plus(plus(tanh(tanh([-71.1617])),negexp(plus(X(1,:),X(2,:)))),negexp(plus(X(1,:),X(2,:)))),square([-71.2002])),plus(plus(plus(plus([-71.1617],negexp(plus(X(1,:),X(2,:)))),negexp(plus(X(1,:),X(2,:)))),square([-71.1617])),negexp(plus(X(1,:),X(2,:))))),plus(plus(plus(plus(plus(plus(cos([-71.2002]),square([-71.2727])),negexp(plus(X(1,:),X(2,:)))),negexp(plus(X(1,:),X(2,:)))),square([-71.1070])),negexp(plus(X(1,:),X(2,:)))),negexp(plus(X(1,:),X(2,:))))),tanh(times(sin(minus(times(minus(sin(X(1,:)),X(1,:)),minus(X(2,:),exp(square(X(2,:))))),exp(X(1,:)))),negexp(times(minus(X(1,:),plus(X(2,:),X(1,:))),sin(times(plus(cos([-71.2780]),square([-71.2780])),X(2,:))))))))"
2,2,258,"times(negexp(negexp(plus(times([-59.7608],tanh(X(1,:))),plus([67.3532],cos(exp(X(2,:))))))),times(times(X(2,:),times(times(X(2,:),times([-3.7973],X(1,:))),times(square(X(1,:)),plus(cos(X(1,:)),X(2,:))))),negexp(plus(cos(plus(cos(times([-59.7608],tanh(X(1,:)))),X(2,:))),X(2,:)))))"
2,2,259,"minus(times(times(times(cos(times(X(1,:),plus(X(2,:),X(2,:)))),square([27.2567])),sin(times(X(2,:),X(2,:)))),times(times(plus(X(2,:),X(2,:)),times(times(times(plus(X(2,:),X(2,:)),times(X(1,:),X(1,:))),square(negexp(X(2,:)))),times(plus(cos(times(X(1,:),X(2,:))),X(2,:)),times(plus(X(2,:),X(2,:)),X(1,:))))),square(negexp(X(2,:))))),minus(times(times(plus(X(2,:),X(2,:)),times(times(times(plus(X(2,:),X(2,:)),times(plus(X(2,:),X(2,:)),X(1,:))),square(negexp(X(2,:)))),times(plus(X(1,:),X(2,:)),times(plus(X(2,:),X(2,:)),plus(X(1,:),X(1,:)))))),square(negexp(plus(cos(square(X(1,:))),X(2,:))))),times(cos(times(times(times(plus(X(2,:),X(2,:)),times(X(1,:),X(1,:))),square(X(1,:))),times(plus(X(2,:),X(2,:)),X(1,:)))),square([27.6019]))))"
2,2,260,"times(times(plus(tanh(X(1,:)),plus(X(2,:),times(X(1,:),X(2,:)))),tanh(tanh(negexp(cos(cos(plus(X(2,:),times(X(1,:),X(2,:))))))))),square(plus(plus(times(X(1,:),X(2,:)),plus(X(2,:),times(X(1,:),X(2,:)))),plus(X(2,:),tanh(square(plus(times(X(1,:),X(2,:)),plus(X(2,:),times(X(1,:),X(2,:))))))))))"
2,2,261,"times(square(square(times(plus(minus(sin(exp(sin(X(2,:)))),X(1,:)),times(plus(X(1,:),times(plus(X(1,:),X(2,:)),[-1.9222])),times(plus(X(1,:),X(2,:)),[-1.8910]))),plus(X(1,:),X(2,:))))),minus(X(1,:),X(2,:)))"
2,2,262,"times(square(plus(plus(X(1,:),sin(plus(square(cos([-33.6755])),X(1,:)))),plus(times(X(1,:),[54.4185]),sin(plus(square(cos(X(2,:))),X(1,:)))))),plus(plus(square(times(plus(cos(X(1,:)),[-33.6755]),sin(plus(square(sin(X(1,:))),[-33.2172])))),times(X(1,:),square(times(plus(X(1,:),[-33.3303]),sin(plus(negexp(X(1,:)),[-33.3303])))))),plus(square(times(plus(sin(plus(negexp(X(1,:)),X(1,:))),plus(sin(times([-33.3303],[-33.3303])),plus(sin(X(1,:)),plus([54.4185],[-33.2831])))),X(2,:))),times(X(1,:),negexp(X(1,:))))))"
2,2,263,"times(plus(plus(plus(plus(plus(X(1,:),X(1,:)),X(1,:)),plus(plus(tanh(plus(plus(X(1,:),X(1,:)),X(1,:))),X(1,:)),plus(X(1,:),X(1,:)))),plus(X(1,:),plus(X(1,:),X(1,:)))),plus(plus(plus(plus(X(1,:),plus(X(1,:),plus(X(1,:),times(X(2,:),X(2,:))))),tanh(times(times(square(X(1,:)),X(2,:)),X(2,:)))),plus(minus(X(1,:),X(2,:)),plus(X(1,:),X(1,:)))),plus(plus(X(1,:),sin(X(2,:))),sin(X(2,:))))),square(square(square(times(X(1,:),tanh(times(square(X(1,:)),X(2,:))))))))"
2,2,264,"times([-95.6470],minus(minus(minus(minus(minus(X(2,:),exp(sin(sin(X(1,:))))),plus(minus(square(X(2,:)),X(2,:)),minus(cos(X(2,:)),X(2,:)))),times(cos(minus(square(square(X(2,:))),minus(cos(X(2,:)),square(X(2,:))))),exp(exp(sin(X(1,:)))))),times(cos(exp(sin(X(1,:)))),X(1,:))),times(cos(exp(sin(plus(X(2,:),cos(X(2,:)))))),plus(plus(X(1,:),exp(sin(minus(X(2,:),X(1,:))))),exp(cos(X(1,:)))))))"
2,2,265,"square(minus(times(plus(plus(minus(sin(cos([32.8428])),sin(plus(X(1,:),X(2,:)))),minus(sin(cos([32.8401])),sin([51.5408]))),negexp(exp(X(1,:)))),times(plus(plus(cos(exp(X(1,:))),plus(cos(exp(X(1,:))),minus(plus(X(1,:),[33.0640]),X(1,:)))),negexp(minus(plus(X(1,:),X(2,:)),sin([51.7427])))),plus(minus(sin(exp(X(1,:))),times(sin(cos([32.8401])),[-93.9480])),cos(X(1,:))))),sin(minus(minus(sin(cos(X(1,:))),sin(sin(exp(X(1,:))))),sin(plus(sin([51.7427]),X(2,:)))))))"
2,2,266,"square(times(plus(times(tanh(X(1,:)),X(1,:)),times(X(2,:),times(tanh(times(X(2,:),X(1,:))),X(1,:)))),times([-90.3461],times(tanh(square(X(1,:))),square(times(tanh(X(1,:)),X(1,:)))))))"
2,2,267,"exp(plus(sin(sin(minus(sin(X(2,:)),sin(plus(minus(plus([39.6754],X(1,:)),exp(X(1,:))),plus([39.8160],[-13.5842])))))),minus(plus(minus(minus(X(1,:),X(1,:)),plus([15.3216],[-58.1755])),[-13.3633]),exp(X(2,:)))))"
2,2,268,"plus(minus(plus(X(1,:),square(times(plus(plus(X(1,:),X(2,:)),minus(negexp(square(X(1,:))),sin(tanh(X(2,:))))),X(2,:)))),square(plus(minus(plus(times(X(2,:),X(2,:)),X(2,:)),plus(plus(square(X(1,:)),plus(X(2,:),X(1,:))),plus(X(2,:),exp(X(2,:))))),plus(plus(square(times(X(1,:),X(2,:))),X(2,:)),plus(plus(minus(plus(X(1,:),X(2,:)),square([35.1031])),exp(X(1,:))),exp(X(1,:))))))),plus(plus(square(times(times(X(2,:),X(2,:)),plus(square(cos(tanh(X(2,:)))),plus(X(1,:),plus(X(1,:),X(2,:)))))),square(times(X(1,:),X(1,:)))),plus(plus(X(1,:),plus(plus(square(times(X(1,:),exp(X(2,:)))),exp(X(1,:))),X(2,:))),plus(plus(square(sin(X(1,:))),square(square(X(1,:)))),square(X(1,:))))))"
2,2,269,"minus(minus(X(2,:),minus(times(times(negexp(X(2,:)),plus(X(1,:),tanh(minus(X(2,:),times(X(1,:),X(2,:)))))),X(2,:)),minus(plus([-34.3420],X(2,:)),X(1,:)))),sin(minus(minus(negexp(plus(X(1,:),X(2,:))),tanh(times(plus(X(1,:),X(2,:)),sin(X(2,:))))),minus(X(2,:),minus(X(2,:),sin(times(X(1,:),negexp(plus([-34.3060],X(2,:))))))))))"
2,2,270,"plus(plus(times(X(2,:),square(times(sin(X(2,:)),square(square(X(2,:)))))),times(exp(X(2,:)),square([24.2913]))),plus(plus(plus(times(X(2,:),square(times(sin(sin(X(2,:))),square(square(X(2,:)))))),X(1,:)),times(sin(X(2,:)),square([22.9027]))),times(square(square(X(2,:))),exp(tanh(negexp(minus(exp(X(1,:)),times([23.0766],X(1,:)))))))))"
2,2,271,"square(square(times(sin(tanh(tanh(minus(minus(X(1,:),X(2,:)),X(2,:))))),times(cos(sin(tanh(square(X(1,:))))),plus(minus(X(1,:),X(2,:)),X(1,:))))))"
2,2,272,"exp(square(square(exp(tanh(minus(minus(exp(times(X(1,:),X(2,:))),X(2,:)),tanh(square(X(1,:)))))))))"
2,2,273,"times(times(square(times(negexp(X(1,:)),square(square(plus(negexp(sin(X(1,:))),negexp(X(1,:))))))),negexp(cos(plus(square(X(1,:)),cos([-64.2283]))))),negexp(sin(cos(square(square(exp(minus(exp(X(1,:)),tanh(X(1,:))))))))))"
2,2,274,"plus(times(square(square(times(square(plus(X(1,:),X(2,:))),tanh(square(plus(tanh(X(1,:)),X(2,:))))))),times(negexp(tanh([49.0788])),minus(times([-65.3861],plus(sin(X(2,:)),X(2,:))),times(square(exp(sin(X(2,:)))),plus(X(1,:),square(plus(tanh(X(1,:)),X(2,:)))))))),times(square(square(times(square(plus(X(1,:),X(2,:))),tanh(plus(X(1,:),X(2,:)))))),square(plus(X(1,:),plus(plus(X(1,:),X(2,:)),X(1,:))))))"
2,2,275,"times(square(square(times(plus(X(2,:),X(2,:)),cos(negexp(X(1,:)))))),plus(tanh(times(square(square(times(X(1,:),cos(negexp(X(1,:)))))),plus(tanh(X(1,:)),negexp(sin(square(X(2,:))))))),negexp(sin(negexp(minus(exp(cos(plus(X(2,:),X(2,:)))),cos(plus([-41.4045],X(1,:)))))))))"
2,2,276,"minus(minus(times(square(times(minus(sin(times(sin(X(2,:)),X(2,:))),X(1,:)),[91.6978])),plus(minus(minus(times(X(2,:),X(2,:)),minus(sin(plus([91.6820],[87.9809])),X(1,:))),minus(exp(tanh(exp(X(1,:)))),X(1,:))),sin(minus(sin(plus([91.6820],[87.9809])),X(1,:))))),plus(times(X(1,:),plus(minus(times(sin(X(2,:)),X(2,:)),square(exp(X(1,:)))),minus(X(1,:),square(exp(X(1,:)))))),times(cos(times(X(2,:),times(X(2,:),X(2,:)))),plus([69.4327],minus(times(sin(X(2,:)),X(2,:)),square(exp(X(1,:)))))))),plus(times(cos(times(X(2,:),sin(X(2,:)))),plus([69.4327],minus(sin(plus([91.6820],[87.9809])),square(exp(X(1,:)))))),times(cos(X(2,:)),plus(plus([91.6820],times(square(exp(X(1,:))),minus(sin(plus([91.6820],X(2,:))),exp(X(1,:))))),plus([91.6820],times(square(exp(X(1,:))),X(2,:)))))))"
2,2,277,"square(minus(minus(times(times(sin(times(square(X(1,:)),times(X(1,:),exp(X(2,:))))),plus([-67.1035],[28.0325])),[96.8275]),times(times(square(plus(sin(cos([96.6137])),sin(tanh(X(2,:))))),plus(X(1,:),cos(X(2,:)))),times(sin(times(square(square(X(1,:))),times(X(2,:),exp(X(2,:))))),[96.7007]))),times(X(1,:),times(sin(times(square(X(1,:)),times(square(X(2,:)),times(X(2,:),exp(X(2,:)))))),[96.5086]))))"
2,2,278,"square(plus(plus(plus(plus(plus(plus(exp(X(1,:)),sin(plus(X(1,:),X(1,:)))),cos(X(1,:))),cos(X(1,:))),cos(X(1,:))),plus(plus(exp(minus(X(2,:),square(negexp(X(1,:))))),cos(plus(X(1,:),X(1,:)))),cos(negexp(tanh(X(1,:)))))),cos(X(1,:))))"
2,2,279,"times(exp(exp(plus(cos(times(X(1,:),[-23.6588])),times(times(minus(times([-23.6588],[-23.6588]),times([80.2803],[77.3654])),exp([-23.7367])),minus(times([77.4430],times([80.2803],[-23.6588])),times(tanh(minus([80.2803],[77.4430])),times(X(1,:),[-23.6588]))))))),exp(plus(plus(plus(plus(cos(times(X(1,:),[-23.6588])),cos(times([-23.7367],[-23.5914]))),times(times(minus(times([-23.6588],[-23.6588]),times([80.2803],[77.3654])),exp([-23.7367])),minus(minus([-23.6874],X(1,:)),times(X(2,:),[-23.6588])))),cos(tanh(times(X(1,:),minus([-23.6874],X(2,:)))))),negexp(plus(plus(cos(times(X(1,:),[-23.6588])),cos(tanh(minus([80.2803],[77.6205])))),times(times(minus(times([-23.6588],[-23.6588]),times([80.2803],[77.3654])),exp(times(X(1,:),[-23.7367]))),minus(times([77.4430],times([77.4430],[-23.6588])),minus(X(2,:),times([80.2803],[77.3654])))))))))"
2,2,280,"times(times(negexp(sin(sin(times(X(2,:),[81.9358])))),square(times(times(sin(negexp(sin(times(X(2,:),[81.9358])))),plus(minus(minus(square(X(1,:)),[0.8851]),negexp([0.9129])),[66.5799])),times(minus(X(2,:),X(1,:)),X(1,:))))),times(X(2,:),[93.5550]))"
2,2,281,"exp(minus(cos(minus(sin(sin(negexp(tanh([-12.6099])))),times(negexp(negexp(negexp(X(1,:)))),tanh(tanh(times(X(2,:),times(X(2,:),X(2,:)))))))),[-22.2032]))"
2,2,282,"exp(times(minus(plus(X(2,:),times(plus(tanh(plus([-97.0064],times(X(2,:),X(2,:)))),plus(tanh(times(X(2,:),X(2,:))),X(1,:))),tanh(X(1,:)))),[-43.2656]),tanh(cos(negexp(sin(tanh(X(2,:))))))))"
2,2,283,"square(minus(negexp(times(times(times(tanh(times(times(X(1,:),[-8.6621]),tanh(X(1,:)))),X(1,:)),[-8.6438]),cos(times(tanh(times(X(1,:),times(X(1,:),[-8.5981]))),X(1,:))))),exp(minus(sin(sin(cos(sin(times(X(1,:),X(1,:)))))),plus(tanh(times(times(tanh(X(1,:)),X(1,:)),times(X(1,:),[-8.6621]))),cos(X(1,:)))))))"
2,2,284,"exp(plus(negexp(sin([10.6850])),plus(cos(plus(plus([10.6850],X(2,:)),times(sin(X(2,:)),X(2,:)))),plus(cos(square(tanh(tanh(square([10.8171]))))),plus(cos(square(tanh(tanh(X(1,:))))),plus(cos(plus([9.9057],plus([11.0236],X(2,:)))),plus(plus([10.9423],X(2,:)),times(sin(X(2,:)),X(2,:)))))))))"
2,2,285,"times(square(square(square(minus(X(1,:),X(2,:))))),sin(cos(times(plus(X(2,:),sin(tanh(times(plus(X(2,:),X(1,:)),plus([-63.6932],[-63.6142]))))),sin(negexp(plus(X(2,:),sin(X(1,:)))))))))"
2,2,286,"times(square(times(times(square(tanh(tanh(X(1,:)))),X(1,:)),times(square(X(1,:)),plus(X(2,:),[43.1673])))),plus(times(X(1,:),[-92.2891]),square(times(times(tanh(square(square(tanh(X(1,:))))),plus(X(2,:),X(1,:))),times(times(tanh(square(X(2,:))),times(tanh(X(1,:)),X(1,:))),square(times(tanh(X(1,:)),X(1,:))))))))"
2,2,287,"times(sin(minus(sin(minus(tanh(plus(X(1,:),sin([16.7344]))),times(cos(plus(X(2,:),X(1,:))),negexp(X(2,:))))),times(cos(plus(X(2,:),X(1,:))),negexp(X(2,:))))),square(square(square(plus(X(2,:),X(1,:))))))"
2,2,288,"square(square(plus(tanh(plus(sin(sin([-49.8327])),square(cos(square(plus(X(2,:),X(1,:))))))),plus(exp(exp(tanh(tanh([-49.8661])))),plus(X(2,:),X(1,:))))))"
2,2,289,"square(square(square(plus(X(1,:),times(tanh(tanh(X(1,:))),plus(exp(sin(cos(X(1,:)))),X(2,:)))))))"
2,2,290,"times(plus(plus(times(X(1,:),times(times(X(2,:),[-22.7650]),[-10.4174])),plus(plus(times(X(1,:),times(square([91.9276]),[-10.5249])),plus(times(X(1,:),times(times(X(2,:),[-22.7650]),[-10.3301])),times(square([91.9276]),times(X(1,:),[91.6127])))),[-22.7650])),plus(times(X(1,:),times(times(X(2,:),[-22.7650]),[-10.4196])),negexp(times(tanh(times(X(2,:),[-22.7650])),sin(X(2,:)))))),[31.2612])"
2,2,291,"times(times(times(square(plus(X(1,:),plus(X(1,:),plus(tanh(square(X(1,:))),X(2,:))))),square(tanh(tanh(square(X(2,:)))))),tanh(tanh(times(times(tanh(square(tanh(X(2,:)))),square(tanh(square(X(2,:))))),[-47.7204])))),square([-47.8552]))"
2,2,292,"plus(times(tanh(plus(times(tanh(X(2,:)),square(plus(X(2,:),X(2,:)))),plus(tanh(times(cos(X(2,:)),tanh(sin(X(1,:))))),plus(square(X(1,:)),plus(X(1,:),X(2,:)))))),square(plus(X(2,:),X(1,:)))),plus(plus(times(tanh(plus(times(tanh(X(2,:)),square(plus(X(2,:),X(2,:)))),times(tanh(X(1,:)),plus(X(1,:),tanh(X(1,:)))))),square(plus(X(2,:),X(1,:)))),plus(tanh(times(minus(X(1,:),X(2,:)),plus(tanh(X(1,:)),X(2,:)))),plus(times(tanh(X(1,:)),plus(X(1,:),plus(X(1,:),X(2,:)))),plus(tanh(times(X(1,:),plus(X(1,:),X(2,:)))),plus(square(X(1,:)),X(1,:)))))),plus(times(minus(X(1,:),X(2,:)),tanh(X(2,:))),plus(tanh(times(X(1,:),plus(X(1,:),X(2,:)))),plus(plus(tanh(times(tanh(X(1,:)),plus(X(2,:),X(2,:)))),plus(square(X(1,:)),X(1,:))),X(1,:))))))"
2,2,293,"exp(times(minus(plus(plus([26.3752],X(1,:)),plus(X(2,:),tanh(plus(square(X(1,:)),exp(tanh(X(2,:))))))),minus(cos(X(1,:)),tanh(X(2,:)))),tanh(plus(plus(minus(square(X(2,:)),tanh(X(1,:))),plus(minus(cos(X(1,:)),tanh(tanh(X(2,:)))),X(1,:))),plus(cos(X(1,:)),X(1,:))))))"
2,2,294,"square(square(times(plus(exp(sin(square(X(1,:)))),plus(plus(plus(exp([-15.5163]),exp([-15.4355])),exp([-15.5163])),plus(plus(plus(exp([-15.5163]),exp([-15.4355])),exp([-15.4355])),exp(cos(square([-27.3870])))))),square(plus(X(2,:),square(exp(sin(negexp(X(2,:))))))))))"
2,2,295,"plus(plus(plus(times(square(X(2,:)),[-52.9395]),exp(square(X(2,:)))),plus(plus(times([77.7131],times(exp(X(1,:)),X(2,:))),exp(square(X(2,:)))),times(times(exp(square(X(1,:))),square(X(2,:))),X(2,:)))),plus(plus(exp(square(X(2,:))),plus(plus(exp(square(X(2,:))),times(times(square([77.7904]),X(2,:)),X(2,:))),times(times(exp(square(X(1,:))),X(2,:)),X(2,:)))),plus(plus(times(times(square([77.7810]),X(2,:)),[-52.8699]),plus(plus(times(exp(X(1,:)),[-52.9395]),plus(exp(square(X(2,:))),exp(square(X(2,:))))),times(times(square([78.0213]),X(2,:)),negexp(tanh(cos(X(1,:))))))),times(times(exp(square(X(1,:))),[-52.5938]),X(2,:)))))"
2,2,296,"minus(minus(tanh(minus(tanh(negexp(exp(tanh(minus(X(2,:),X(2,:)))))),plus(tanh(negexp(times(tanh(X(2,:)),plus(X(1,:),[6.4607])))),exp(times(X(2,:),X(1,:)))))),tanh(plus(tanh(square(times(exp(times(X(2,:),X(1,:))),times(times([6.6589],X(2,:)),X(1,:))))),exp(negexp(exp(tanh(minus(X(2,:),X(1,:))))))))),sin(cos(cos(cos(tanh(exp(X(1,:))))))))"
2,2,297,"times(square(square(minus(minus(X(2,:),X(1,:)),sin(minus(minus(X(2,:),X(1,:)),exp(plus([38.8504],plus(X(2,:),[-56.5988])))))))),square(minus(minus(square(minus(minus(X(1,:),minus(X(2,:),X(1,:))),X(2,:))),square([38.7291])),minus(minus(minus([38.8034],tanh(plus(X(2,:),square(X(2,:))))),square(minus(X(1,:),X(2,:)))),square(minus(X(1,:),X(2,:)))))))"
2,2,298,"times(plus(plus(minus(minus([36.2713],[-61.0698]),square(X(2,:))),cos(times(times(times(X(2,:),X(2,:)),times(X(2,:),X(2,:))),exp(plus(X(1,:),tanh(X(2,:))))))),minus(times(tanh(times([81.2714],plus(plus(X(2,:),X(1,:)),tanh(X(2,:))))),times(X(2,:),X(1,:))),square(plus(X(1,:),X(2,:))))),times([81.2714],plus(plus(X(2,:),X(1,:)),tanh(X(2,:)))))"
2,2,299,"plus(plus(plus(minus(times(square(X(1,:)),cos(X(2,:))),tanh(times(square(negexp(X(2,:))),plus(X(1,:),X(1,:))))),plus(plus(X(1,:),times(square(plus(exp(X(1,:)),negexp(X(2,:)))),X(1,:))),plus(X(1,:),plus(square(plus(minus(X(1,:),[29.7115]),negexp(X(2,:)))),negexp(X(1,:)))))),plus(plus(square(plus(minus(X(1,:),[29.7630]),negexp(X(2,:)))),times(square(negexp(X(2,:))),plus(X(1,:),X(1,:)))),plus(plus(square(plus(X(1,:),negexp(X(2,:)))),times(square(negexp(X(2,:))),plus(X(1,:),X(1,:)))),plus(plus(X(1,:),X(1,:)),X(1,:))))),plus(plus(X(2,:),plus(plus(X(1,:),times(square(plus(exp(X(1,:)),negexp(X(2,:)))),plus(X(1,:),X(1,:)))),plus(X(1,:),plus(X(1,:),negexp(X(1,:)))))),plus(plus(square(plus(minus(X(1,:),[29.7115]),negexp(X(2,:)))),times(square(negexp(X(2,:))),plus(X(1,:),X(1,:)))),plus(plus(square(plus(X(2,:),negexp(X(2,:)))),times(square(negexp(X(2,:))),plus(plus(X(1,:),X(1,:)),X(1,:)))),negexp(X(1,:))))))"
2,2,300,"times(times(sin(negexp(tanh(tanh(sin(sin(X(2,:))))))),tanh(minus(times(negexp(plus(square(square(X(2,:))),tanh(sin(X(1,:))))),sin(minus([-80.8186],X(2,:)))),sin(minus([-80.8275],tanh(tanh(X(2,:)))))))),sin(sin(exp(tanh(plus(square(times(X(2,:),times(X(2,:),X(1,:)))),sin(minus([-80.8167],X(2,:)))))))))"
2,2,301,"square(times(minus(X(2,:),X(1,:)),times(plus(times(times(plus(X(2,:),[-59.4856]),tanh(X(1,:))),tanh(minus(square(exp(X(2,:))),tanh(cos(X(2,:)))))),square(sin(tanh(X(1,:))))),tanh(times(times(cos(negexp(X(2,:))),times(X(1,:),plus(X(1,:),X(1,:)))),times(X(1,:),X(1,:)))))))"
2,2,302,"times(plus(plus(sin(minus(square(X(1,:)),exp(X(2,:)))),square(cos(sin(negexp(cos(X(1,:))))))),X(2,:)),square(minus(times(plus(plus(X(1,:),X(1,:)),X(2,:)),X(2,:)),sin(times(plus(plus(X(1,:),X(1,:)),X(2,:)),X(2,:))))))"
2,2,303,"times(cos(minus(exp(X(1,:)),times(exp(X(1,:)),plus(plus([94.0664],square(X(1,:))),X(1,:))))),minus(minus(minus(minus(square(square(times(plus(X(2,:),X(1,:)),plus(X(1,:),X(1,:))))),exp(cos(plus(X(1,:),X(1,:))))),sin(square(plus(square(negexp(X(1,:))),X(1,:))))),X(2,:)),sin(X(2,:))))"
2,2,304,"plus(tanh(cos(tanh(negexp(tanh(cos(cos(negexp(X(2,:))))))))),plus(tanh(cos(negexp(square(tanh(times(sin(X(1,:)),[-29.2135])))))),plus(tanh(cos(sin(sin(negexp(square(X(1,:))))))),plus(tanh(cos(cos(negexp(X(1,:))))),tanh(tanh(negexp(square(X(2,:)))))))))"
2,2,305,"square(square(minus(square(negexp(negexp(square(negexp(X(2,:)))))),plus(square([33.8925]),plus(cos(tanh(plus(square(X(1,:)),minus(X(2,:),X(1,:))))),sin(tanh(square(square(X(2,:))))))))))"
2,2,306,"times(square(square(square(plus(minus(X(2,:),tanh(tanh(plus(X(1,:),X(2,:))))),X(1,:))))),exp(negexp(tanh(minus(plus(tanh(plus(plus(X(1,:),X(2,:)),tanh([-87.8201]))),tanh(plus(plus(X(1,:),X(2,:)),[-5.0402]))),plus(X(1,:),X(2,:)))))))"
2,2,307,"plus(square(plus(minus(plus(minus(plus(plus(X(2,:),exp(X(1,:))),exp(X(2,:))),plus(plus(X(1,:),X(1,:)),plus(plus([-79.3681],X(1,:)),X(1,:)))),plus(plus(X(2,:),exp(X(1,:))),exp(X(2,:)))),plus(plus(plus([-79.2486],X(1,:)),X(1,:)),plus([-79.3512],plus([-79.3512],X(1,:))))),plus(plus(plus(minus(plus(X(2,:),exp(X(1,:))),plus(plus([-79.3512],X(1,:)),plus([-79.2847],X(1,:)))),plus(plus(X(2,:),exp(X(1,:))),exp(X(2,:)))),exp(X(1,:))),exp(X(2,:))))),plus(square(plus(minus(plus(minus(X(1,:),plus(plus([-79.9029],X(1,:)),X(1,:))),plus(plus(X(2,:),exp(X(1,:))),exp(X(2,:)))),plus(plus(exp(X(1,:)),X(1,:)),X(2,:))),plus(plus(plus(X(2,:),exp(X(1,:))),exp(X(2,:))),exp(X(2,:))))),exp(negexp(times(tanh(square(plus(X(1,:),tanh([-15.0011])))),times(sin(exp(X(2,:))),negexp(times(tanh([-14.8798]),tanh(X(1,:))))))))))"
2,2,308,"square(times([-16.0639],times(times(square(X(2,:)),times(times(times(tanh(tanh(X(1,:))),negexp(cos(X(2,:)))),[-32.1647]),square(X(2,:)))),tanh(times(times(times(minus(tanh(X(2,:)),square(X(2,:))),tanh(X(2,:))),tanh(tanh(square(X(2,:))))),negexp(tanh(tanh(square(X(2,:))))))))))"
2,2,309,"times([98.4043],times(minus(X(2,:),[-46.3065]),square(times(minus(cos(sin(X(2,:))),tanh(X(2,:))),plus(plus(square(X(1,:)),times(X(2,:),sin(X(2,:)))),plus(plus(square(X(2,:)),times(X(2,:),X(2,:))),tanh(tanh(tanh(X(2,:))))))))))"
2,2,310,"times(square(minus(times(X(1,:),X(1,:)),square(times(cos(negexp(X(1,:))),[-15.7434])))),plus(plus(times(X(1,:),X(1,:)),minus(times(cos(negexp(X(1,:))),[-15.3565]),square(times(cos(cos([-15.7377])),[-15.6514])))),plus(square(exp(cos(times(cos(plus(X(1,:),[76.0878])),cos(negexp(X(1,:))))))),minus(times(X(1,:),X(1,:)),plus(cos(times(exp(minus(X(1,:),X(2,:))),[-15.4358])),minus(minus(cos(X(1,:)),X(2,:)),X(2,:)))))))"
2,2,311,"times(plus(plus(X(1,:),plus(plus(plus(X(1,:),plus(plus(X(1,:),X(2,:)),X(1,:))),plus(minus(square(plus(X(1,:),X(2,:))),minus(sin(X(2,:)),exp([35.0558]))),plus(X(1,:),square(sin(X(1,:)))))),plus(plus(X(1,:),X(2,:)),plus(plus(X(1,:),X(2,:)),plus(X(1,:),X(1,:)))))),X(1,:)),[-81.3012])"
2,2,312,"plus(times(minus(times(cos(exp(exp(cos(tanh(X(1,:)))))),cos(X(1,:))),[96.0407]),X(1,:)),times(times(plus(X(2,:),times(tanh(tanh(exp(tanh([95.9911])))),X(1,:))),times(times(tanh(exp(exp(cos(X(2,:))))),X(1,:)),cos(exp(cos(X(2,:)))))),exp(X(1,:))))"
2,2,313,"times(times(square(X(2,:)),plus(times(tanh(times(square(square(square(X(2,:)))),plus(times(X(2,:),square(X(1,:))),X(1,:)))),square(times(square(X(2,:)),plus(times(tanh(X(2,:)),square([-16.9177])),cos(tanh(X(2,:))))))),times(tanh(times(square(square(square(X(2,:)))),plus(times(tanh(X(2,:)),square(X(1,:))),X(1,:)))),square(times(square(X(2,:)),plus(times(tanh(X(2,:)),square([-16.9237])),cos(tanh(X(2,:))))))))),times(X(1,:),square(plus(times(tanh(X(2,:)),square(X(1,:))),times(tanh(times(tanh(tanh(X(2,:))),square(X(1,:)))),plus(X(1,:),X(2,:)))))))"
2,2,314,"times(square(cos(minus(negexp(X(1,:)),square(X(2,:))))),times(cos(minus(plus(square(times(cos(square(X(2,:))),X(1,:))),square(times(negexp(X(1,:)),plus(plus([-35.3455],X(1,:)),[74.8430])))),tanh(times(minus(X(1,:),X(2,:)),plus(plus([-35.3455],negexp(X(1,:))),[73.4548]))))),times(X(1,:),minus(plus(plus(plus(minus(sin([89.5178]),cos([73.4548])),minus(minus(X(1,:),X(2,:)),X(2,:))),sin(X(1,:))),square(times(sin(square(X(2,:))),plus(cos(X(2,:)),[-35.2815])))),X(1,:)))))"
2,2,315,"times(plus(cos(X(2,:)),square(tanh(minus(tanh(X(2,:)),plus([-1.4208],X(2,:)))))),plus(plus(minus(minus(negexp(X(2,:)),tanh(negexp(times(X(1,:),X(2,:))))),tanh(X(2,:))),square(X(1,:))),minus(cos(cos(minus(negexp(cos(X(1,:))),plus(minus(negexp([12.2058]),tanh(X(2,:))),square(negexp(X(2,:))))))),minus(minus(minus(minus(minus(X(1,:),[12.2058]),tanh(square(X(1,:)))),tanh(square(X(1,:)))),tanh(square(X(1,:)))),minus(plus(minus(times(X(1,:),X(2,:)),plus([-1.2983],X(2,:))),minus(tanh(square(X(1,:))),plus([-1.4666],X(2,:)))),sin(plus(times(X(1,:),square(X(1,:))),exp(X(2,:)))))))))"
2,2,316,"times([-18.7404],square(square(plus(exp(cos(times(times(times(X(1,:),X(1,:)),negexp(X(2,:))),times(times(X(1,:),X(1,:)),cos([-73.3821]))))),exp(cos(times(times(times(X(1,:),X(1,:)),negexp(X(2,:))),times(times(X(2,:),X(1,:)),cos(X(2,:))))))))))"
2,2,317,"times(minus(plus(exp(times(X(2,:),X(2,:))),times(square(times(X(2,:),minus([66.7097],square(X(1,:))))),X(2,:))),square(times(cos(exp(times(X(2,:),X(2,:)))),[66.9794]))),square(times(cos(times(tanh(X(1,:)),cos([-54.4828]))),minus(cos(times(X(2,:),exp(square(X(2,:))))),X(2,:)))))"
2,2,318,"cos(exp(sin(times(square(cos(minus(X(2,:),minus(sin(X(1,:)),plus([-42.6028],X(2,:)))))),exp(X(2,:))))))"
2,2,319,"square(times(square(times(plus(cos(X(2,:)),plus(plus(cos(X(2,:)),[30.0904]),square(sin(X(2,:))))),cos(plus(tanh(plus(X(2,:),sin(X(1,:)))),plus(sin(X(2,:)),negexp([-14.6333])))))),plus(exp(sin(plus(plus(X(2,:),X(2,:)),plus(plus(cos(X(2,:)),[30.2914]),square(sin(X(1,:))))))),X(2,:))))"
2,2,320,"plus(plus(exp(X(2,:)),plus(plus(plus(exp(X(2,:)),plus(plus(plus(times([-95.2407],[37.6340]),plus(X(1,:),[-23.8923])),plus(exp(X(2,:)),times(X(1,:),X(2,:)))),exp(X(1,:)))),plus(plus(exp(X(2,:)),plus(exp(X(2,:)),times(X(1,:),X(2,:)))),exp(X(1,:)))),plus(plus(cos(X(1,:)),plus(plus(exp(X(2,:)),X(2,:)),X(1,:))),exp(X(1,:))))),exp(X(1,:)))"
2,2,321,"exp(exp(tanh(minus(times(tanh(tanh(times(plus(X(2,:),X(1,:)),plus(X(2,:),X(1,:))))),plus(X(2,:),X(1,:))),negexp(minus(cos(times(tanh([-13.6546]),plus(X(2,:),[78.1109]))),sin(X(1,:))))))))"
2,2,322,"plus(square(plus(minus(minus(minus(X(1,:),X(2,:)),X(2,:)),times([-11.7565],minus(X(2,:),X(1,:)))),[41.4534])),times(minus(X(1,:),tanh(negexp(X(1,:)))),minus(times(negexp(plus(minus(cos(X(2,:)),sin([95.8235])),sin(times(minus(X(2,:),X(1,:)),minus(X(2,:),X(1,:)))))),negexp(X(1,:))),minus(sin(minus(cos(X(2,:)),tanh(negexp(X(1,:))))),exp(X(2,:))))))"
2,2,323,"sin(negexp(plus(plus(tanh(exp(plus(X(2,:),square(sin(X(1,:)))))),square(sin(plus(X(2,:),exp(tanh(X(1,:))))))),negexp(exp(square(minus(X(2,:),X(1,:))))))))"
2,2,324,"times(square(square(times(minus(exp([-5.9903]),tanh(times(sin([-6.1348]),times(X(2,:),X(1,:))))),square(times(tanh(times(times(X(2,:),X(1,:)),X(2,:))),exp(tanh(tanh(X(1,:))))))))),exp(square(square(times(minus(negexp(times(square(X(2,:)),square(X(2,:)))),tanh(times(times(X(2,:),X(1,:)),X(2,:)))),exp(tanh(exp(X(1,:)))))))))"
2,2,325,"plus(plus(square(minus(minus(minus(minus([90.7151],plus(X(1,:),X(1,:))),negexp(X(2,:))),negexp(X(2,:))),negexp(X(2,:)))),times(minus(square(minus(minus([4.8534],X(1,:)),X(1,:))),[5.2760]),square(square(minus(minus(minus([81.5117],minus(X(2,:),X(1,:))),X(1,:)),negexp(X(2,:))))))),times(X(1,:),square(square(minus(minus(minus(minus([5.1425],X(1,:)),X(1,:)),square([5.3180])),negexp(X(1,:)))))))"
2,2,326,"minus(square(minus(X(1,:),negexp(cos(exp(negexp(sin(square(X(2,:))))))))),minus(minus(X(1,:),[93.2184]),plus(exp(negexp(negexp(square(X(1,:))))),plus(exp(negexp(negexp(sin(square(X(2,:)))))),exp(negexp(negexp(sin(square(X(2,:))))))))))"
2,2,327,"times(exp(minus(square(square(minus(exp(tanh(tanh(X(1,:)))),negexp(plus(square(X(1,:)),square(X(2,:))))))),minus(tanh(times(exp(tanh(X(1,:))),X(2,:))),X(1,:)))),plus(X(2,:),square(minus(exp(tanh(tanh(X(1,:)))),negexp(plus(square(X(1,:)),sin(minus(tanh(X(1,:)),X(1,:)))))))))"
2,2,328,"cos(minus(sin(tanh(times(minus(cos(plus(X(2,:),times(X(2,:),[-52.8793]))),X(2,:)),square(tanh(square(tanh(X(2,:)))))))),negexp(tanh(times(minus(cos(sin(cos(X(1,:)))),exp(X(2,:))),exp(X(2,:)))))))"
2,2,329,"times(square(minus(X(1,:),times(X(2,:),plus(plus(X(2,:),plus(X(2,:),exp(cos(X(2,:))))),X(2,:))))),plus(plus(X(2,:),exp(cos(sin(cos(times([7.9641],X(2,:))))))),plus(plus(tanh(plus(X(2,:),X(1,:))),X(2,:)),plus(X(2,:),exp(X(1,:))))))"
2,2,330,"times(times(square(square(minus(X(1,:),plus(X(2,:),X(2,:))))),exp(exp(tanh(exp(tanh(minus(tanh(X(2,:)),plus(X(2,:),X(2,:))))))))),exp(exp(sin(tanh(exp(tanh(exp(X(1,:)))))))))"
2,2,331,"plus(times(plus(negexp(cos(X(1,:))),minus(square(cos(negexp(negexp(X(1,:))))),square(X(2,:)))),square(square(times(X(2,:),X(1,:))))),plus(times(times(X(1,:),plus(plus(plus(minus(X(2,:),square([-53.5919])),times(square([-53.5919]),sin(X(2,:)))),X(2,:)),negexp(X(1,:)))),X(2,:)),times(minus(plus(plus(X(1,:),plus(times(X(2,:),X(1,:)),negexp(square([-29.3238])))),plus(times(X(1,:),X(2,:)),minus(X(2,:),[20.6142]))),minus(minus(times(minus(minus(X(2,:),[20.6336]),square([-29.3238])),X(2,:)),negexp(X(2,:))),times(square([-53.5919]),sin(X(2,:))))),plus(plus(plus(minus([20.6336],square([-29.3776])),[-53.5919]),plus(times(X(2,:),X(1,:)),X(1,:))),plus(times(X(1,:),cos(negexp(square([-29.3238])))),plus([-73.9508],X(1,:)))))))"
2,2,332,"minus(minus(times(cos(times(negexp(plus(X(2,:),X(2,:))),negexp(plus(plus(X(2,:),X(2,:)),cos(plus(X(2,:),X(2,:))))))),minus(plus(X(1,:),negexp(plus(plus(plus(X(2,:),X(1,:)),X(2,:)),X(1,:)))),minus(plus(negexp(plus(plus(X(2,:),X(1,:)),plus(X(2,:),X(2,:)))),X(1,:)),negexp([-18.2080])))),times(negexp(plus(X(2,:),X(2,:))),negexp(plus(plus(plus(plus(X(2,:),X(2,:)),cos(X(2,:))),cos(X(2,:))),cos(X(2,:)))))),square(exp(sin(square(plus(exp(plus(X(2,:),X(1,:))),sin(negexp(X(2,:)))))))))"
2,2,333,"minus(minus(minus(times(X(2,:),square(negexp(X(1,:)))),times(square(minus(X(1,:),X(2,:))),sin(sin(sin(sin(cos([96.6781]))))))),times(minus(times(cos(X(1,:)),square(negexp(X(1,:)))),times(square(minus(X(1,:),X(2,:))),sin(sin(cos([96.6781]))))),sin(cos([96.7068])))),times(minus(minus(times(X(2,:),square(negexp(X(1,:)))),tanh(tanh(plus(square(X(2,:)),minus(X(2,:),X(1,:)))))),tanh(plus(square(times(X(2,:),square(negexp(X(1,:))))),minus(X(2,:),X(1,:))))),sin(cos([96.6781]))))"
2,2,334,"square(times(minus(minus(times(times(X(1,:),[61.5200]),X(1,:)),square([76.7902])),times(X(2,:),[61.7827])),times(times(X(1,:),times(tanh(times(square(times(X(1,:),X(2,:))),times(times(X(2,:),X(2,:)),times(X(2,:),X(2,:))))),plus(plus(X(2,:),plus(plus(X(2,:),X(2,:)),X(2,:))),plus(plus(X(2,:),X(2,:)),plus(plus(X(2,:),X(2,:)),plus(X(2,:),X(2,:))))))),tanh(square(square(square(square(times(X(1,:),X(2,:))))))))))"
2,2,335,"times(plus(minus(minus(X(1,:),times(square(X(2,:)),X(2,:))),exp(negexp(negexp(cos(minus(cos(X(1,:)),[-50.4674])))))),times([-68.9636],negexp(X(1,:)))),times([-49.5802],square(times(square(square(plus(tanh(X(2,:)),tanh(X(2,:))))),X(1,:)))))"
2,2,336,"square(square(times(plus(plus(square(sin(exp(X(1,:)))),minus(tanh(plus(plus(X(2,:),[42.6330]),minus([-50.2494],X(1,:)))),plus(plus(X(2,:),[42.6330]),minus([-50.2494],X(1,:))))),plus(square(sin(exp(X(1,:)))),minus(tanh(plus(plus(X(2,:),[42.6330]),minus([-50.2494],X(1,:)))),plus(plus(X(2,:),[42.6330]),minus([-50.2494],X(1,:)))))),plus(negexp(exp(minus([-21.1403],plus(plus(X(2,:),[42.6468]),[-50.4241])))),cos(exp(minus(minus(negexp([11.7015]),X(1,:)),sin(plus(X(2,:),[42.6643])))))))))"
2,2,337,"times(X(2,:),square(times(square(plus(plus(minus(plus(minus(X(2,:),X(1,:)),times(X(1,:),X(1,:))),X(1,:)),cos(X(1,:))),[-99.0605])),square(minus(exp(square(times(X(2,:),exp([-49.0156])))),cos(minus(square([-74.4143]),plus(minus(X(2,:),X(1,:)),[-74.5149]))))))))"
2,2,338,"minus(square(minus(minus(times(X(2,:),plus(X(1,:),X(2,:))),minus(minus(sin(exp(X(1,:))),X(2,:)),[-38.0299])),minus(X(1,:),[-38.0082]))),plus(plus(minus(plus(plus(X(1,:),X(2,:)),X(2,:)),cos(cos(times(X(1,:),cos(plus(X(1,:),X(2,:))))))),minus(tanh(square(square(X(1,:)))),square(X(1,:)))),times(minus(minus(plus(plus(X(1,:),X(2,:)),minus(minus(plus(X(1,:),X(2,:)),[-38.0082]),square(X(1,:)))),[-37.9332]),times(X(2,:),minus(tanh(square(X(2,:))),X(2,:)))),times(X(2,:),minus(tanh(square(square(X(1,:)))),X(2,:))))))"
2,2,339,"times(plus(plus(times(plus(plus(times(X(2,:),[5.6384]),sin(exp(X(2,:)))),times(tanh(exp(X(1,:))),times(tanh(X(1,:)),exp(X(2,:))))),[37.5300]),exp(X(2,:))),times(tanh(X(1,:)),plus(plus(X(1,:),plus(plus(plus(times(X(2,:),[5.9348]),X(2,:)),X(2,:)),times(tanh([5.6361]),times(tanh([5.6380]),exp(X(1,:)))))),times(tanh(tanh(times(tanh(X(1,:)),X(2,:)))),exp(X(2,:)))))),X(1,:))"
2,2,340,"times(square(square(minus(plus(sin(X(1,:)),plus(sin(sin(minus(X(1,:),X(2,:)))),X(1,:))),X(2,:)))),square(times(square(minus(X(1,:),X(2,:))),minus(plus(minus(plus(sin([36.3581]),X(1,:)),X(2,:)),plus(sin(minus(X(1,:),times(X(2,:),[-5.6851]))),X(1,:))),X(2,:)))))"
2,2,341,"times(times(square(times(sin(plus(tanh(tanh([73.2905])),sin(negexp(plus(X(2,:),[-22.2075]))))),cos(tanh(sin(plus(X(1,:),plus(X(2,:),X(1,:)))))))),square(X(2,:))),plus(minus(square(square(X(1,:))),tanh([73.2050])),tanh(plus(times(X(2,:),square(X(2,:))),times(plus(sin(times(square(X(2,:)),sin([-78.8502]))),exp(X(2,:))),square(X(2,:)))))))"
2,2,342,"square(square(minus(tanh(square(times(tanh(sin(sin(X(1,:)))),times(tanh(sin(X(1,:))),X(2,:))))),square(minus(times(tanh(X(1,:)),X(2,:)),X(1,:))))))"
2,2,343,"times(minus(X(1,:),minus(minus(negexp(X(2,:)),X(2,:)),X(1,:))),minus(X(1,:),minus(negexp(negexp(minus(square(X(1,:)),minus(negexp(X(2,:)),times(plus(X(1,:),X(2,:)),square(X(2,:))))))),X(2,:))))"
2,2,344,"square(times(times(times([-39.8419],exp(square(square(tanh(tanh([-40.7141])))))),exp(square(square(square(tanh(tanh(X(1,:)))))))),plus(times([-40.7141],exp(square(square(tanh(tanh([20.7308])))))),times([20.7308],plus(X(2,:),exp(sin(X(2,:))))))))"
2,2,345,"times(plus(plus(plus(X(1,:),X(1,:)),exp(X(2,:))),plus(tanh(plus(plus(X(1,:),plus(X(1,:),cos(X(2,:)))),plus(plus(X(1,:),X(1,:)),exp(X(2,:))))),plus(tanh(plus(plus(plus(X(1,:),cos(X(2,:))),plus(plus(X(1,:),X(1,:)),exp(X(2,:)))),plus(plus(X(1,:),X(1,:)),exp(X(2,:))))),times(plus(cos(X(2,:)),cos(cos(X(2,:)))),times(X(1,:),[73.1005]))))),exp(square(X(1,:))))"
2,2,346,"square(square(square(plus(tanh(square(plus(plus(X(2,:),[3.3349]),plus(X(2,:),X(1,:))))),plus(plus(X(1,:),[3.5775]),plus(X(2,:),X(2,:)))))))"
2,2,347,"times(square(times([-65.1149],[96.4277])),plus(exp(times(tanh(X(1,:)),minus(negexp(tanh(tanh(X(2,:)))),cos(tanh(tanh(X(1,:))))))),plus(X(1,:),exp(times(square(square(tanh(X(1,:)))),minus(negexp(tanh(X(2,:))),cos(tanh(tanh(X(1,:))))))))))"
2,2,348,"times(times(plus(times(exp(X(1,:)),minus(times(times(X(2,:),sin([-55.0672])),sin(exp(X(1,:)))),[-55.0672])),times(plus(exp(times(times(X(2,:),sin([-55.1027])),sin([-11.2217]))),times(times(times(tanh([-16.6130]),sin([-55.0672])),sin([-55.0672])),sin(exp(X(1,:))))),square([-11.4262]))),[-81.4719]),[-81.2655])"
2,2,349,"times(sin(exp(times(negexp(cos(times(plus(X(1,:),cos(X(2,:))),square(negexp(X(1,:)))))),X(2,:)))),times(plus(square(times(plus(times(X(1,:),square(negexp(X(1,:)))),square(negexp(X(1,:)))),square(negexp(X(1,:))))),plus(negexp(cos(plus(plus(X(1,:),cos(X(2,:))),cos(X(2,:))))),minus(plus(plus(X(1,:),cos(minus(X(1,:),X(2,:)))),cos(X(2,:))),times(X(1,:),plus(plus(X(1,:),cos(X(2,:))),square(negexp(X(1,:)))))))),square(cos(times(X(1,:),times(X(1,:),plus(plus(X(1,:),cos(X(2,:))),cos(X(2,:)))))))))"
2,2,350,"negexp(minus(square(square(square(cos(negexp(tanh(minus(X(1,:),X(2,:)))))))),sin(tanh(minus(tanh(X(1,:)),plus(X(2,:),negexp(tanh(X(2,:)))))))))"
2,2,351,"tanh(plus(tanh(tanh(plus(X(2,:),plus(X(1,:),cos(times(negexp(X(2,:)),square([95.3191]))))))),tanh(plus(tanh(tanh(tanh(negexp(times(X(2,:),X(1,:)))))),tanh(tanh([-50.9047]))))))"
2,2,352,"times(minus(plus(minus(plus(plus(plus(plus(X(2,:),X(1,:)),plus([19.5595],X(2,:))),X(1,:)),plus([19.4486],X(2,:))),[3.7813]),plus([19.3195],X(1,:))),[3.7813]),times(cos(sin(plus(X(1,:),X(2,:)))),times([62.8290],plus(plus(plus(X(1,:),tanh(tanh(plus(X(2,:),[19.2222])))),tanh(minus(plus(plus(X(2,:),X(2,:)),plus([19.2222],X(2,:))),[4.2437]))),X(2,:)))))"
2,2,353,"times(minus(X(1,:),cos(exp([32.8841]))),plus(negexp(minus(exp(X(1,:)),X(2,:))),plus(negexp(negexp(minus(exp(minus(minus(X(1,:),X(2,:)),X(2,:))),X(2,:)))),times(negexp(negexp(minus(exp(X(1,:)),X(2,:)))),times(negexp(negexp(minus(X(1,:),sin([-81.6005])))),exp([31.3921]))))))"
2,2,354,"minus(times(times(times(sin(plus(sin(X(1,:)),negexp(X(1,:)))),times(X(1,:),X(2,:))),times(times(square(X(1,:)),minus(square(minus(square([-81.5477]),X(1,:))),minus(X(1,:),X(2,:)))),minus(cos(square(minus(square([20.5258]),minus(X(2,:),[-81.5335])))),tanh(X(1,:))))),square(sin(exp(X(1,:))))),square(minus(square(times(minus(X(1,:),X(2,:)),X(2,:))),times(sin(plus(sin(times(plus(X(2,:),X(2,:)),X(2,:))),minus(X(2,:),[-81.4813]))),minus(square(times(minus(X(1,:),X(2,:)),X(2,:))),times(sin(minus(square([-81.4541]),X(1,:))),times(exp(X(1,:)),X(1,:))))))))"
2,2,355,"minus(plus(square(times(times([-69.7376],negexp(X(1,:))),X(1,:))),square(times(times([-77.1966],exp(cos(plus(tanh(X(1,:)),[31.7726])))),[-77.1966]))),plus(square(times(times(square(exp(square(sin(X(1,:))))),[31.7726]),[-77.1966])),times(times(square(exp(cos(plus(tanh(X(1,:)),minus([31.7726],X(1,:)))))),[-69.8913]),times(times(times([-77.1966],exp(sin(X(1,:)))),[-77.1966]),[-77.1966]))))"
2,2,356,"times(plus(square(plus(plus(plus(tanh(square(square(X(2,:)))),[-23.7348]),plus(tanh(square(X(2,:))),[-23.7348])),plus(cos(X(1,:)),cos(X(1,:))))),negexp(minus(cos(plus(X(1,:),plus(cos([19.7294]),times(X(1,:),X(2,:))))),plus(plus(sin(minus(exp(X(2,:)),plus(X(1,:),X(2,:)))),sin(sin(negexp(X(1,:))))),cos([19.7294]))))),times(plus(square(X(2,:)),plus(sin(plus(X(1,:),tanh(square(square(X(2,:)))))),exp(tanh(negexp(plus(X(1,:),tanh([-23.7981]))))))),square(times(X(1,:),plus(plus([-23.7348],plus(plus(cos(X(1,:)),cos(X(1,:))),[-23.6773])),plus([-23.8497],plus(X(1,:),tanh(square(X(2,:))))))))))"
2,2,357,"times(sin(square(plus(tanh(plus(cos(sin([21.2756])),square(X(1,:)))),square(minus([96.6876],X(2,:)))))),square(square(times(minus(X(2,:),X(1,:)),minus(square(exp(tanh(exp(X(1,:))))),tanh(minus(minus(X(2,:),tanh(X(1,:))),X(2,:))))))))"
2,2,358,"times(minus(X(1,:),plus(tanh(tanh(times(exp(X(2,:)),square(X(2,:))))),plus(tanh(times(exp(X(2,:)),tanh(times(X(2,:),square([-13.7383]))))),plus(tanh(times(exp(X(2,:)),times(exp(X(2,:)),square(X(1,:))))),plus(exp(X(2,:)),plus(exp(X(2,:)),X(1,:))))))),times(times(square(X(2,:)),square(X(2,:))),times(X(2,:),X(1,:))))"
2,2,359,"exp(square(square(exp(cos(times(sin(square(exp(X(1,:)))),square(square(exp(X(1,:))))))))))"
2,2,360,"times(times(times(square(tanh(tanh(X(2,:)))),square(tanh(times(exp(square(tanh(X(2,:)))),square(X(1,:)))))),times(exp(tanh(tanh(X(2,:)))),square(X(1,:)))),times(times(X(2,:),exp(exp(cos(sin(sin(X(2,:))))))),X(1,:)))"
2,2,361,"times(exp(plus(square(X(1,:)),square(X(1,:)))),tanh(times(exp(plus(minus(minus(X(2,:),negexp(negexp(X(1,:)))),negexp(negexp(tanh(X(1,:))))),square(square(square(plus(X(2,:),X(2,:))))))),plus(times(exp(plus(minus(X(2,:),square(X(1,:))),square(X(2,:)))),plus(minus(X(2,:),square(X(1,:))),square(X(2,:)))),X(2,:)))))"
2,2,362,"square(plus(square(square([71.9183])),plus(square(times(tanh(exp(plus(plus(X(1,:),X(1,:)),plus(X(1,:),X(1,:))))),X(1,:))),plus(square(times(times(X(2,:),sin(sin(X(2,:)))),sin(X(2,:)))),cos(times(sin(X(2,:)),exp(plus(plus(X(1,:),X(2,:)),plus(X(1,:),X(1,:))))))))))"
2,2,363,"times(plus(square(tanh(times(times([36.8232],tanh(tanh(square([36.8232])))),exp(times(plus(X(2,:),X(1,:)),[36.7107]))))),X(1,:)),times(square(times(square(X(1,:)),exp(X(2,:)))),times(times(plus(tanh(square([36.8232])),[89.5905]),tanh(square(X(1,:)))),tanh(times(square(exp(X(2,:))),times([36.8232],tanh(exp(plus(X(2,:),X(1,:))))))))))"
2,2,364,"square(times(minus(X(1,:),exp(tanh(negexp(times(times(X(2,:),X(1,:)),sin(X(2,:))))))),plus(plus(plus(plus(plus(X(1,:),[23.5653]),tanh(times(X(2,:),X(1,:)))),tanh(times(sin(minus([23.5366],X(2,:))),minus(X(1,:),X(2,:))))),tanh(sin(plus(X(1,:),[23.5762])))),tanh(tanh(times(sin(sin(minus([23.5907],X(2,:)))),sin(plus(X(1,:),[23.6964]))))))))"
2,2,365,"times(negexp(minus(minus(X(1,:),X(2,:)),sin(plus(negexp(tanh(times(plus([86.4388],X(2,:)),plus(X(1,:),[-43.9843])))),plus(negexp(minus(negexp(X(1,:)),cos(X(1,:)))),exp(negexp(exp(X(2,:))))))))),exp(times([24.4355],cos(negexp(plus(exp(minus(X(1,:),X(2,:))),cos(minus(X(1,:),X(2,:)))))))))"
2,2,366,"square(times(exp(minus(negexp(negexp(minus(minus(exp(X(2,:)),X(1,:)),X(1,:)))),plus(tanh(negexp(X(2,:))),negexp(minus(times(X(2,:),X(2,:)),X(1,:)))))),plus(plus(tanh(plus(minus(minus(X(1,:),times(X(2,:),X(2,:))),X(2,:)),times(X(1,:),times(exp(X(2,:)),[-77.2265])))),times(tanh(plus(minus(X(1,:),X(2,:)),cos(square(X(1,:))))),[-76.7049])),times(plus(tanh(plus(plus(minus(X(1,:),X(2,:)),times(X(1,:),[-76.5586])),minus(X(1,:),X(2,:)))),times(X(1,:),[-76.5992])),[-76.7104]))))"
2,2,367,"negexp(minus(plus(exp(X(2,:)),minus(plus(tanh([-21.4009]),plus(tanh(plus(sin([60.1152]),negexp(X(1,:)))),[-21.5306])),plus(plus(tanh(times(sin([-2.8876]),X(2,:))),square(tanh(plus(X(1,:),[-36.5703])))),sin(minus(tanh(X(2,:)),tanh(sin(X(1,:)))))))),exp(plus(negexp(negexp(negexp([-38.0379]))),cos(negexp(minus(X(1,:),X(2,:))))))))"
2,2,368,"square(plus(minus(minus(plus(times(times(negexp(X(1,:)),cos(X(1,:))),X(1,:)),plus([-4.7469],minus(X(2,:),times(X(2,:),X(2,:))))),times(plus(X(2,:),negexp(minus(cos(X(2,:)),minus(X(2,:),X(2,:))))),[-78.2223])),times(plus(X(2,:),negexp(tanh(tanh(X(1,:))))),[-78.1354])),square(plus(minus(plus(times(X(1,:),X(1,:)),square(tanh(times(X(2,:),X(2,:))))),negexp(tanh(X(1,:)))),tanh(X(1,:))))))"
2,2,369,"plus(minus(minus(times(X(2,:),times(exp(plus(X(1,:),X(1,:))),X(1,:))),sin(times(cos(cos(plus([-17.9123],X(1,:)))),cos(plus(X(1,:),X(1,:)))))),sin(times(exp(cos(cos(cos(plus([-18.1116],X(1,:)))))),X(1,:)))),times(X(2,:),times(exp(times(exp(cos(cos(plus([-18.1698],X(1,:))))),X(1,:))),X(1,:))))"
2,2,370,"times(plus(square(times(plus(square(plus(square(X(1,:)),square(cos([6.3560])))),cos(negexp(X(1,:)))),sin(X(1,:)))),plus(plus(square(plus(X(2,:),X(1,:))),negexp(X(1,:))),plus(plus(sin(plus(square(plus([85.8267],X(1,:))),X(2,:))),plus(plus(sin(X(1,:)),square([6.3655])),square([-10.3567]))),square([-10.1548])))),X(1,:))"
2,2,371,"square(times(tanh(square(minus(minus(minus(X(1,:),sin(X(2,:))),X(2,:)),cos(exp(X(2,:)))))),times(tanh(square(minus(minus(minus(X(1,:),sin(X(2,:))),X(2,:)),X(2,:)))),square(minus(minus(minus(X(1,:),tanh(sin(X(2,:)))),sin([85.3658])),X(2,:))))))"
2,2,372,"exp(minus(negexp([-3.3550]),plus(cos(minus(negexp([-3.1645]),negexp(X(1,:)))),plus(cos(exp(plus(tanh(negexp(X(2,:))),X(1,:)))),negexp(X(1,:))))))"
2,2,373,"plus(square(square(square(minus(square(sin(square(plus(X(2,:),[-9.6910])))),sin(X(2,:)))))),negexp(times(X(2,:),minus(sin(plus(plus(sin(plus(X(2,:),[-14.2914])),plus(X(2,:),[-14.2346])),plus(X(2,:),[-14.2346]))),[-9.8148]))))"
2,2,374,"plus(negexp(exp(minus(sin(times(X(1,:),times(times(X(2,:),X(1,:)),times(negexp(X(1,:)),X(2,:))))),plus(times(negexp(X(1,:)),X(2,:)),[30.7350])))),square(square(times(minus(cos([58.5426]),times(minus(cos(X(2,:)),[90.9145]),sin(times(negexp(X(1,:)),X(2,:))))),sin(times(times(X(2,:),X(1,:)),times(negexp(X(1,:)),X(2,:))))))))"
2,2,375,"times(plus(plus(X(2,:),plus(X(1,:),plus(X(1,:),plus(plus(square(X(1,:)),X(1,:)),times(minus(X(1,:),X(2,:)),X(1,:)))))),plus(X(2,:),plus(plus(X(2,:),plus(X(2,:),plus(plus(square(X(1,:)),X(2,:)),times(minus(X(1,:),X(2,:)),X(1,:))))),times(minus(X(1,:),X(2,:)),X(1,:))))),square(sin(square(minus(times(X(1,:),times(X(2,:),X(1,:))),X(1,:))))))"
2,2,376,"minus(minus(times(times(times(minus(X(1,:),tanh([-51.6877])),negexp(X(1,:))),plus(minus(minus(minus(square(X(1,:)),[0.0799]),[0.0799]),[0.0799]),exp(X(2,:)))),X(1,:)),times([-28.5448],minus(times(times(X(2,:),[89.4398]),minus(negexp(X(1,:)),X(1,:))),times(X(1,:),plus(minus(times(minus(X(1,:),[0.0640]),X(1,:)),X(2,:)),exp(X(2,:))))))),minus(minus(minus(times(times([89.4727],[89.4675]),minus(X(1,:),X(2,:))),times([-28.5448],times(minus(X(1,:),[-28.5448]),X(1,:)))),minus(minus(times(times(X(2,:),times([-28.5448],negexp(X(1,:)))),minus(negexp(X(1,:)),X(1,:))),negexp([-28.5448])),minus(negexp(X(1,:)),negexp(minus(X(1,:),[0.0799]))))),minus(times(times(times(X(1,:),negexp(minus(X(1,:),[0.0799]))),plus(X(1,:),exp(X(2,:)))),minus(X(1,:),[0.0799])),times([-28.5448],minus(minus(times(times(X(2,:),[89.4398]),minus(negexp(X(1,:)),X(1,:))),negexp(minus(X(1,:),[0.0799]))),minus(minus(square(X(1,:)),minus(X(1,:),tanh([-51.6877]))),[0.0799]))))))"
2,2,377,"square(minus(square(minus(square(minus(X(2,:),X(1,:))),[46.4037])),plus(exp(X(2,:)),times(plus(square(X(1,:)),cos(times(square(X(2,:)),X(2,:)))),plus(exp(X(1,:)),cos(square(plus(X(2,:),X(1,:)))))))))"
2,2,378,"plus(square(square(times(cos(exp(cos(X(1,:)))),X(2,:)))),plus(times(exp(cos(times(X(1,:),times(square(tanh(X(2,:))),sin(tanh(X(2,:))))))),X(2,:)),times(X(2,:),plus(exp(times(cos(exp(cos(X(1,:)))),X(2,:))),times(square(times(X(1,:),exp(tanh(X(2,:))))),square(times(X(1,:),exp(tanh(X(2,:))))))))))"
2,2,379,"square(square(plus(minus(sin(sin(sin(times(minus(X(1,:),[-17.8922]),square(X(2,:)))))),plus(negexp(square(X(1,:))),tanh(exp(plus(cos(X(2,:)),cos([-47.2646])))))),exp(sin(exp(negexp(X(1,:))))))))"
2,2,380,"times(square(times(square(minus(minus(X(1,:),[58.3571]),plus(sin(times(sin(X(1,:)),[77.7696])),cos(X(2,:))))),plus(times(plus(sin(cos(X(2,:))),square(sin(X(1,:)))),tanh(minus(tanh([-97.0695]),sin(square(X(1,:)))))),cos(minus(plus([70.5154],[-59.6605]),sin(sin(X(1,:)))))))),X(2,:))"
2,2,381,"plus(plus(X(2,:),plus(exp(minus(minus([26.2687],exp(exp(plus(X(2,:),X(2,:))))),sin(tanh(plus(times([-60.0338],X(1,:)),plus(X(2,:),X(2,:))))))),X(1,:))),plus(exp(minus([25.9464],exp(plus(plus(tanh(X(2,:)),exp(plus(X(2,:),X(2,:)))),X(2,:))))),plus(exp(minus(minus([26.1994],exp(exp(plus(X(2,:),X(2,:))))),sin(tanh(plus(times([-59.9842],X(1,:)),plus(X(2,:),X(2,:))))))),X(1,:))))"
2,2,382,"times(minus(times(square(X(1,:)),times(square(X(1,:)),exp(X(2,:)))),square(X(1,:))),square(times(square(times(cos(tanh(sin(X(2,:)))),cos(X(2,:)))),times(negexp(negexp(cos(plus(X(1,:),X(1,:))))),square(times(square(X(1,:)),times(plus(X(1,:),X(1,:)),exp(X(2,:)))))))))"
2,2,383,"times(square([56.5987]),plus(plus(exp(exp(sin(plus(tanh(exp(X(2,:))),plus(X(1,:),X(2,:)))))),plus(square(square(square([56.5987]))),plus(sin(plus(plus([-26.7436],plus(X(1,:),X(2,:))),plus(X(1,:),X(2,:)))),plus(X(1,:),X(2,:))))),exp(exp(exp(sin(plus([-26.7436],plus(X(1,:),X(2,:)))))))))"
2,2,384,"times(times(times(times(times(negexp(sin(X(1,:))),plus(X(1,:),plus(plus(X(2,:),plus(X(2,:),[81.3138])),X(2,:)))),X(2,:)),times(negexp(sin([81.5406])),negexp(X(1,:)))),plus(X(2,:),plus(X(1,:),plus(X(2,:),[81.4966])))),plus(negexp(plus(X(2,:),square(exp(square(X(1,:)))))),plus(X(1,:),plus(X(2,:),plus(negexp(sin(X(2,:))),[81.2297])))))"
2,2,385,"negexp(cos(times(negexp(minus(minus(tanh(exp(X(1,:))),sin(sin(X(1,:)))),minus(cos([-14.9369]),sin(cos(negexp(X(1,:))))))),plus(plus(X(1,:),times(sin(X(1,:)),negexp(X(2,:)))),sin(X(1,:))))))"
2,2,386,"square(square(square(plus(times(plus(cos(X(1,:)),tanh(plus(plus(X(1,:),X(1,:)),plus(X(1,:),X(1,:))))),[7.8317]),times(plus(cos(X(1,:)),tanh(plus(X(1,:),X(2,:)))),[9.9712])))))"
2,2,387,"times(times(minus(minus([90.0173],minus(square(X(2,:)),sin(tanh(times(square(X(2,:)),exp(X(1,:))))))),times(cos(X(1,:)),exp(negexp(tanh(times([89.6640],times([89.7639],X(1,:)))))))),times([90.0629],negexp(minus(X(1,:),X(2,:))))),sin(square(times([89.8457],tanh(times([89.8126],exp(X(1,:))))))))"
2,2,388,"square(square(minus(minus(minus(X(1,:),X(2,:)),tanh(square(minus(minus(X(1,:),X(2,:)),tanh([-27.5162]))))),tanh(exp(minus(square(tanh(minus(X(1,:),X(2,:)))),tanh(tanh(sin([93.5283])))))))))"
2,2,389,"times(times(square(times(times(X(2,:),negexp(tanh(minus(exp(X(2,:)),[-21.5244])))),negexp(tanh(exp(negexp(cos(X(1,:)))))))),plus(minus(X(1,:),negexp(exp(times(minus(minus(X(1,:),[-21.2175]),negexp(X(2,:))),X(2,:))))),times(square(X(1,:)),tanh(exp(X(2,:)))))),times(square(times(square(X(1,:)),X(1,:))),plus(minus(square(tanh(X(1,:))),negexp(exp(exp(negexp(tanh(X(1,:))))))),times(negexp(exp(negexp(X(2,:)))),square(times(negexp(cos(X(1,:))),minus(negexp(plus([17.4925],X(2,:))),[-21.4279])))))))"
2,2,390,"times(plus(plus(cos(plus(plus(plus(plus(X(2,:),X(2,:)),square([-90.1344])),square([-90.2031])),square(sin(square(square(X(2,:))))))),X(2,:)),plus(plus(plus(cos(plus(plus(X(2,:),square([30.4604])),square([-90.2031]))),X(2,:)),X(2,:)),plus(plus(cos(plus(plus(X(2,:),square([30.4604])),square([-90.2031]))),X(2,:)),plus(plus(X(2,:),X(2,:)),square([-90.2031]))))),times(plus(plus(X(2,:),square([30.4604])),square([30.4604])),X(1,:)))"
2,2,391,"minus(square(plus(cos(times(times(X(1,:),minus(X(2,:),X(1,:))),times(times(X(1,:),negexp(X(2,:))),X(2,:)))),negexp(minus(cos(times([54.3159],X(1,:))),X(1,:))))),minus(times(minus(square(times(minus(cos(X(2,:)),X(1,:)),[-87.0100])),times(negexp(minus(cos(times([54.2912],X(1,:))),X(1,:))),times(X(1,:),negexp(X(2,:))))),tanh(tanh(tanh(tanh(negexp(X(2,:))))))),times(negexp(minus(cos(times([54.3159],X(1,:))),X(1,:))),times(X(1,:),negexp(X(2,:))))))"
2,2,392,"minus(minus(minus(times(X(1,:),[-3.9141]),plus(X(2,:),plus(X(2,:),X(1,:)))),minus(plus(X(2,:),plus(X(2,:),plus(X(2,:),plus(minus(X(2,:),square(X(2,:))),X(2,:))))),plus(plus(X(1,:),square(X(1,:))),minus(exp(X(2,:)),times(minus(times(X(1,:),X(2,:)),minus(X(2,:),times(X(1,:),[-3.8332]))),X(2,:)))))),minus(plus(X(2,:),plus(plus(X(2,:),plus(X(1,:),plus(X(2,:),plus(X(2,:),X(1,:))))),plus(X(2,:),plus(X(2,:),X(1,:))))),plus(plus(X(1,:),square(plus(cos(X(1,:)),X(1,:)))),minus(exp(X(2,:)),times(minus(times(X(1,:),X(2,:)),minus(X(2,:),times(X(1,:),[-4.4022]))),[-3.8163])))))"
2,2,393,"times(square(minus(times(tanh(plus(X(1,:),[-2.2676])),negexp(tanh(minus(negexp(plus(X(1,:),[-2.4847])),X(2,:))))),times(times(minus(X(2,:),minus(plus(plus(X(1,:),X(1,:)),[-2.6068]),negexp(cos(X(1,:))))),[-2.0699]),square(times(plus(plus(X(1,:),tanh(X(2,:))),[-2.4847]),times(minus(X(1,:),X(2,:)),[5.7584])))))),times(tanh(minus(negexp(plus(X(1,:),[-2.4847])),X(2,:))),negexp(cos(plus(X(1,:),[-38.9556])))))"
2,2,394,"square(square(minus(square(exp(exp(cos(times(X(1,:),minus(X(2,:),X(1,:))))))),times(minus(minus(X(2,:),X(1,:)),X(1,:)),cos(cos(cos(negexp(cos([13.6026])))))))))"
2,2,395,"plus(times(X(2,:),times(X(2,:),square(square([-47.8979])))),plus(plus(times(X(2,:),square(square([-48.0766]))),plus(times(negexp(X(1,:)),plus(exp(times(X(2,:),X(2,:))),times([-48.0013],times(X(1,:),X(1,:))))),exp(plus(X(1,:),times(X(2,:),X(2,:)))))),plus(plus(times(X(2,:),square(square([-48.0766]))),plus(times(times(X(1,:),X(1,:)),plus(exp(times(X(2,:),X(2,:))),times(X(2,:),X(2,:)))),times(X(2,:),square(square([-48.1001]))))),plus(times(negexp(X(1,:)),plus(exp(times(X(1,:),X(1,:))),plus(exp(times(X(2,:),X(2,:))),square([-48.5259])))),exp(plus(X(1,:),times(X(2,:),X(2,:))))))))"
2,2,396,"times(negexp(times(X(2,:),square(exp(tanh(square(times(times(X(1,:),X(1,:)),X(1,:)))))))),times(plus(X(1,:),tanh(plus(plus(times(X(1,:),X(1,:)),minus(minus(X(2,:),cos(X(1,:))),sin(times([-75.0515],X(1,:))))),times(times(X(1,:),square(minus(X(1,:),X(2,:)))),square(X(2,:)))))),square(X(2,:))))"
2,2,397,"times(square(square(square(plus(plus(negexp(tanh([-5.5352])),X(2,:)),plus(plus(plus(X(1,:),plus(X(1,:),X(2,:))),plus(plus(X(1,:),X(2,:)),plus(X(1,:),X(2,:)))),X(2,:)))))),tanh(times(square(square(square(square(square(plus(X(1,:),X(2,:))))))),tanh(square(times(tanh(exp(minus(X(2,:),X(1,:)))),exp(square(cos([99.8546])))))))))"
2,2,398,"times(tanh(tanh(tanh(X(2,:)))),times(minus(X(1,:),[53.9920]),minus(minus(minus(times(minus(X(1,:),[53.9618]),minus(minus(minus(X(1,:),[53.9920]),times(X(1,:),X(2,:))),square(cos(X(2,:))))),cos(minus(X(2,:),minus([-71.3767],times(X(1,:),X(2,:)))))),cos(minus(minus(X(2,:),tanh(X(2,:))),minus([-71.4884],times(X(1,:),X(2,:)))))),cos(minus(X(2,:),minus([-71.3767],sin(plus(times(X(1,:),X(2,:)),X(1,:)))))))))"
2,2,399,"times(plus(plus(times(plus(X(1,:),X(1,:)),times(exp(X(1,:)),X(2,:))),plus(plus(plus([-50.9294],plus(times([-71.1202],X(2,:)),[-50.7319])),plus(plus(times(negexp(X(1,:)),negexp(X(2,:))),plus(tanh(X(2,:)),[-50.7319])),square(X(2,:)))),plus(times(negexp(X(1,:)),negexp(X(2,:))),[-50.7179]))),plus(plus(plus([-70.9812],plus(times([-71.0971],X(2,:)),plus(times(negexp(X(1,:)),negexp(X(2,:))),[-50.7319]))),plus(plus([-71.0833],plus(tanh(negexp(X(2,:))),times(exp(X(1,:)),X(2,:)))),square(exp(X(2,:))))),plus(times(negexp(X(1,:)),times(negexp(X(1,:)),square(exp(X(2,:))))),plus(tanh(X(1,:)),[-50.7319])))),exp(X(1,:)))"
2,2,400,"times(tanh(times(plus(exp(sin(times(plus(X(2,:),plus(X(2,:),X(1,:))),plus(X(2,:),X(1,:))))),cos(square(tanh(square(minus(X(2,:),X(2,:))))))),plus(sin(times(plus(X(2,:),plus(X(2,:),X(1,:))),plus(X(2,:),X(1,:)))),negexp(plus(X(2,:),X(2,:)))))),sin(sin(sin(sin(times(sin(cos(tanh(X(2,:)))),sin(tanh(X(2,:)))))))))"
2,2,401,"times(times(square(times(times(X(2,:),X(1,:)),times([6.2045],X(2,:)))),tanh(square(times(times(X(2,:),X(1,:)),times([5.7481],X(2,:)))))),tanh(square(times(X(2,:),square(X(1,:))))))"
2,2,402,"times(square(plus(exp(tanh(times(square(negexp(negexp(X(1,:)))),times(negexp(X(2,:)),X(1,:))))),exp(exp(square(sin(plus(tanh([-6.8650]),minus(X(1,:),X(2,:))))))))),minus(X(1,:),X(2,:)))"
2,2,403,"square(plus(times(minus(sin(plus(tanh(plus(plus(X(1,:),X(1,:)),plus(X(2,:),[16.5348]))),square(plus(X(1,:),X(1,:))))),cos(times(X(2,:),plus(tanh(plus(X(2,:),[16.5981])),square(plus(X(1,:),X(1,:))))))),plus(plus(times(X(1,:),X(2,:)),plus(X(2,:),[17.1827])),plus(times([74.7092],exp(sin(square(X(2,:))))),plus(plus(plus(X(1,:),X(1,:)),plus([17.2033],[17.2723])),[17.3024])))),negexp(tanh(sin(plus(square(plus(X(1,:),X(1,:))),X(1,:)))))))"
2,2,404,"exp(times(tanh(tanh(X(1,:))),minus(minus(plus(X(1,:),cos(X(1,:))),cos(exp(times(plus(X(1,:),tanh(X(1,:))),plus(X(1,:),X(2,:)))))),[64.0212])))"
2,2,405,"minus(square(times(plus(X(2,:),X(1,:)),times(X(1,:),plus(tanh(minus(square(exp(X(1,:))),times([-29.3577],tanh(X(2,:))))),exp(X(1,:)))))),square(times([94.3207],times(plus(X(1,:),X(1,:)),times(times(times([-30.3012],tanh(X(2,:))),tanh(square(X(1,:)))),tanh(times(times([-29.6741],square(X(1,:))),square(X(1,:)))))))))"
2,2,406,"square(square(square(minus(minus(minus(X(2,:),[2.5578]),tanh(tanh(minus(minus(X(2,:),[2.5578]),X(1,:))))),X(1,:)))))"
2,2,407,"times(minus(exp(X(2,:)),plus(minus(plus(plus(plus(plus(X(2,:),X(1,:)),X(2,:)),X(1,:)),X(2,:)),negexp(X(1,:))),sin(plus(minus(plus([-67.4541],X(2,:)),negexp(plus(X(2,:),X(1,:)))),sin(X(2,:)))))),minus(times([97.0677],minus(exp(X(2,:)),plus(minus(plus([-67.4066],sin(X(1,:))),negexp(X(1,:))),sin(X(1,:))))),plus(minus(plus(minus(plus([51.1373],X(1,:)),negexp(plus(X(2,:),X(1,:)))),plus(minus(negexp(X(1,:)),negexp(plus(X(2,:),X(1,:)))),negexp(X(1,:)))),negexp(plus(X(2,:),X(1,:)))),plus(plus(minus(plus(X(2,:),X(1,:)),negexp(plus(X(2,:),X(1,:)))),plus(minus(negexp(X(1,:)),negexp(plus(X(2,:),X(1,:)))),negexp(X(1,:)))),minus(X(1,:),negexp(plus(X(2,:),X(1,:))))))))"
2,2,408,"square(times(plus(plus(square(plus([6.4189],X(2,:))),[92.6697]),plus(times([25.9618],[-29.2611]),plus(square(plus(plus(plus(X(2,:),X(1,:)),X(1,:)),X(2,:))),[92.5690]))),square(plus(plus(plus(tanh(exp(negexp(X(1,:)))),negexp(cos([-59.8874]))),X(1,:)),X(2,:)))))"
2,2,409,"square(times(tanh(minus(tanh(plus(X(1,:),X(2,:))),cos(tanh(square(square(square(X(2,:)))))))),times(times([-31.0495],[-48.7890]),negexp(plus(exp(plus(plus(cos(X(1,:)),tanh([-40.8885])),tanh([-41.0701]))),minus(tanh(plus(X(1,:),plus(X(1,:),X(2,:)))),cos(cos(tanh(X(1,:))))))))))"
2,2,410,"times(times(times(plus(sin(X(2,:)),plus(plus(plus(sin(X(2,:)),plus(X(1,:),sin(X(2,:)))),plus(X(1,:),sin(X(2,:)))),sin(sin(sin(X(2,:)))))),plus(plus(plus(plus(X(2,:),X(2,:)),X(2,:)),plus(plus(X(2,:),X(2,:)),plus(cos(X(2,:)),X(2,:)))),X(2,:))),sin(X(2,:))),square(minus(times(times(plus(sin(plus(negexp(X(2,:)),sin(X(2,:)))),plus(plus(X(2,:),plus(X(1,:),X(2,:))),plus(X(1,:),X(2,:)))),X(2,:)),sin(cos(sin(X(1,:))))),[87.8044])))"
2,2,411,"plus(times(sin(negexp(plus(X(2,:),minus(plus(X(2,:),plus(X(1,:),X(1,:))),negexp(negexp(plus(X(2,:),[-0.1787]))))))),negexp(plus(X(2,:),X(1,:)))),times(plus(plus(X(2,:),plus(X(1,:),minus(plus(square(cos([-0.2748])),X(1,:)),tanh(minus(plus(X(2,:),X(2,:)),negexp(X(1,:))))))),times([-35.5073],negexp(times(tanh(plus(X(2,:),X(1,:))),sin(square(cos([-0.2648]))))))),[-82.7764]))"
2,2,412,"times(times(times(times(plus(plus(tanh(X(2,:)),times(negexp(X(1,:)),tanh(X(2,:)))),plus(X(2,:),X(2,:))),exp(cos(times(negexp(square(X(2,:))),tanh(negexp(X(1,:))))))),exp(exp(cos(times(negexp(square(X(2,:))),X(2,:)))))),exp(X(1,:))),plus(tanh(times(plus(X(2,:),times(times(negexp(square(X(2,:))),tanh(negexp(X(1,:)))),times(X(1,:),plus(X(2,:),X(1,:))))),exp(cos(times(plus(tanh(X(2,:)),X(2,:)),tanh(negexp(X(1,:)))))))),X(1,:)))"
2,2,413,"times(plus(plus(plus(plus(plus(X(2,:),X(2,:)),X(2,:)),plus(plus(X(2,:),X(2,:)),X(2,:))),negexp(negexp(plus(times(sin(X(1,:)),[30.9937]),minus(minus(X(1,:),negexp(X(2,:))),negexp(X(2,:))))))),X(2,:)),times(negexp(minus(X(1,:),negexp(negexp(tanh(X(1,:)))))),exp(minus(square(negexp(times(sin(minus(X(2,:),X(1,:))),cos(tanh(X(2,:)))))),plus(negexp(X(1,:)),plus(plus([-26.5103],X(1,:)),X(1,:)))))))"
2,2,414,"square(times([42.1265],minus(sin(minus(square(X(2,:)),sin(cos(plus(X(1,:),cos([13.3176])))))),cos(sin([-29.3310])))))"
2,2,415,"times(times(times(times(sin(times(tanh([56.8467]),plus(X(1,:),plus(X(1,:),[-62.5370])))),exp(X(1,:))),negexp(cos(plus(X(1,:),sin(minus(minus([64.8659],X(2,:)),X(2,:))))))),negexp(cos(plus(plus(X(1,:),[56.8467]),sin(minus([64.8619],X(2,:))))))),minus([56.8467],plus(negexp(cos(plus(plus([64.8172],exp(X(1,:))),sin(minus([64.7785],X(2,:)))))),minus(tanh(plus(plus(sin(minus([64.8659],X(2,:))),[-62.4165]),minus([64.8659],X(2,:)))),X(2,:)))))"
2,2,416,"times(square(times(cos(square(plus(X(2,:),square(plus(X(2,:),exp(X(1,:))))))),[-48.0487])),minus(times(plus(X(1,:),sin(minus(times(X(1,:),cos(times(X(2,:),X(2,:)))),[54.0470]))),square(tanh(square(tanh(cos(times(X(2,:),X(2,:)))))))),sin([53.9899])))"
2,2,417,"plus(exp(times(X(1,:),square(negexp(tanh(times(minus([-98.3718],times(X(1,:),[-25.0437])),X(1,:))))))),plus(exp(times(X(1,:),X(1,:))),times([-98.3718],times(square(X(1,:)),times(X(1,:),[-24.9568])))))"
2,2,418,"sin(times(tanh(square(sin(minus(plus(cos(X(1,:)),times(X(1,:),[61.1403])),negexp(minus(negexp(X(2,:)),X(2,:))))))),minus(minus(X(1,:),negexp(X(2,:))),X(1,:))))"
2,2,419,"plus(square(plus(square(times(sin(times(tanh(negexp(X(2,:))),minus(cos(X(2,:)),sin(X(2,:))))),[57.5437])),plus(square(X(2,:)),times(times(sin(sin(square(X(2,:)))),[57.5773]),X(2,:))))),plus(square(plus(X(2,:),times(times(sin(sin(square(X(2,:)))),[57.5100]),X(2,:)))),times(times(sin(minus(times(X(2,:),minus(cos(X(2,:)),sin(X(2,:)))),times(tanh([57.8301]),minus(cos(X(2,:)),sin(X(2,:)))))),[57.5016]),minus([57.7224],X(2,:)))))"
2,2,420,"plus(square(minus(minus(times(X(2,:),X(1,:)),X(2,:)),X(2,:))),minus(times(cos(tanh(plus(exp(times(times(X(2,:),X(1,:)),times(X(2,:),X(2,:)))),square(square(tanh(X(1,:))))))),times(X(2,:),X(2,:))),times(X(2,:),times(X(2,:),X(1,:)))))"
2,2,421,"times(exp(tanh(plus(minus(X(2,:),exp(negexp(X(1,:)))),minus(minus(plus(exp(cos(X(2,:))),sin(negexp([47.9111]))),sin(sin(minus(X(1,:),X(2,:))))),sin(times(X(1,:),plus(square([48.1088]),negexp([47.9111])))))))),tanh(plus(X(1,:),sin(plus(negexp(X(1,:)),X(2,:))))))"
2,2,422,"square(times(plus([37.9481],plus(plus(plus(X(2,:),X(1,:)),tanh(plus(exp(exp(X(1,:))),X(1,:)))),tanh(plus(exp(exp(plus(X(2,:),X(1,:)))),X(1,:))))),times(tanh(tanh(plus(X(2,:),X(1,:)))),times(tanh(tanh(tanh(tanh(tanh([-79.2119]))))),plus(X(2,:),X(1,:))))))"
2,2,423,"negexp(times(negexp(sin(minus(times(times(tanh(square(X(2,:))),negexp(X(1,:))),times(sin(cos(X(2,:))),sin(X(1,:)))),exp(negexp(exp(negexp(X(1,:)))))))),negexp(sin(negexp(sin(times(cos([57.5644]),exp(X(1,:)))))))))"
2,2,424,"times(times(plus(plus([59.4049],plus(tanh(plus(times(X(1,:),X(2,:)),plus(X(1,:),minus(X(2,:),X(2,:))))),[58.6987])),plus(plus(plus(X(2,:),plus(tanh(negexp(X(2,:))),[58.6987])),plus([58.6987],plus([29.9937],X(2,:)))),plus(plus(X(2,:),plus(tanh(exp(X(1,:))),[58.6987])),plus([58.6987],plus([29.9937],X(2,:)))))),X(1,:)),square(times(times(minus(plus(times(tanh(exp(X(1,:))),X(1,:)),minus(plus(times(X(1,:),X(2,:)),plus(X(1,:),X(2,:))),[59.0847])),[59.1451]),square(times(plus(tanh(X(1,:)),tanh(exp(X(2,:)))),plus(X(1,:),times(tanh(X(2,:)),X(2,:)))))),times(minus(plus(times(X(1,:),plus(X(1,:),X(2,:))),sin(plus(X(1,:),minus(X(1,:),X(2,:))))),[59.4049]),square(times(plus(tanh(exp(X(1,:))),tanh(exp(X(1,:)))),tanh(exp(X(1,:)))))))))"
2,2,425,"minus(minus(square(minus(square([51.5440]),times(square(minus([14.2764],plus(square(X(2,:)),plus(X(1,:),[-39.9243])))),X(1,:)))),exp(plus(X(1,:),exp(negexp(cos(plus(square([52.9625]),X(2,:)))))))),square(times(plus(square(X(2,:)),plus(plus(square(X(2,:)),plus(square(X(2,:)),plus(X(1,:),[-40.3224]))),plus(square(X(2,:)),plus(X(1,:),plus(square(X(2,:)),plus(X(2,:),[-40.1624])))))),negexp(X(1,:)))))"
2,2,426,"plus(plus(plus(plus(square(minus(X(1,:),cos(X(2,:)))),X(1,:)),cos(sin(sin(plus([-63.2922],exp(X(1,:))))))),X(1,:)),plus(plus(plus(cos(times(plus([-63.5273],plus([-63.4082],exp(X(1,:)))),cos(X(1,:)))),plus(plus(square(minus(X(1,:),cos(X(2,:)))),plus([-63.5192],X(1,:))),cos(sin(exp(cos(X(1,:))))))),minus(X(1,:),tanh(times(plus(plus([-63.3677],X(1,:)),plus(plus([-63.5192],X(1,:)),exp(X(1,:)))),times(cos(X(1,:)),sin(X(1,:))))))),minus(X(1,:),tanh(times(plus(negexp(X(2,:)),plus([-63.5192],X(1,:))),X(1,:))))))"
2,2,427,"plus(times(tanh(tanh([95.0891])),minus(plus(X(1,:),cos(plus(X(1,:),cos(X(1,:))))),X(2,:))),times(minus(square(minus(plus(cos(X(1,:)),plus(plus(X(1,:),cos(X(1,:))),plus(X(1,:),cos(X(1,:))))),X(2,:))),sin(times(minus(plus(cos(X(1,:)),plus(X(1,:),cos(X(1,:)))),plus(cos(X(2,:)),X(1,:))),negexp(plus(X(1,:),X(2,:)))))),negexp(plus(plus(plus(X(1,:),plus(X(1,:),cos(X(1,:)))),plus(plus(plus(cos(X(1,:)),cos(X(1,:))),cos(X(1,:))),cos(plus(X(1,:),cos(X(2,:)))))),plus(plus(plus(X(1,:),plus(X(1,:),cos(X(1,:)))),plus(X(1,:),cos(X(2,:)))),plus(X(1,:),cos(plus(sin(X(2,:)),cos(X(1,:))))))))))"
2,2,428,"plus(tanh(times(negexp(sin(X(1,:))),X(1,:))),plus(tanh(times(negexp(sin(sin(X(1,:)))),minus(X(2,:),exp(X(2,:))))),plus(tanh(times(negexp(sin(X(1,:))),X(1,:))),tanh(times(X(1,:),minus(X(1,:),exp(X(2,:))))))))"
2,2,429,"square(minus(minus(negexp(plus(X(1,:),sin(exp(X(2,:))))),exp(X(2,:))),minus(minus(minus(minus(minus(minus([-94.7770],[41.0833]),negexp([-3.6070])),sin(exp(X(2,:)))),cos(negexp(X(1,:)))),X(1,:)),[41.0546])))"
2,2,430,"square(times(square(minus(plus(plus(sin(tanh([92.0892])),plus(sin(tanh([92.0892])),plus(tanh([92.0892]),X(2,:)))),plus(X(1,:),X(2,:))),tanh(plus(sin(square(X(1,:))),X(2,:))))),plus(plus(sin(tanh([92.0417])),plus(plus(sin(sin(tanh([92.0892]))),X(2,:)),plus(X(1,:),sin(tanh([92.0892]))))),plus(sin(tanh(sin(sin(tanh([92.0892]))))),X(2,:)))))"
2,2,431,"times(square(minus(plus(square(plus(sin(plus(plus([7.1901],[7.2856]),X(2,:))),sin(plus(plus([7.1901],[7.2828]),X(2,:))))),plus([7.3617],[7.3373])),times(X(2,:),X(2,:)))),times([93.7580],times(plus([7.8278],[7.5251]),times([93.6747],X(2,:)))))"
2,2,432,"times(minus(plus(X(1,:),X(1,:)),plus(times(minus(exp(tanh(tanh(plus(X(1,:),X(1,:))))),negexp(tanh(plus(X(1,:),X(1,:))))),times(tanh(times(X(1,:),X(1,:))),plus(X(1,:),minus([6.3859],X(1,:))))),tanh(times(X(1,:),X(1,:))))),times(times(times(minus(exp(tanh(tanh(plus(X(1,:),X(1,:))))),negexp(tanh(X(1,:)))),times(tanh(tanh(times(X(1,:),X(1,:)))),[6.0290])),times(tanh(times(X(1,:),X(1,:))),plus(X(1,:),minus([6.9134],X(2,:))))),square(square(minus(minus(X(1,:),X(1,:)),plus(X(1,:),plus(X(1,:),X(1,:))))))))"
2,2,433,"times(cos(sin(times([-75.0090],X(1,:)))),minus(times(cos(sin(times(X(1,:),X(1,:)))),minus(minus(negexp(X(2,:)),times([-22.2105],times(negexp(X(1,:)),X(2,:)))),times([-21.3912],times(sin(times(X(1,:),times([-21.7176],X(1,:)))),plus(X(2,:),X(1,:)))))),times([-22.2236],X(1,:))))"
2,2,434,"times(plus(plus(cos(times(square(minus(X(2,:),X(1,:))),square(times(X(1,:),square(X(2,:)))))),square(X(2,:))),square(X(2,:))),square(times(square(minus(minus(minus(tanh(minus(X(1,:),X(2,:))),X(1,:)),X(1,:)),tanh(plus(sin(sin(X(2,:))),sin(negexp([-27.2204])))))),square(minus(minus(minus(tanh(minus(X(1,:),X(2,:))),X(1,:)),X(1,:)),X(1,:))))))"
2,2,435,"times(plus(plus(square(plus(X(2,:),X(1,:))),minus(plus(square(negexp(X(1,:))),X(1,:)),sin(X(1,:)))),times(plus(plus(exp(cos([62.8579])),minus(plus(X(2,:),X(1,:)),sin(sin(sin(X(1,:)))))),cos(tanh(negexp(negexp(plus(X(2,:),X(2,:))))))),plus(plus(exp(tanh(exp(X(1,:)))),minus(plus(X(2,:),X(1,:)),sin(sin(X(1,:))))),square(times([-37.6097],minus(plus(plus(X(2,:),X(1,:)),X(2,:)),exp([-37.7748]))))))),square(plus(X(2,:),minus(plus(X(2,:),X(1,:)),sin(sin(plus(X(1,:),X(2,:))))))))"
2,2,436,"times(minus(minus(negexp(negexp(X(1,:))),negexp(plus(cos(negexp(X(1,:))),plus(square(X(1,:)),negexp(X(1,:)))))),negexp(negexp(minus(tanh(X(1,:)),plus(cos(negexp(X(2,:))),plus(cos(negexp(X(2,:))),cos(negexp([69.1619])))))))),negexp(minus([-17.6875],plus(cos(negexp(X(2,:))),cos(times(negexp(X(2,:)),negexp(negexp(X(1,:)))))))))"
2,2,437,"times(times(times(sin(exp(minus(tanh(exp(X(2,:))),times(tanh(cos(X(1,:))),sin(X(2,:)))))),times(sin(sin(X(1,:))),exp([13.7485]))),X(1,:)),times(sin(X(1,:)),square(times(sin(sin(X(1,:))),times(sin(X(1,:)),square(square(X(1,:))))))))"
2,2,438,"times(sin(plus(sin(tanh(square(exp(times(times(X(1,:),[12.5125]),[12.7868]))))),tanh(times(X(2,:),X(1,:))))),plus(plus(plus(plus(plus(times(X(2,:),[12.8211]),plus(times([12.8211],X(1,:)),square(times(X(1,:),[12.2752])))),square(times(exp(tanh(X(1,:))),[12.9297]))),square(times(exp(tanh(X(1,:))),[12.8051]))),square(times(tanh(X(1,:)),times(negexp(square(negexp(X(2,:)))),[12.8051])))),square(times(tanh(exp(times(times(X(1,:),[12.5125]),[12.7868]))),times(negexp(square(negexp(X(2,:)))),[12.8051])))))"
2,2,439,"times(square(square(plus(plus(X(1,:),plus(times([81.2751],negexp([18.0560])),exp(X(1,:)))),exp(negexp(times([81.2217],times([81.2751],negexp([18.0785])))))))),plus(times(negexp(times(negexp(negexp(negexp([17.9964]))),plus([18.2166],X(2,:)))),[18.1173]),plus(tanh(negexp(times(negexp(X(2,:)),plus(times([81.2751],negexp([18.0560])),exp(X(1,:)))))),negexp(plus(X(1,:),exp(X(1,:)))))))"
2,2,440,"times(plus([-92.1024],square(times(exp(cos(cos(tanh(tanh([3.3030]))))),plus(X(1,:),X(2,:))))),square(square(times(cos(tanh(times(tanh(X(2,:)),X(1,:)))),times(times(X(2,:),X(1,:)),X(1,:))))))"
2,2,441,"square(plus(minus(tanh(plus(minus(exp(X(1,:)),minus(X(2,:),X(1,:))),times(times(plus(negexp(X(2,:)),[-76.9710]),tanh(X(1,:))),negexp(X(2,:))))),minus(X(2,:),X(1,:))),square(exp(sin(negexp(minus(X(2,:),X(1,:))))))))"
2,2,442,"exp(exp(exp(tanh(plus(negexp(plus(negexp(X(2,:)),plus(X(1,:),X(2,:)))),sin(times(exp(plus([-0.7472],X(1,:))),times(X(2,:),negexp(X(2,:))))))))))"
2,2,443,"minus(times(plus(X(2,:),X(1,:)),plus(X(1,:),plus(plus(X(2,:),X(1,:)),plus(plus(X(2,:),X(1,:)),plus(exp(X(2,:)),plus(X(2,:),X(1,:))))))),sin(square(times(plus(X(2,:),X(1,:)),plus(plus(X(2,:),tanh(times(X(2,:),cos(X(2,:))))),plus(X(2,:),plus(exp(X(2,:)),plus(plus(X(2,:),X(1,:)),X(1,:)))))))))"
2,2,444,"minus(times(minus(tanh(X(1,:)),times(times([78.3529],X(2,:)),plus(square(X(2,:)),[76.8946]))),minus(times(negexp(X(1,:)),tanh([76.8946])),sin(minus(minus([-97.4498],sin(plus([68.4333],X(1,:)))),times(tanh(X(1,:)),sin(X(1,:))))))),times(minus(minus(minus(square(plus(plus([68.4333],X(1,:)),[76.8946])),sin(sin(times(sin([76.7046]),cos(X(2,:)))))),times(minus([76.8946],times(times([78.3529],X(2,:)),plus(square(X(2,:)),[76.8946]))),minus(times(negexp(X(1,:)),tanh(X(2,:))),sin(X(2,:))))),times(times(minus(minus([-97.4498],sin(plus([68.4333],X(1,:)))),times(tanh(X(1,:)),sin(X(1,:)))),square(plus(cos(X(1,:)),[76.8946]))),minus([-97.5305],X(1,:)))),minus(cos(minus(cos(X(1,:)),[76.6579])),[76.8946])))"
2,2,445,"times(plus(plus(plus(plus(plus(plus(X(1,:),plus(plus(X(1,:),X(1,:)),X(1,:))),X(1,:)),plus(plus(plus(plus(X(1,:),X(1,:)),X(1,:)),X(1,:)),X(1,:))),plus(plus(X(1,:),plus(plus(X(1,:),X(1,:)),X(1,:))),plus(plus(plus(plus(X(1,:),X(1,:)),X(1,:)),X(1,:)),plus(plus(X(1,:),X(1,:)),X(1,:))))),tanh(minus(times(X(1,:),plus(plus(X(1,:),X(1,:)),X(1,:))),plus(X(1,:),X(1,:))))),plus(plus(plus(plus(tanh(minus(times(X(1,:),X(2,:)),X(1,:))),times(cos(X(2,:)),sin(X(2,:)))),plus(tanh(minus(times(X(1,:),X(2,:)),X(1,:))),X(1,:))),plus(plus(plus(plus(X(1,:),X(1,:)),X(1,:)),plus(plus(X(1,:),X(1,:)),plus(plus(X(1,:),X(1,:)),X(1,:)))),plus(plus(plus(plus(X(1,:),X(1,:)),X(1,:)),X(1,:)),X(1,:)))),plus(plus(tanh(minus(times(plus(X(1,:),X(1,:)),X(2,:)),X(1,:))),tanh(minus(times(X(1,:),X(2,:)),plus(X(1,:),X(1,:))))),plus(plus(plus(plus(plus(X(1,:),X(1,:)),X(1,:)),plus(plus(X(1,:),X(1,:)),X(1,:))),plus(plus(X(1,:),X(1,:)),X(1,:))),plus(plus(plus(X(1,:),X(1,:)),X(1,:)),X(1,:)))))),times(exp(square(X(1,:))),sin(times(times(exp(square(times(sin(X(1,:)),minus(X(2,:),X(1,:))))),square(tanh(minus(times(X(1,:),X(2,:)),X(1,:))))),square(tanh(minus(minus(square(X(1,:)),X(1,:)),X(1,:))))))))"
2,2,446,"square(square(square(plus(plus(plus(X(1,:),X(2,:)),X(2,:)),plus(exp(tanh(minus(square(X(2,:)),X(2,:)))),plus(exp(cos(tanh(X(1,:)))),times(cos(square(X(2,:))),negexp(square(X(2,:))))))))))"
2,2,447,"minus(times(times(tanh(X(2,:)),times(tanh(negexp(plus(X(2,:),X(1,:)))),times(exp(cos(plus(plus([34.0019],X(1,:)),minus(X(2,:),[-44.3715])))),X(1,:)))),times(times(times(times(tanh(negexp(plus(X(2,:),X(1,:)))),X(1,:)),[86.8313]),plus(tanh(cos(plus(plus(X(2,:),X(1,:)),minus([34.0431],[-44.3715])))),plus(tanh(negexp(plus([34.0431],X(1,:)))),[34.0431]))),times(plus(tanh(cos(square([-1.7685]))),plus(X(1,:),[34.2353])),[61.7572]))),times(times(times(times(times(tanh(negexp(plus(X(2,:),X(1,:)))),X(1,:)),[33.6845]),plus(X(2,:),[34.0431])),times([61.5019],[61.5019])),plus(X(2,:),[34.0431])))"
2,2,448,"times(plus(plus(negexp(X(2,:)),plus(X(2,:),X(1,:))),exp(X(1,:))),minus(minus(plus(plus(square(negexp(X(1,:))),plus(square(minus([-55.3174],X(2,:))),plus(X(1,:),[22.8964]))),X(1,:)),minus(times(square(plus(X(1,:),[22.9272])),plus(plus(negexp(X(2,:)),plus(exp(X(1,:)),X(1,:))),plus(negexp(X(2,:)),plus(exp(X(1,:)),X(1,:))))),square(square(plus(X(1,:),[22.9272]))))),minus(times(square(plus(X(1,:),plus(X(1,:),[23.7236]))),plus(plus(plus(negexp(X(2,:)),plus(X(2,:),plus(X(2,:),X(1,:)))),plus(exp(X(1,:)),X(2,:))),exp(X(1,:)))),square(square(plus(X(1,:),[22.8964]))))))"
2,2,449,"negexp(times(sin(tanh(times(plus(X(2,:),X(2,:)),sin(X(2,:))))),minus(sin(negexp(tanh(minus(X(2,:),X(1,:))))),[82.0992])))"
2,2,450,"negexp(plus(sin(minus(plus(X(1,:),[53.4890]),sin(minus(cos(X(2,:)),[53.5172])))),exp(times(plus(plus(exp(X(1,:)),plus(X(2,:),X(2,:))),minus(plus(plus(cos(X(2,:)),X(2,:)),[53.4382]),cos(plus(exp(X(1,:)),plus(X(2,:),X(1,:)))))),X(1,:)))))"
2,2,451,"plus(square(plus(square(exp(sin(plus(tanh(square(X(1,:))),tanh(plus(X(1,:),X(2,:))))))),tanh(tanh(tanh(plus(plus(square(X(1,:)),tanh(X(2,:))),times(X(2,:),[69.8288]))))))),tanh(plus(X(1,:),X(1,:))))"
2,2,452,"times(tanh(square(minus(negexp(X(2,:)),minus(minus(X(1,:),X(1,:)),plus(minus(minus(X(2,:),X(2,:)),plus([58.8931],[59.1321])),X(1,:)))))),times(plus(plus(plus(plus(plus(plus(plus([58.8989],[58.8989]),[59.2006]),[59.0009]),[58.8989]),plus(plus(plus([8.3838],[59.1321]),[59.2006]),[59.2006])),[58.8989]),plus(plus(plus(plus([58.8989],[58.9818]),plus(plus(plus([58.8989],[59.0023]),[8.3838]),[58.8989])),plus(plus([8.2709],plus(plus([58.8989],[58.8989]),[59.2006])),plus(plus(plus([58.8989],[59.2006]),[58.8989]),[58.8989]))),[58.8989])),plus(minus(minus(X(1,:),X(2,:)),plus(minus(minus(X(1,:),X(2,:)),plus([8.2709],[59.2006])),X(1,:))),plus(square(minus(minus(X(1,:),X(2,:)),plus([8.3838],cos(minus(X(1,:),X(2,:)))))),X(1,:)))))"
2,2,453,"square(minus(times(exp(exp(exp(cos(exp(plus(X(1,:),X(2,:))))))),square(cos(exp(cos(times(sin(X(2,:)),exp(X(2,:)))))))),square(plus(times(X(1,:),X(2,:)),exp(tanh(plus(exp(X(2,:)),negexp(X(1,:)))))))))"
2,2,454,"times(square(plus(times(square(plus([90.0714],X(1,:))),times(square(sin(square(X(2,:)))),cos(X(1,:)))),sin(times(square(sin(square(X(2,:)))),square(plus([90.0360],X(1,:))))))),times(square(X(2,:)),minus(times(minus(sin([89.9625]),sin(X(1,:))),X(1,:)),square(sin(X(2,:))))))"
2,2,455,"times(plus(plus(tanh(cos(X(2,:))),times(cos(X(2,:)),X(2,:))),exp(X(2,:))),exp([17.4120]))"
2,2,456,"times(square(square([41.0467])),plus(plus(square(plus(square(sin(X(2,:))),[65.1119])),plus(plus(plus(square(minus(tanh(X(1,:)),times(X(2,:),X(1,:)))),square(X(2,:))),[65.0729]),plus(square(minus(X(2,:),times(X(2,:),X(1,:)))),cos(square(minus(square(X(2,:)),times(X(2,:),X(1,:)))))))),square(minus(X(2,:),minus(minus(negexp(negexp(cos(X(1,:)))),times(negexp(tanh(X(1,:))),X(1,:))),X(2,:))))))"
2,2,457,"square(times(cos(tanh(plus(times(plus(X(1,:),X(2,:)),minus(cos(times([-58.6194],X(2,:))),[-58.6367])),negexp(cos(times([-56.7850],X(2,:))))))),times(cos(times([-58.5962],[-58.6878])),times(cos(times([-58.6367],X(2,:))),times(times(cos(times([-58.6367],X(2,:))),times(cos(times([-58.6367],X(2,:))),[-37.0707])),[-56.5289])))))"
2,2,458,"square(plus(plus(times(tanh(negexp(plus(X(2,:),times(X(1,:),X(2,:))))),times(minus([73.6662],square(X(1,:))),minus(square(sin(negexp(X(2,:)))),X(1,:)))),times(tanh(negexp(plus(X(2,:),times(X(1,:),X(2,:))))),times(minus(minus([73.6687],square(X(1,:))),square(X(1,:))),minus(square(sin(negexp(X(2,:)))),X(1,:))))),times(tanh(negexp(plus(X(2,:),times(X(1,:),X(2,:))))),times(tanh(square(minus(X(2,:),X(1,:)))),times(minus([73.5031],square(minus(X(2,:),X(1,:)))),minus(X(2,:),X(1,:)))))))"
2,2,459,"times(exp(times(cos(minus([-81.5109],X(1,:))),times(cos(times(cos([81.3858]),cos(minus([-81.5109],X(1,:))))),[-82.5171]))),plus(X(2,:),X(2,:)))"
2,2,460,"times(times(times(X(2,:),times(plus(plus(plus(X(1,:),[0.6104]),X(1,:)),square(X(1,:))),X(2,:))),X(2,:)),plus(X(1,:),tanh(times(exp(times(square(X(1,:)),times(plus(plus(X(1,:),X(1,:)),square(X(1,:))),X(2,:)))),exp(cos(negexp(cos(square(X(1,:))))))))))"
2,2,461,"minus(square(plus(plus(X(2,:),minus(cos(times(X(1,:),[-10.3563])),negexp(X(2,:)))),square(minus(X(1,:),square(square(plus(X(1,:),X(2,:)))))))),square(plus(X(2,:),square(minus(X(2,:),square(square(plus(X(1,:),X(2,:)))))))))"
2,2,462,"square(minus(minus(times(X(1,:),times([45.2695],times(minus(cos(X(2,:)),[45.2695]),X(2,:)))),minus(times(exp(cos(cos(X(2,:)))),times(exp(cos(plus(X(2,:),X(1,:)))),minus(square([45.3641]),X(2,:)))),negexp(plus(X(2,:),X(1,:))))),times(minus(minus(minus(square(plus(X(2,:),tanh(X(1,:)))),[45.3851]),[45.2695]),[45.2695]),[45.1702])))"
2,2,463,"exp(minus(cos(minus(plus(negexp(cos(negexp(X(2,:)))),cos(negexp(X(2,:)))),plus([-23.5208],X(1,:)))),plus([-23.0586],negexp(X(1,:)))))"
2,2,464,"times(square(plus(exp(cos(cos(plus([89.4350],negexp(X(1,:)))))),X(2,:))),times(cos(cos(cos(cos(square(plus(X(1,:),X(1,:))))))),minus(minus(square([30.8028]),minus(minus(minus(cos(minus(X(2,:),X(1,:))),plus(X(1,:),plus(X(2,:),X(1,:)))),X(2,:)),times(minus(cos(minus(X(2,:),X(1,:))),X(2,:)),[89.3216]))),minus(plus(minus(minus(X(1,:),plus(X(1,:),plus(X(2,:),X(1,:)))),X(2,:)),negexp(X(1,:))),times(minus(cos(plus(X(1,:),X(1,:))),X(2,:)),square(plus(X(1,:),X(1,:))))))))"
2,2,465,"minus(square(times(plus(cos(plus(plus(X(1,:),X(2,:)),X(2,:))),X(1,:)),minus(plus(cos(plus(X(1,:),exp(plus(X(1,:),X(1,:))))),plus(X(1,:),X(1,:))),exp(plus(X(1,:),X(2,:)))))),times(cos(square(minus(cos(plus(X(1,:),X(2,:))),exp(minus(cos(X(2,:)),exp(plus(X(1,:),X(2,:)))))))),plus(times(plus(X(2,:),X(1,:)),exp([13.9287])),plus(times([14.0038],minus(minus(exp(plus(X(1,:),X(1,:))),exp(plus(X(1,:),X(2,:)))),exp(plus(sin([-30.4441]),X(2,:))))),times([14.0038],minus(minus(exp(plus(X(1,:),X(1,:))),exp(sin([-30.4441]))),exp(plus(plus(X(1,:),X(2,:)),X(2,:)))))))))"
2,2,466,"square(times(times(plus(times(times([55.9384],X(2,:)),X(1,:)),times(plus(minus(times(X(2,:),[19.9634]),exp(X(2,:))),plus(cos([85.0450]),times(X(1,:),plus(X(1,:),X(1,:))))),X(1,:))),tanh(square(square(times(plus(cos([84.9653]),times(X(1,:),X(1,:))),X(1,:)))))),plus(plus(times(cos(plus(cos(X(1,:)),times(X(1,:),X(1,:)))),negexp(minus(square(X(2,:)),tanh(plus(X(2,:),X(1,:)))))),plus(plus(plus(plus(X(1,:),X(1,:)),plus(X(1,:),X(1,:))),X(1,:)),X(1,:))),X(1,:))))"
2,2,467,"plus(plus(negexp(plus(times([26.3487],tanh(times([26.1957],tanh(X(1,:))))),square(square(sin(cos(X(2,:))))))),negexp(plus(minus(minus(negexp(negexp(square(X(1,:)))),sin(plus(cos(X(1,:)),plus(X(1,:),X(1,:))))),sin(sin(plus(cos(X(2,:)),plus(X(1,:),X(1,:)))))),plus(minus(negexp(negexp(square(X(2,:)))),sin(plus(cos(X(2,:)),plus(X(1,:),X(1,:))))),plus(times(X(1,:),X(2,:)),times(tanh(X(2,:)),X(1,:))))))),negexp(plus(minus(negexp(negexp(tanh(X(1,:)))),sin(plus(tanh(X(2,:)),plus(X(2,:),X(1,:))))),minus(negexp(times([26.2141],exp(X(1,:)))),sin(negexp(negexp(tanh(times([26.1135],[26.1135])))))))))"
2,2,468,"square(times(minus([84.9120],times(minus(sin(minus(tanh(square(X(1,:))),plus(X(1,:),plus(X(2,:),X(2,:))))),plus(X(1,:),plus(X(1,:),sin(plus([84.5193],X(2,:)))))),sin(plus(X(1,:),sin(plus([84.6314],X(2,:))))))),plus(X(2,:),times(minus(square(sin(X(1,:))),plus(X(1,:),plus(X(1,:),X(2,:)))),tanh(sin(tanh(tanh(plus(X(2,:),X(2,:))))))))))"
2,2,469,"minus(plus(times(X(2,:),X(1,:)),plus(minus(X(2,:),plus(minus(cos(X(1,:)),times(times(X(2,:),X(1,:)),X(2,:))),cos(minus(X(2,:),times(times(X(2,:),X(1,:)),cos([58.8684])))))),plus(minus(plus(minus(times(times(X(2,:),X(1,:)),X(2,:)),X(2,:)),sin(times(times(X(2,:),X(1,:)),cos(X(2,:))))),times(times(X(2,:),X(1,:)),cos(X(1,:)))),plus(minus(X(2,:),times(times(X(2,:),X(1,:)),cos([58.7632]))),negexp(times(square(sin(X(1,:))),plus(negexp(X(2,:)),cos(X(1,:))))))))),times([58.0771],plus(cos(X(2,:)),plus(minus(X(2,:),times(times(X(2,:),X(1,:)),cos([58.7632]))),[58.8090]))))"
2,2,470,"times(times(X(1,:),times(times(X(1,:),plus(times(negexp(X(1,:)),sin(X(1,:))),plus(X(1,:),X(1,:)))),plus(times(negexp(X(1,:)),sin(X(1,:))),plus(plus(exp(X(1,:)),plus(X(1,:),plus(cos(X(2,:)),X(1,:)))),plus(times(negexp(X(1,:)),sin(X(1,:))),plus(plus(exp(X(1,:)),plus(X(1,:),X(1,:))),X(1,:))))))),plus(plus(exp(X(1,:)),plus(X(1,:),X(1,:))),X(1,:)))"
2,2,471,"square(times(minus(times(tanh(exp(exp(X(2,:)))),sin(tanh(plus(X(2,:),X(1,:))))),plus(X(2,:),X(1,:))),plus(plus(plus(sin(X(1,:)),sin(tanh(plus(X(2,:),X(1,:))))),times(negexp(X(2,:)),exp(X(2,:)))),X(1,:))))"
2,2,472,"exp(minus(minus(minus(plus(square([-4.9106]),cos(minus(times(X(2,:),X(1,:)),cos(cos(X(1,:)))))),negexp(X(1,:))),[-4.4652]),negexp(times(plus(sin(tanh(negexp(X(1,:)))),tanh(negexp(X(1,:)))),plus(plus(negexp(X(1,:)),tanh(negexp(X(1,:)))),tanh(negexp(cos(negexp(X(1,:))))))))))"
2,2,473,"exp(square(minus(X(1,:),plus(negexp(square(plus(plus(cos([-20.0207]),minus(X(2,:),X(1,:))),plus(cos([-19.8308]),minus(X(2,:),X(1,:)))))),plus(negexp(square(exp(times([-98.8631],X(2,:))))),exp(sin(sin(minus(X(1,:),[-98.9370])))))))))"
2,2,474,"square(times(plus(plus(X(2,:),plus(plus(X(2,:),plus(X(2,:),plus(X(2,:),X(1,:)))),X(1,:))),plus(tanh(plus(plus(X(2,:),X(2,:)),plus(plus(X(2,:),plus(X(1,:),X(2,:))),minus(square(X(1,:)),tanh(X(2,:)))))),X(1,:))),square(times(square(plus(X(2,:),X(1,:))),tanh(square(plus(X(2,:),X(1,:))))))))"
2,2,475,"square(exp(exp(plus(cos(plus(negexp(square(minus(X(1,:),X(2,:)))),negexp(plus(sin([28.8686]),square(X(1,:)))))),minus(negexp(plus(plus(exp(X(1,:)),negexp(X(1,:))),negexp(exp(X(1,:))))),negexp(exp(plus(X(2,:),X(1,:)))))))))"
2,2,476,"minus(minus(times(plus(times(times(X(1,:),X(1,:)),X(1,:)),square(square(X(2,:)))),square(plus(times(square(X(2,:)),X(1,:)),plus(cos(exp([-72.2074])),plus(X(2,:),times([-72.0467],X(1,:))))))),times([-75.3317],plus(plus(negexp(X(2,:)),square(X(2,:))),plus(times([-72.0171],times(X(1,:),X(1,:))),times(times(square(X(2,:)),X(1,:)),times([-72.2227],X(1,:))))))),times([-72.4028],plus(times(plus(times(times(times([-72.2074],X(1,:)),X(2,:)),X(1,:)),times([-72.2074],X(1,:))),X(1,:)),plus(times([-71.9873],times(X(1,:),X(1,:))),times(times(square(X(2,:)),X(1,:)),plus([-72.2074],times([-72.2227],X(1,:))))))))"
2,2,477,"times(square(times(times(X(2,:),X(1,:)),times(times(times(minus(times(X(2,:),X(2,:)),[32.0568]),sin(exp(exp(X(1,:))))),sin(exp(negexp(X(2,:))))),times(times(minus(times(X(2,:),X(2,:)),[31.9070]),sin(X(1,:))),cos(negexp(exp(X(2,:)))))))),times(X(2,:),X(1,:)))"
2,2,478,"square(plus(plus(plus(plus(plus(times(square(X(1,:)),times(X(1,:),X(2,:))),[-69.5443]),[-69.6008]),times(minus(minus(square(X(1,:)),X(1,:)),X(1,:)),X(2,:))),times(minus(minus(X(2,:),X(1,:)),cos(negexp(negexp(X(1,:))))),X(2,:))),times(X(2,:),[-55.5368])))"
2,2,479,"square(plus(exp(negexp(exp(tanh(times([-84.5214],times([-46.2634],X(2,:))))))),exp(negexp(cos(square(times([-46.2634],X(2,:))))))))"
2,2,480,"square(minus(square(times(tanh(square(times(X(2,:),square(X(2,:))))),plus(plus(X(1,:),X(2,:)),plus([-74.7534],tanh(sin(square(X(1,:)))))))),minus(square(times(tanh(times(square(X(1,:)),X(2,:))),plus(plus(minus(exp(X(1,:)),plus(X(1,:),X(2,:))),X(2,:)),plus([-33.4717],[-93.3131])))),times(tanh(times(square(X(1,:)),tanh(plus(X(2,:),X(2,:))))),plus(plus(minus(exp(X(1,:)),plus(X(2,:),X(2,:))),X(1,:)),plus([-33.5888],minus(tanh([-74.7456]),times(X(1,:),X(2,:)))))))))"
2,2,481,"times(times(times(X(1,:),tanh(tanh(plus(exp(X(1,:)),tanh(X(2,:)))))),square(times(square(times(minus([-91.2736],plus(X(1,:),X(1,:))),tanh(times(tanh(X(1,:)),X(1,:))))),tanh(times(X(1,:),tanh(tanh(X(2,:)))))))),tanh(tanh(times(square(tanh(tanh(X(1,:)))),X(1,:)))))"
2,2,482,"times(times(times(square(negexp(plus(plus(cos(X(1,:)),plus(X(1,:),cos(X(1,:)))),plus(sin(cos(X(1,:))),X(1,:))))),exp(cos(plus(X(1,:),plus(cos(X(1,:)),X(1,:)))))),plus(negexp(plus(plus(cos(X(1,:)),plus(plus(sin(X(1,:)),plus(X(1,:),X(1,:))),plus(sin(X(1,:)),X(1,:)))),plus(sin(X(1,:)),X(1,:)))),plus(square(X(1,:)),negexp(plus(exp(sin(X(1,:))),negexp(sin(X(1,:)))))))),plus(sin(sin(cos(plus(X(1,:),plus(sin(cos(X(1,:))),X(1,:)))))),square(X(2,:))))"
2,2,483,"plus(minus(times(exp(times(X(1,:),X(1,:))),sin(negexp(X(1,:)))),sin(minus(cos(negexp(X(1,:))),times(times(square(exp(times(X(1,:),X(1,:)))),exp(sin(sin(X(1,:))))),plus(sin(exp(times(X(1,:),X(1,:)))),plus(X(1,:),X(1,:))))))),times(tanh(square(sin(plus(sin([70.7522]),plus(X(1,:),X(1,:)))))),times(times(times(times(square(minus([-97.5640],times([70.8912],X(1,:)))),exp(negexp(negexp(X(1,:))))),exp(sin([70.9119]))),exp(sin([70.8880]))),exp(sin(times(exp(times(X(1,:),X(1,:))),cos(negexp(X(1,:)))))))))"
2,2,484,"times(times(minus(square(plus(negexp(X(1,:)),minus(square(sin(negexp(X(2,:)))),negexp(X(2,:))))),plus(exp(tanh(times(plus(X(2,:),exp(X(2,:))),[14.3849]))),times(plus(exp(X(2,:)),exp(X(2,:))),[14.3090]))),plus(exp(tanh(X(1,:))),[27.4880])),plus([93.7069],minus(plus(plus(square(cos(plus(X(2,:),X(1,:)))),[27.5494]),plus(plus(tanh(cos(X(2,:))),negexp(times(plus([17.5707],[27.5494]),exp(X(2,:))))),negexp(tanh(sin(negexp(X(2,:))))))),tanh(plus(negexp(exp(exp(tanh(X(1,:))))),tanh(sin(X(1,:))))))))"
2,2,485,"negexp(sin(tanh(plus(cos(minus(minus(cos(X(1,:)),negexp(X(1,:))),minus(cos(X(1,:)),minus(cos(X(1,:)),negexp(X(1,:)))))),cos(minus(cos(plus(X(1,:),[-37.6063])),minus(cos(X(1,:)),minus(cos(X(1,:)),negexp(X(1,:))))))))))"
2,2,486,"square(square(square(minus(plus(plus(tanh(X(1,:)),plus(sin(tanh(X(1,:))),X(2,:))),plus(cos(plus(cos(X(2,:)),X(2,:))),X(2,:))),minus(X(1,:),minus(minus(sin(cos(X(2,:))),square(X(1,:))),exp(cos(X(1,:)))))))))"
2,2,487,"times(plus(times(square(cos(plus(X(2,:),X(1,:)))),negexp([-11.9198])),negexp(X(2,:))),times(times(plus(times(plus(times(X(1,:),X(2,:)),times(negexp(minus(X(2,:),X(1,:))),cos(X(2,:)))),square(square(cos(plus(X(2,:),X(1,:)))))),times(sin(exp(cos(times(X(1,:),[-71.0842])))),cos(cos(plus(X(2,:),X(1,:)))))),square(cos(plus(X(2,:),X(1,:))))),times(negexp(X(1,:)),cos([-71.0725]))))"
2,2,488,"square(square(minus(minus(minus(cos(sin(square(minus(X(2,:),X(1,:))))),cos([-33.6581])),minus(X(2,:),X(1,:))),cos(square([-33.3997])))))"
2,2,489,"times(square(square(plus(X(2,:),X(1,:)))),plus(square(X(1,:)),plus(X(1,:),times(exp(tanh(minus(square(X(2,:)),negexp(cos(X(1,:)))))),X(2,:)))))"
2,2,490,"times(plus(negexp(plus(plus(tanh(plus(negexp(X(1,:)),times([-89.9507],times(X(1,:),[-78.3414])))),cos(X(1,:))),negexp(X(2,:)))),plus(times(times(X(1,:),[-89.9507]),X(2,:)),plus(times([-55.1426],times(plus([-4.1973],X(1,:)),X(2,:))),times(plus(times(X(1,:),X(2,:)),plus(times(X(1,:),X(2,:)),times([-89.7634],times(X(1,:),[-78.3414])))),[-46.5971])))),[-46.6827])"
2,2,491,"times(minus(cos(exp(sin(sin(X(2,:))))),times(plus(cos(sin(X(1,:))),minus(X(2,:),X(1,:))),[45.9200])),times(square(plus(X(1,:),X(2,:))),times(square(plus(X(1,:),X(2,:))),X(1,:))))"
2,2,492,"times(plus(times(negexp(tanh(negexp(tanh(X(2,:))))),[-51.0563]),plus(times(negexp(tanh(times(negexp(tanh(X(1,:))),X(1,:)))),X(1,:)),times(X(1,:),sin(plus(tanh(X(2,:)),tanh(times(X(2,:),X(1,:)))))))),plus(times(negexp(tanh(negexp(tanh(tanh(tanh(X(2,:))))))),[-50.5701]),plus(plus(times(negexp(tanh(X(1,:))),X(1,:)),times(negexp(tanh(X(1,:))),sin(plus(plus([-68.8440],times(X(2,:),X(1,:))),tanh(tanh(X(2,:))))))),times(negexp(tanh(X(1,:))),sin(plus(times(X(2,:),X(1,:)),tanh(negexp([-51.0062]))))))))"
2,2,493,"square(square(plus(times(times(plus(times(tanh(X(1,:)),[-37.6550]),[-37.4048]),minus(tanh([-37.6565]),plus(times(tanh(X(1,:)),[-37.6568]),[-37.4428]))),minus(X(1,:),X(2,:))),tanh(exp(minus(X(1,:),tanh(exp(minus(X(1,:),X(2,:))))))))))"
2,2,494,"times(square(times(sin(square(minus(exp(times(X(2,:),X(1,:))),X(1,:)))),times(square(X(1,:)),square(times(sin(X(2,:)),[-33.1585]))))),plus(sin(sin(sin(minus(X(2,:),plus(sin(X(2,:)),cos(negexp([-65.1548]))))))),cos(negexp(X(2,:)))))"
2,2,495,"square(plus(plus(exp(square(times(cos(square(sin(X(1,:)))),square(exp(sin(X(1,:))))))),square(plus(plus([9.2272],times(X(1,:),square(X(1,:)))),times(cos(square(square(X(1,:)))),square(exp(sin(X(1,:)))))))),square(plus(plus([8.8769],negexp(X(1,:))),times(X(1,:),square(X(1,:)))))))"
2,2,496,"times(tanh(negexp(plus(tanh(tanh(X(2,:))),plus(X(1,:),times(X(1,:),X(2,:)))))),square(plus(cos(square(sin(times(plus(X(1,:),times(X(1,:),X(2,:))),X(1,:))))),exp(minus(cos(plus(X(1,:),times(X(1,:),X(2,:)))),cos(cos(cos(times([-76.4079],X(1,:))))))))))"
2,2,497,"square(times([96.4774],times(tanh(square(times(square(square(plus(X(1,:),X(2,:)))),square(square(plus(X(1,:),X(2,:))))))),times(exp(exp(cos(sin(tanh(X(1,:)))))),times(tanh(minus(times([37.8593],X(2,:)),[96.1221])),times(exp(cos(plus(X(1,:),X(2,:)))),square(square(plus(X(1,:),X(2,:))))))))))"
2,2,498,"times(times(tanh(tanh(negexp(minus(times(X(1,:),X(2,:)),minus([42.0799],[37.6861]))))),plus(times([-54.6374],plus(times(X(1,:),[24.7403]),minus(times(X(1,:),X(2,:)),X(1,:)))),plus(times([37.6861],[24.8119]),sin(plus(X(2,:),[42.2554]))))),plus([24.7403],X(2,:)))"
2,2,499,"times(minus(times(minus(X(1,:),minus(X(2,:),minus(X(2,:),exp(X(1,:))))),tanh(times(X(1,:),tanh(X(2,:))))),tanh(X(2,:))),plus(plus(plus(minus([68.7794],minus(cos(plus([-51.5193],X(2,:))),minus(negexp(X(2,:)),times(X(1,:),X(1,:))))),minus([68.6335],minus(times(X(1,:),tanh(X(2,:))),minus(minus(negexp(X(2,:)),tanh(X(2,:))),X(1,:))))),minus([68.6335],minus(tanh(X(2,:)),minus(negexp(times(X(1,:),tanh(X(2,:)))),tanh(times(X(1,:),tanh(X(2,:)))))))),plus(plus(X(1,:),plus(X(1,:),minus([68.7104],minus(X(2,:),minus(negexp(X(2,:)),tanh(X(2,:))))))),minus(minus([68.6370],minus(minus(times(X(1,:),tanh(X(2,:))),minus(negexp(X(2,:)),X(1,:))),minus(negexp(X(2,:)),tanh(X(2,:))))),minus(X(2,:),minus(minus(negexp(X(2,:)),times(X(1,:),tanh(X(2,:)))),negexp(X(1,:))))))))"
2,2,500,"square(minus(times(minus(tanh(exp(tanh(square(square(X(2,:)))))),sin(sin(plus(sin(sin(X(2,:))),tanh(plus(X(2,:),X(2,:))))))),negexp(tanh(negexp(cos(square(square(X(1,:)))))))),tanh(cos(exp(negexp(cos(minus(minus(X(2,:),X(2,:)),sin([-25.4088])))))))))"
2,10,1,"square(plus(X(7,:),square(plus(times(square(times(minus([-5.9011],sin(X(9,:))),sin(X(9,:)))),cos(minus([-6.0084],sin(sin(X(9,:)))))),times(X(7,:),X(4,:))))))"
2,10,2,
2,10,3,"plus(plus(square(square(times(minus(cos(minus(cos(X(1,:)),exp(X(1,:)))),cos(X(1,:))),exp(negexp(cos([-20.6319])))))),square(square(times(minus(plus(cos(X(7,:)),cos(X(1,:))),exp(X(1,:))),times(plus(cos(X(7,:)),cos(X(1,:))),times([-20.3146],cos(X(1,:)))))))),square(square(times(minus(cos(minus(X(1,:),exp(exp(X(1,:))))),exp(X(1,:))),exp(negexp(cos(X(1,:))))))))"
2,10,4,"square(plus(plus(plus(square(times(minus(exp(X(6,:)),minus([49.7241],[17.0642])),cos(cos(X(9,:))))),minus(minus(X(10,:),times(times(X(5,:),cos(X(9,:))),times(exp(X(6,:)),cos(X(5,:))))),times(minus(exp(X(6,:)),minus([49.6327],exp(X(6,:)))),cos(cos(exp(X(6,:))))))),minus(exp(X(6,:)),minus([49.5775],[49.7067]))),times(minus(times(minus(exp(X(6,:)),minus([49.5775],[49.7067])),minus([49.5445],minus(times(X(8,:),X(3,:)),[60.3606]))),minus([49.7824],[16.5620])),negexp(times(minus(exp(X(6,:)),minus([49.7067],[49.6603])),negexp(cos(X(9,:))))))))"
2,10,5,"times(plus(X(1,:),plus([-57.4184],[-57.4184])),minus(plus(minus(minus(times(times([-57.4184],plus(X(5,:),[97.9395])),cos(minus(plus([-57.4184],[-57.4184]),X(1,:)))),times(square(negexp(X(4,:))),square([-86.6452]))),times(square(negexp(X(4,:))),square(plus([-49.6002],[-57.4184])))),times(times([-57.4184],[98.0191]),cos(minus(plus(X(4,:),[97.9395]),plus([-49.6002],square(plus([-49.6002],[-57.4184]))))))),times(plus([-57.4266],times(plus([-57.4184],[-57.4184]),plus(X(3,:),[97.9395]))),minus(plus(X(10,:),times(times(square(negexp(X(4,:))),square(X(1,:))),X(1,:))),negexp(minus(X(2,:),X(1,:)))))))"
2,10,6,"times(plus(plus(square(minus(minus(minus(X(6,:),[18.3903]),square(X(7,:))),square(minus(X(7,:),square(minus(X(7,:),[-2.3723])))))),negexp(minus(minus(minus(X(7,:),[-2.4056]),[-2.4056]),square(X(2,:))))),square(minus(minus(minus([-2.4056],minus(square(X(2,:)),[-2.3723])),square(minus(X(7,:),square(minus(X(7,:),[-2.4056]))))),square(minus([-2.4056],square(minus(X(7,:),[-2.4056]))))))),[19.0298])"
2,10,7,"times(times(times(negexp(X(2,:)),sin(plus(plus(sin(sin(X(8,:))),minus([-77.1420],X(10,:))),sin(exp(X(7,:)))))),sin(sin(plus(cos(X(1,:)),negexp(X(4,:)))))),times(square([-96.1773]),cos(X(4,:))))"
2,10,8,"square(minus(times(X(6,:),times(tanh(minus(cos(times(X(8,:),X(2,:))),sin(times(X(9,:),times(X(8,:),X(3,:)))))),plus(plus([-93.9701],X(6,:)),minus(times(X(9,:),times(X(8,:),X(3,:))),exp(sin(plus(X(1,:),X(4,:)))))))),times(minus(plus(X(8,:),plus([-93.5189],plus([-93.8424],X(1,:)))),times(exp(sin(X(3,:))),exp(exp(cos(times(X(8,:),X(3,:))))))),[68.2951])))"
2,10,9,"times(times(X(2,:),times(plus(exp(X(6,:)),plus(negexp(sin(exp(negexp(X(2,:))))),minus(times(plus(exp(X(10,:)),X(4,:)),X(10,:)),X(8,:)))),X(10,:))),minus(minus(minus(minus(square([92.3643]),minus(times(plus(exp(X(8,:)),exp(X(10,:))),X(2,:)),plus(plus(exp(X(10,:)),negexp(X(2,:))),plus(exp(X(10,:)),negexp(X(2,:)))))),plus(exp(X(8,:)),minus(times(plus(exp(X(8,:)),exp(X(6,:))),X(10,:)),square([-86.1580])))),plus(exp(X(10,:)),times(plus(exp(X(6,:)),plus(plus(X(2,:),plus(X(2,:),[-92.6992])),square(X(2,:)))),X(10,:)))),plus([92.2704],minus(times(plus(exp(X(6,:)),plus(plus(square(X(1,:)),plus(X(2,:),[-92.6992])),square(X(2,:)))),X(10,:)),square([92.2704])))))"
2,10,10,"plus(plus(plus(times(times(X(7,:),X(5,:)),plus(plus(exp(square(X(5,:))),plus(exp(square(X(7,:))),square(square([-86.3934])))),plus(square(square([-86.3934])),square(square([-86.3992]))))),times(cos(X(9,:)),plus(plus(square(square(exp(X(7,:)))),plus(exp(square(X(7,:))),square(times(X(7,:),X(5,:))))),square([59.8663])))),times(plus(plus(square(square(square([59.8467]))),square(X(7,:))),square(X(5,:))),plus(plus(square(square([59.8467])),square(square([59.8663]))),plus(square(square([59.8663])),square(square([59.8663])))))),times(times(X(7,:),X(5,:)),plus(plus(plus(square(square([59.8663])),square(square([59.8663]))),plus(square(square([59.9484])),square(square([59.8663])))),plus(plus(square(square([59.8663])),square(square([59.8663]))),plus(square(square([59.9484])),square(square([59.8663])))))))"
2,10,11,"times(square(exp(times(cos(negexp(X(7,:))),cos(square(minus(sin(X(10,:)),tanh([-16.8949]))))))),plus(cos(negexp(X(7,:))),cos(plus(negexp(cos(X(7,:))),exp(exp(negexp(negexp(X(7,:)))))))))"
2,10,12,"times(square(plus(square(plus(X(9,:),plus(plus(plus(square(X(2,:)),plus(X(5,:),X(5,:))),X(5,:)),X(5,:)))),plus(plus(plus(square(X(1,:)),plus(X(2,:),X(5,:))),X(1,:)),plus(X(9,:),X(2,:))))),X(1,:))"
2,10,13,"plus(plus(X(1,:),minus(plus(plus(plus(plus([95.8261],plus([96.2048],X(5,:))),minus(plus(X(3,:),X(1,:)),times(negexp(X(3,:)),X(7,:)))),times(X(4,:),negexp(X(5,:)))),negexp(X(3,:))),times(plus(X(9,:),negexp(X(3,:))),X(7,:)))),plus(X(9,:),plus(sin(times(X(2,:),X(7,:))),minus(plus(times(X(4,:),negexp(X(5,:))),minus(plus(X(7,:),negexp(X(3,:))),times(negexp(X(3,:)),X(7,:)))),times(negexp(X(3,:)),X(7,:))))))"
2,10,14,"square(plus(plus(times(X(7,:),negexp(X(5,:))),plus(negexp(minus(X(7,:),X(9,:))),sin(sin(cos(X(10,:)))))),plus(plus(negexp(minus(X(7,:),X(9,:))),tanh(negexp(X(2,:)))),plus(times(times(plus(X(3,:),[-48.7785]),negexp(X(5,:))),minus(X(7,:),X(9,:))),X(7,:)))))"
2,10,15,"minus(sin(negexp(plus(sin(plus(plus(plus(X(4,:),X(5,:)),tanh(X(5,:))),X(2,:))),cos(sin(X(7,:)))))),times(tanh(minus(sin(plus(X(4,:),X(5,:))),sin(sin(times(cos(X(4,:)),sin(cos(X(5,:)))))))),square(plus(plus(square(plus(plus(plus(X(4,:),X(5,:)),tanh(X(5,:))),tanh(X(4,:)))),tanh(X(2,:))),tanh(X(2,:))))))"
2,10,16,"plus(negexp(plus(X(7,:),plus(X(7,:),minus(X(7,:),X(9,:))))),minus(minus(negexp(plus(X(7,:),plus(X(7,:),minus(X(7,:),X(9,:))))),square(times(X(9,:),plus([-36.6518],X(9,:))))),square(plus(square(plus(plus(plus(X(7,:),X(9,:)),plus(plus(X(7,:),X(9,:)),X(9,:))),plus(X(7,:),X(9,:)))),plus(plus(X(8,:),minus(plus(plus(X(2,:),X(7,:)),minus(X(7,:),X(9,:))),X(9,:))),plus(plus(plus(X(7,:),X(7,:)),minus(X(7,:),X(9,:))),minus(plus(X(7,:),minus(X(2,:),X(9,:))),times(X(9,:),plus([-36.4476],X(9,:))))))))))"
2,10,17,"times(square(plus(plus(X(10,:),times(cos(tanh(sin(X(1,:)))),X(8,:))),plus(plus(X(10,:),X(10,:)),plus(X(10,:),times(cos(tanh(sin(X(1,:)))),X(8,:)))))),plus(times(minus(X(4,:),X(8,:)),negexp(X(2,:))),minus(plus(times(minus(tanh(minus(X(4,:),negexp(X(2,:)))),X(8,:)),negexp(X(2,:))),plus(times(minus(X(4,:),X(8,:)),negexp(X(2,:))),minus(plus(times(times(X(8,:),X(5,:)),negexp(X(2,:))),minus(tanh(X(9,:)),minus([-64.7499],[50.8982]))),minus([-64.7499],[51.0081])))),minus(minus(cos(minus(X(2,:),minus([-64.7499],[50.7076]))),X(4,:)),plus(cos(minus(X(2,:),cos(plus(X(8,:),X(1,:))))),minus(cos(exp(X(8,:))),minus([-64.7499],[50.9309])))))))"
2,10,18,"square(plus(times(square(square(plus(X(3,:),minus(minus(square(X(6,:)),sin(X(4,:))),sin(X(4,:)))))),X(1,:)),times(plus(X(3,:),minus(exp(X(3,:)),minus(cos(X(8,:)),sin(minus(cos(X(8,:)),X(1,:)))))),times(plus(minus(exp(X(3,:)),sin(minus(cos(X(8,:)),X(1,:)))),square(negexp(cos(X(8,:))))),minus(exp(X(3,:)),[80.0560])))))"
2,10,19,"times(plus(plus(minus(X(3,:),negexp(X(3,:))),plus(minus(X(3,:),negexp(X(3,:))),cos(tanh(minus(cos([-15.3018]),X(3,:)))))),plus(minus(X(3,:),negexp(X(3,:))),exp(cos(negexp(X(10,:)))))),X(9,:))"
2,10,20,"minus(times(negexp(X(1,:)),minus(negexp(minus(minus(negexp([9.7319]),cos(negexp([9.7319]))),tanh(X(4,:)))),negexp(X(1,:)))),minus(times([-88.5093],minus(negexp(minus(minus(minus(X(1,:),X(1,:)),X(1,:)),X(1,:))),negexp(X(1,:)))),minus(minus(negexp(minus(X(6,:),minus(minus(minus(X(1,:),X(1,:)),X(1,:)),X(1,:)))),times([-88.4243],minus(minus(X(6,:),[-88.3733]),X(1,:)))),minus(times([-88.3733],minus(negexp(minus(minus(X(6,:),X(1,:)),X(1,:))),negexp(X(1,:)))),tanh(X(7,:))))))"
2,10,21,"times(times(plus(plus(minus(X(5,:),X(2,:)),minus(negexp(X(8,:)),X(8,:))),plus(plus(X(8,:),minus(negexp(X(8,:)),X(1,:))),times(times(X(1,:),[48.7648]),X(4,:)))),plus(tanh([-52.9356]),plus(tanh(cos([-52.7724])),minus(negexp(X(8,:)),square(X(2,:)))))),tanh(tanh(tanh(tanh(tanh(tanh(tanh(cos([-45.7611])))))))))"
2,10,22,"minus(negexp(cos(plus(times(negexp(X(1,:)),minus(times(X(8,:),negexp(X(4,:))),times(times(X(1,:),X(8,:)),sin(X(5,:))))),[-9.1793]))),minus(plus(cos(plus(X(8,:),X(8,:))),cos(times(minus(times(X(8,:),negexp(X(4,:))),times(times(X(5,:),X(8,:)),sin(X(1,:)))),minus(times(X(8,:),negexp(X(4,:))),times(times(X(5,:),X(8,:)),sin(X(5,:))))))),times(negexp(X(7,:)),minus(X(8,:),X(1,:)))))"
2,10,23,"times(X(6,:),plus(plus(square(minus(plus(square(times(minus([-20.4579],X(4,:)),X(7,:))),plus(cos([-47.1807]),plus(X(6,:),cos([-20.4854])))),plus(times(times(minus([-20.4579],X(6,:)),X(7,:)),[-47.0819]),times(times(minus([-20.4579],X(4,:)),X(7,:)),[-47.0819])))),times(minus(X(7,:),[-47.0819]),minus(plus(square(times(minus([-20.4579],X(6,:)),X(7,:))),plus(cos([-20.5210]),plus(minus([-20.4579],X(4,:)),cos([-20.4579])))),plus(square(times(minus([-20.4579],X(4,:)),X(7,:))),plus(cos([-47.1807]),minus(X(7,:),[-47.0819])))))),square(minus(plus(square(times(minus([-20.4579],X(4,:)),X(7,:))),plus(X(6,:),plus(X(6,:),plus(X(6,:),cos([-20.4854]))))),plus(times(minus(times(minus([-32.0218],X(6,:)),X(7,:)),[-20.4579]),X(7,:)),times(times(minus([-20.4411],X(7,:)),X(7,:)),[-47.0819]))))))"
2,10,24,"plus(square(times(times(plus(minus(sin(sin(X(9,:))),negexp(X(9,:))),plus(sin(plus(X(7,:),cos(X(10,:)))),minus(sin([-89.3755]),negexp(X(9,:))))),sin(plus(X(7,:),cos(X(4,:))))),times(times([-16.0397],plus(cos(X(6,:)),sin(sin(square(X(7,:)))))),[-16.0397]))),exp(times([-16.0348],plus(cos(X(6,:)),cos([42.3919])))))"
2,10,25,"times(sin(cos(tanh(plus(minus(X(9,:),square(plus(X(3,:),negexp(X(9,:))))),minus(X(9,:),square(plus(X(8,:),X(3,:)))))))),times(sin(cos(tanh(plus(square(X(8,:)),X(8,:))))),square(minus(minus(minus(X(9,:),square(negexp(X(9,:)))),square(plus(X(8,:),X(3,:)))),square(cos(square(negexp(X(9,:)))))))))"
2,10,26,"plus(plus(negexp(tanh(times(times(X(8,:),exp(X(3,:))),plus(square(X(4,:)),exp(X(3,:)))))),times(X(5,:),exp(X(6,:)))),exp(times(tanh(tanh(negexp(X(5,:)))),tanh(exp(exp(tanh(times(X(8,:),exp(X(3,:))))))))))"
2,10,27,"times(plus([44.4629],negexp(minus(X(5,:),square(exp(cos(X(4,:))))))),times(times(times(times(plus(sin(negexp(X(5,:))),plus(plus(X(4,:),plus(X(4,:),X(4,:))),sin(negexp(X(5,:))))),square(X(4,:))),square(X(4,:))),[64.6178]),square(X(4,:))))"
2,10,28,"square(plus(sin(square(tanh(square(plus(tanh(X(1,:)),sin(minus(X(7,:),X(1,:)))))))),minus(exp(tanh(exp(tanh(times(X(1,:),X(7,:)))))),minus(X(7,:),X(1,:)))))"
2,10,29,"plus(plus(plus(times(plus(X(7,:),X(10,:)),negexp(X(2,:))),plus(plus(plus(plus(negexp(X(2,:)),X(6,:)),times(plus(X(7,:),X(7,:)),negexp(X(2,:)))),exp(X(10,:))),exp(tanh(X(4,:))))),plus(plus(times(plus(X(7,:),X(10,:)),negexp(X(2,:))),plus(plus(plus(plus(negexp(X(2,:)),X(6,:)),times(plus(X(7,:),X(5,:)),negexp(X(2,:)))),X(10,:)),X(2,:))),tanh(plus(plus(plus(plus(plus(X(7,:),X(4,:)),square([15.4370])),times(plus(X(2,:),X(2,:)),negexp(X(2,:)))),exp(X(4,:))),exp(X(4,:)))))),exp(X(10,:)))"
2,10,30,"times(plus(negexp(negexp(cos(times(minus(minus(X(4,:),X(1,:)),minus(X(1,:),X(4,:))),minus(plus([9.3342],X(4,:)),square(X(5,:))))))),plus(tanh(negexp(negexp(X(3,:)))),plus(tanh(X(10,:)),minus([58.9845],negexp(tanh(negexp(negexp(X(3,:))))))))),times(plus(tanh(X(2,:)),minus(cos(times(minus(minus(X(4,:),X(1,:)),minus(X(1,:),X(4,:))),minus(plus([9.3342],X(4,:)),square(X(5,:))))),X(10,:))),times(minus(minus(minus(minus(minus([59.0443],[13.4584]),X(2,:)),X(2,:)),X(2,:)),[13.3448]),exp(X(2,:)))))"
2,10,31,"plus(plus(tanh(square(exp(exp(cos(X(3,:)))))),plus(cos(plus(plus(X(7,:),cos(X(3,:))),cos(plus(plus(X(2,:),cos(X(5,:))),cos(X(4,:)))))),exp(plus(plus(X(7,:),cos(X(3,:))),cos(plus(plus(X(2,:),cos(X(5,:))),cos(X(4,:)))))))),plus(tanh(square(exp(exp(tanh(times(X(8,:),[-9.6247])))))),plus(cos(plus(plus(X(7,:),cos(X(3,:))),cos(plus(plus(X(2,:),cos(X(5,:))),cos(X(4,:)))))),exp(plus(plus(X(7,:),cos(X(3,:))),cos(plus(plus(X(2,:),cos(X(5,:))),cos(X(4,:)))))))))"
2,10,32,"square(times([31.1124],times(plus(square(cos(square(minus(X(10,:),X(1,:))))),[85.4824]),exp(minus(X(10,:),tanh(X(7,:)))))))"
2,10,33,"minus(times(X(9,:),plus(square(X(2,:)),plus(plus(plus(times(X(4,:),X(5,:)),X(1,:)),X(1,:)),X(1,:)))),plus(times(exp(sin(X(5,:))),times(square(X(9,:)),minus(plus([8.7684],X(1,:)),times(X(2,:),square(X(2,:)))))),square(plus(plus([8.7684],X(1,:)),X(1,:)))))"
2,10,34,"times(X(6,:),times(square(minus([66.6478],times(sin(times(square(plus(X(6,:),[66.7245])),cos(X(9,:)))),square(plus(X(6,:),[-18.5917]))))),square(plus(times(sin(times(square(plus(X(6,:),X(4,:))),X(6,:))),[66.8144]),plus(cos(negexp([-18.4905])),exp(minus(negexp(sin(X(6,:))),square(cos(X(9,:))))))))))"
2,10,35,"times(minus(cos(minus(minus(plus(minus(square(X(7,:)),negexp(X(5,:))),times([-54.5711],[42.0652])),plus(cos(plus(X(7,:),X(4,:))),[-54.5711])),negexp(X(3,:)))),minus(plus(times([-54.5711],times(X(2,:),X(4,:))),exp(plus([2.5769],X(4,:)))),plus(plus(times([-54.6165],[42.0652]),square(X(4,:))),minus(plus(times([-54.5711],[42.0652]),times(minus(square(X(6,:)),negexp(X(5,:))),X(4,:))),minus(sin(negexp(X(5,:))),times(X(4,:),minus(square(X(4,:)),negexp(X(5,:))))))))),plus(plus(sin(minus(minus(plus([2.5769],exp(X(2,:))),plus(cos(exp([-57.8895])),[-54.5711])),negexp(X(5,:)))),minus(negexp(X(5,:)),times(X(4,:),minus(square(X(7,:)),negexp(X(5,:)))))),minus(negexp(X(5,:)),times(X(4,:),minus(square(X(5,:)),negexp(square(X(1,:))))))))"
2,10,36,"times(plus([10.8120],plus([10.8120],times(X(7,:),[5.9368]))),minus(minus([-29.5349],[6.0110]),minus(minus(minus([-29.5350],X(8,:)),X(8,:)),times(plus([10.8863],plus(exp(X(6,:)),[10.8863])),minus(X(8,:),X(1,:))))))"
2,10,37,"times(minus(negexp(X(2,:)),cos(sin(plus(times(negexp(exp(negexp(X(2,:)))),times(negexp(X(2,:)),[45.9735])),square(exp(negexp(X(2,:)))))))),square(exp(exp(cos(X(2,:))))))"
2,10,38,"plus(minus(square(plus([-56.2721],plus(plus(plus(X(10,:),plus(times(X(10,:),X(1,:)),square(X(1,:)))),[-56.3872]),X(10,:)))),square(plus(plus(times(X(1,:),X(10,:)),plus(plus(plus(times(X(1,:),X(10,:)),plus([60.7871],X(10,:))),X(3,:)),X(10,:))),tanh(exp(plus(X(10,:),X(4,:))))))),minus(square(plus([-56.1957],plus(X(3,:),plus([60.8431],X(3,:))))),square(plus(plus(plus(plus(plus(times(X(1,:),X(1,:)),X(10,:)),X(10,:)),X(10,:)),cos(X(2,:))),X(10,:)))))"
2,10,39,"times(exp(tanh(tanh(sin(exp(minus(X(4,:),X(1,:))))))),times(plus(plus(tanh(sin(times(square(exp(X(2,:))),X(8,:)))),square(square(minus(minus(exp(X(1,:)),X(8,:)),sin(X(8,:)))))),plus(tanh(sin(times(square(exp(X(2,:))),X(8,:)))),square(square(minus(minus(exp(X(1,:)),X(8,:)),sin(sin(X(8,:)))))))),[75.1433]))"
2,10,40,"square(minus(times(plus(times(plus(exp(exp(cos(X(2,:)))),minus(X(5,:),[38.8301])),exp(cos(X(2,:)))),tanh(times(minus(X(4,:),exp(cos(X(3,:)))),sin(minus(exp(X(3,:)),cos(X(9,:))))))),times(negexp(sin(minus(X(4,:),X(9,:)))),sin(minus(exp(X(3,:)),sin(plus(sin(X(1,:)),negexp(X(5,:)))))))),minus(times(X(3,:),negexp(times(minus(X(4,:),X(10,:)),sin(minus(exp(X(3,:)),X(5,:)))))),square(minus(X(5,:),negexp(X(5,:)))))))"
2,10,41,
2,10,42,"times(minus(minus(times(plus(plus(plus(tanh(X(2,:)),exp(X(2,:))),plus(X(2,:),X(6,:))),X(3,:)),plus(sin(tanh(exp(X(3,:)))),plus(plus(tanh(tanh(X(2,:))),tanh(tanh(X(6,:)))),X(9,:)))),times(square(minus(plus(tanh(tanh(X(1,:))),exp(X(2,:))),[-72.4715])),X(6,:))),times(square(minus(plus(tanh(X(2,:)),exp(X(2,:))),[-72.6606])),X(6,:))),exp(sin(sin(tanh(plus(tanh(X(2,:)),tanh(tanh(X(6,:)))))))))"
2,10,43,"times(plus(sin(exp(X(9,:))),negexp(exp(X(6,:)))),plus(minus(tanh(minus(cos(exp(X(9,:))),exp(tanh([-70.7714])))),tanh(cos(times(X(2,:),exp(cos(exp([-1.6701]))))))),square(X(5,:))))"
2,10,44,"square(times([-73.0368],times(times([-73.0491],times([15.1344],X(3,:))),sin(sin(sin(sin(negexp(times(X(8,:),X(9,:))))))))))"
2,10,45,"times(negexp(X(1,:)),plus(plus(square(minus(cos(plus(minus(exp(X(5,:)),plus(X(4,:),X(1,:))),minus(exp(X(5,:)),exp([-59.6688])))),negexp(X(1,:)))),plus(plus(plus(square(minus(negexp(X(5,:)),X(1,:))),plus(minus(negexp(X(5,:)),X(4,:)),X(1,:))),plus(square(minus(negexp(X(5,:)),X(1,:))),X(5,:))),plus(square(minus(negexp(X(5,:)),X(1,:))),X(5,:)))),plus(times(X(1,:),X(4,:)),X(5,:))))"
2,10,46,"times(plus(plus(X(7,:),negexp(tanh(minus(tanh(square(times([-70.0465],X(2,:)))),plus(times(negexp(X(2,:)),negexp(X(7,:))),negexp([7.0958])))))),negexp(plus(sin(plus(X(2,:),X(8,:))),cos(minus(X(6,:),[3.0678]))))),square(square(X(9,:))))"
2,10,47,"plus(times(exp(square(square(tanh(times(square(negexp(X(10,:))),cos([13.8002])))))),times(sin(plus([-36.6912],sin(X(10,:)))),times(times([13.6928],[-36.6723]),times([13.8002],[-36.5893])))),times(exp(square(square(square(cos(tanh(negexp(X(10,:)))))))),times(sin(sin(sin(plus([-36.5512],X(10,:))))),times(times([13.8002],plus(plus([-36.6695],sin(X(10,:))),sin(X(10,:)))),exp(square(X(10,:)))))))"
2,10,48,"plus(times(exp(X(9,:)),plus(square(minus([41.3337],exp(sin(square(minus([41.4203],X(1,:))))))),plus(minus(minus(X(3,:),[64.8718]),X(4,:)),exp(minus(X(10,:),X(1,:)))))),plus(times(exp(X(9,:)),plus(plus(X(3,:),exp(minus(X(10,:),X(1,:)))),exp(minus(X(10,:),X(1,:))))),times(exp(X(9,:)),plus(square(minus([41.4253],X(1,:))),plus(square(minus([41.4203],X(1,:))),exp(minus(X(10,:),X(1,:))))))))"
2,10,49,"times(times(minus(sin(minus(plus(sin(exp(X(9,:))),cos(X(5,:))),plus(X(10,:),X(10,:)))),times(X(10,:),X(10,:))),square(exp(X(10,:)))),sin(cos(cos(exp(plus(X(9,:),X(7,:)))))))"
2,10,50,"times(square(minus(times(tanh(square(square(plus(plus(X(3,:),X(3,:)),X(4,:))))),minus(X(9,:),square(plus(X(10,:),X(10,:))))),times(minus(minus([60.6926],X(6,:)),X(3,:)),sin(cos(exp(plus(X(3,:),plus(X(3,:),X(3,:))))))))),times(minus(minus([60.7151],X(9,:)),cos(exp(plus(X(10,:),X(10,:))))),sin(cos(exp(plus(X(3,:),tanh(exp(tanh(X(6,:))))))))))"
2,10,51,"times(minus(minus(plus(square(X(6,:)),times(X(7,:),X(6,:))),minus(sin(X(5,:)),minus(plus(square(X(6,:)),times(X(7,:),X(6,:))),minus(sin(sin(minus(X(3,:),X(9,:)))),exp(X(1,:)))))),times(minus(tanh(plus(times(X(7,:),X(6,:)),X(5,:))),plus(square(X(6,:)),times(X(7,:),X(6,:)))),cos(tanh(plus(negexp(negexp(X(2,:))),negexp(tanh(tanh(X(8,:))))))))),minus(tanh(X(1,:)),X(5,:)))"
2,10,52,"times(times(plus(X(2,:),plus(plus(X(2,:),plus(X(2,:),plus(X(2,:),square(X(6,:))))),plus(X(2,:),square(X(6,:))))),exp(negexp(tanh(times(X(7,:),X(2,:)))))),square(square([14.7981])))"
2,10,53,"times(plus(tanh(square(square(X(10,:)))),negexp(tanh(X(10,:)))),plus(plus(tanh(tanh(square(square(square(square(X(10,:))))))),exp(cos(times(plus(X(10,:),square(minus(X(6,:),X(2,:)))),times(sin(X(10,:)),square(sin(X(10,:)))))))),exp(cos(times(plus(X(10,:),square(X(6,:))),times(times(tanh(X(7,:)),sin(X(10,:))),square(sin(X(10,:)))))))))"
2,10,54,
2,10,55,"square(square(plus(plus(X(5,:),cos(sin(X(2,:)))),plus(plus(cos(cos(sin(X(2,:)))),cos(sin(X(2,:)))),plus(plus(X(2,:),cos(cos(sin(X(2,:))))),cos(sin(X(2,:))))))))"
2,10,56,"square(plus(exp(minus(X(10,:),X(9,:))),square(plus(negexp(minus(cos(minus(tanh(X(4,:)),X(4,:))),X(4,:))),negexp(X(3,:))))))"
2,10,57,"times(minus(minus(square(times(X(5,:),X(9,:))),X(5,:)),X(3,:)),plus(exp(tanh(X(1,:))),tanh(plus(plus(negexp(negexp(X(8,:))),plus(X(7,:),tanh(X(8,:)))),tanh(tanh(plus(X(7,:),tanh(plus(X(7,:),X(7,:))))))))))"
2,10,58,"plus(plus(square(times(times(X(9,:),negexp(X(5,:))),minus(exp(X(9,:)),X(2,:)))),square(times(times(X(9,:),negexp(X(5,:))),[-95.0895]))),plus(plus(plus(plus(square(times(negexp(X(9,:)),X(9,:))),square(times(times(X(9,:),negexp(X(5,:))),[-95.0895]))),square(minus(minus(minus([-94.9561],[59.4392]),X(9,:)),X(9,:)))),minus(exp(X(9,:)),minus(minus(minus(X(5,:),negexp(X(5,:))),X(9,:)),X(9,:)))),square(minus([-94.8688],X(9,:)))))"
2,10,59,"times(exp(X(1,:)),square(plus(square(X(3,:)),times(X(1,:),negexp(square(sin(cos(X(6,:)))))))))"
2,10,60,"minus(plus(plus(plus(times(sin(tanh(minus(X(4,:),X(8,:)))),negexp(sin([-10.2394]))),minus(plus(square(square(X(4,:))),square(times(times(X(6,:),X(4,:)),X(7,:)))),square(plus(square(minus(X(2,:),X(8,:))),minus(X(1,:),X(8,:)))))),square(times(X(7,:),X(7,:)))),square(times(X(4,:),X(4,:)))),square(plus(square(minus(tanh(minus(X(4,:),X(8,:))),X(8,:))),minus(X(1,:),tanh(minus(tanh(minus(X(6,:),exp(X(4,:)))),X(8,:)))))))"
2,10,61,"times(times(plus(exp(cos(X(6,:))),plus(plus([16.3598],exp(exp(cos(X(6,:))))),minus(X(7,:),X(9,:)))),minus(minus(X(9,:),X(10,:)),X(1,:))),square(plus(plus(exp(X(9,:)),minus(minus(X(7,:),X(10,:)),X(1,:))),minus(minus(X(7,:),X(10,:)),X(1,:)))))"
2,10,62,"minus(times(cos(square(square(square(tanh(negexp(tanh(X(5,:)))))))),times(cos(square(square(tanh(negexp(tanh(X(5,:))))))),times(cos(sin(X(5,:))),negexp([-23.2155])))),times(cos(square(square(square(tanh(negexp(tanh(X(5,:)))))))),times(cos(square(square(tanh(negexp(tanh(X(5,:))))))),times(cos(sin(X(5,:))),negexp([-23.3060])))))"
2,10,63,"plus(plus(plus(cos(cos(sin(square(plus(X(1,:),X(2,:)))))),X(3,:)),plus(times(plus(plus(X(1,:),tanh(X(4,:))),X(2,:)),sin(minus([57.2453],plus(X(1,:),tanh(X(2,:)))))),X(3,:))),plus(plus(plus(X(1,:),plus(plus(X(1,:),plus(plus(X(1,:),tanh(X(2,:))),X(6,:))),sin(sin(cos(negexp(X(4,:))))))),X(2,:)),times(times(plus(plus(X(1,:),tanh(X(4,:))),X(6,:)),sin(minus(sin(cos(negexp(X(4,:)))),X(6,:)))),plus(times(plus(plus(X(1,:),tanh(X(2,:))),X(6,:)),sin(minus([57.4474],X(6,:)))),X(6,:)))))"
2,10,64,"plus(minus(negexp(minus(minus(tanh(tanh(tanh(negexp(X(1,:))))),minus(X(6,:),[-5.1082])),minus(X(6,:),[-5.0162]))),minus(sin(minus(square(X(6,:)),plus(square(X(5,:)),plus(square(X(6,:)),X(5,:))))),plus(minus(square(X(6,:)),plus(square(X(5,:)),plus(square(X(6,:)),times(X(2,:),X(5,:))))),negexp(X(9,:))))),exp(square(plus(plus(exp(tanh(minus(minus(X(6,:),[-5.2769]),X(7,:)))),tanh(tanh(tanh(square(X(6,:)))))),tanh(tanh(square([-76.7830])))))))"
2,10,65,"plus(square(plus(plus(plus(minus(X(6,:),exp(tanh(tanh(X(3,:))))),negexp(X(5,:))),negexp(X(9,:))),plus(plus(plus(square(plus(X(2,:),X(6,:))),negexp(X(5,:))),negexp(X(9,:))),negexp(X(5,:))))),plus(square(plus(plus(plus(square(plus(X(2,:),X(6,:))),negexp(X(5,:))),negexp(X(9,:))),plus(plus(plus(square(plus(X(2,:),X(6,:))),negexp(X(5,:))),negexp(X(9,:))),negexp(X(5,:))))),times(square(plus(X(5,:),cos(tanh(negexp(X(5,:)))))),X(1,:))))"
2,10,66,"plus(plus(X(8,:),plus(tanh(minus(negexp(plus(plus(X(2,:),X(3,:)),X(1,:))),X(8,:))),tanh(tanh(minus(X(3,:),X(1,:)))))),times(square(plus(X(8,:),plus(X(10,:),X(1,:)))),X(1,:)))"
2,10,67,"square(times(times(minus(minus([95.9121],minus(minus(X(2,:),minus(X(5,:),minus(X(2,:),X(10,:)))),minus(X(5,:),minus(X(2,:),X(4,:))))),minus(sin(sin(times(minus(X(2,:),X(4,:)),X(4,:)))),minus([95.7375],minus(X(2,:),minus(X(5,:),minus(X(2,:),X(10,:))))))),times([98.1651],X(5,:))),cos(square(plus(times(sin(sin(times(X(5,:),X(4,:)))),cos([95.5942])),minus(negexp(negexp([95.7375])),tanh(times(times([95.9140],X(4,:)),X(5,:)))))))))"
2,10,68,"times(cos(sin(plus(times([98.9894],plus([-36.2678],square(negexp(X(2,:))))),negexp(plus([-78.5609],square(negexp(X(2,:)))))))),plus(plus(minus(sin(plus(minus(exp(tanh([-36.2039])),exp(X(2,:))),X(3,:))),plus(plus(minus(exp(tanh(X(7,:))),exp(X(2,:))),negexp(exp(tanh(X(10,:))))),negexp(X(2,:)))),X(3,:)),times(cos(sin([98.9894])),plus(exp(X(2,:)),times([98.9894],plus([-36.2678],square(negexp(X(2,:)))))))))"
2,10,69,"times(minus(minus(times(plus(X(8,:),plus(plus(cos(cos([1.0175])),[1.0330]),exp(X(1,:)))),X(8,:)),cos(square(exp(sin(sin(X(1,:))))))),cos(square(exp(sin(sin(X(1,:))))))),times(times(times([60.1086],times(times([77.1511],X(8,:)),cos(tanh(times(X(1,:),[77.1511]))))),cos(cos(negexp(times(times([77.2488],X(8,:)),cos(square([-98.8444]))))))),exp(sin(X(1,:)))))"
2,10,70,"square(square(square(plus(plus(X(10,:),cos(tanh(exp(X(1,:))))),cos(sin(X(7,:)))))))"
2,10,71,"times(square(times(times(plus([-51.4769],times([-29.1796],negexp(negexp(tanh(X(2,:)))))),plus([-24.2963],times(X(2,:),plus([-51.6565],X(2,:))))),times(square(X(2,:)),plus(cos(cos(plus(square(X(2,:)),X(2,:)))),cos(times(plus([-51.4902],cos(X(2,:))),negexp(tanh(X(2,:))))))))),cos(negexp(times(negexp(tanh(times(tanh(X(2,:)),negexp(tanh([-51.4902]))))),plus(square(cos(X(2,:))),cos(times(tanh(X(2,:)),negexp(tanh(X(2,:))))))))))"
2,10,72,"times(square(square(plus(square(square(negexp(exp(X(1,:))))),square(X(10,:))))),square(plus(plus([36.5494],tanh(X(10,:))),plus(plus(plus([36.5494],tanh(X(10,:))),plus(sin(square([37.2365])),tanh(X(10,:)))),plus(sin(square([37.0858])),tanh(X(10,:)))))))"
2,10,73,"square(minus(negexp(square(minus(square(exp(tanh(X(8,:)))),square(minus(tanh(plus(X(2,:),X(2,:))),sin(X(2,:))))))),square(minus(tanh(X(2,:)),exp(tanh(X(8,:)))))))"
2,10,74,"times(square([-43.8904]),minus(times(minus(times(X(5,:),[70.3457]),times(negexp(cos(square([30.0481]))),plus(plus(X(4,:),X(10,:)),times(times(X(4,:),X(9,:)),plus(X(9,:),[-7.8893]))))),[70.1945]),times(negexp(X(5,:)),plus(times(times(X(5,:),X(9,:)),plus(X(9,:),X(4,:))),times(times(X(4,:),X(9,:)),plus(X(9,:),[-7.9232]))))))"
2,10,75,"square(times(plus(square(tanh(tanh(times(exp(X(1,:)),X(10,:))))),plus(minus(exp(exp(cos(X(1,:)))),plus(exp(square(cos(X(8,:)))),negexp(exp(exp(X(3,:)))))),plus(exp(exp(cos(X(1,:)))),[95.4079]))),square(plus(minus(X(7,:),plus(exp(square(cos(X(8,:)))),negexp(square(X(9,:))))),tanh(X(8,:))))))"
2,10,76,"plus(times(square(minus(square(minus(X(7,:),tanh([-38.1848]))),[-38.3950])),negexp(negexp(X(7,:)))),plus(plus(times(square(minus(minus(minus(X(7,:),tanh([-38.1848])),tanh([-38.1034])),[-38.1848])),negexp(negexp(X(7,:)))),plus(minus(plus(square(negexp(X(1,:))),times(negexp(X(2,:)),minus(tanh([-38.1034]),X(8,:)))),X(9,:)),square(square(times(tanh([-28.1775]),times(tanh([-28.1775]),plus(X(10,:),X(8,:)))))))),times(square(minus(minus(minus(minus(X(7,:),tanh([-38.1034])),tanh([-38.1034])),tanh([-38.1034])),[-38.1034])),negexp(negexp(X(7,:))))))"
2,10,77,"times(plus(X(7,:),[-37.6602]),times(minus(minus(minus([-37.7451],minus(times(X(7,:),X(5,:)),plus(minus(X(1,:),minus(X(7,:),[-37.5957])),minus(X(5,:),minus(X(5,:),[-37.6602]))))),minus(times(X(7,:),X(5,:)),plus(minus(X(5,:),minus(X(5,:),[-37.6602])),[-37.6602]))),minus(plus(negexp(negexp(plus(times(X(5,:),X(5,:)),X(7,:)))),[-37.6602]),plus(minus([-37.6602],minus(times(X(7,:),X(5,:)),plus(times(X(5,:),X(5,:)),[-37.6602]))),plus(exp(sin([-37.6184])),cos(sin(plus([-14.8336],X(4,:)))))))),plus(X(8,:),[-14.9105])))"
2,10,78,"square(plus(plus(square(square(X(2,:))),minus(plus(plus(square(square(X(2,:))),minus(negexp(X(10,:)),X(2,:))),times([-59.6987],X(10,:))),X(2,:))),minus(plus(minus(minus(plus(square(square(X(4,:))),negexp(X(9,:))),X(3,:)),X(1,:)),negexp(X(8,:))),sin(plus(plus(square(square(X(2,:))),plus(square(square(X(4,:))),negexp(X(9,:)))),plus(plus(square(square(X(2,:))),minus(negexp(X(10,:)),X(2,:))),times([-59.7461],X(10,:))))))))"
2,10,79,"minus(minus(plus(square(X(5,:)),plus(X(10,:),X(5,:))),minus(minus(X(5,:),X(10,:)),minus(exp(X(10,:)),times(X(5,:),X(1,:))))),minus(X(6,:),minus(plus(square(X(1,:)),plus(X(10,:),sin(X(2,:)))),minus(minus(X(5,:),minus(exp(X(10,:)),times(X(5,:),X(1,:)))),minus(exp(X(10,:)),times(X(5,:),X(1,:)))))))"
2,10,80,"minus(times(square(times(square(times(X(1,:),X(1,:))),sin(sin(sin(times(X(1,:),X(7,:))))))),times(square(times(X(1,:),X(1,:))),sin(sin(X(3,:))))),times(square(times([-78.4441],cos(sin(square(times(X(1,:),X(7,:))))))),square(times([-78.2497],X(3,:)))))"
2,10,81,"minus(times(negexp([-17.4971]),square(minus(tanh(tanh(plus(X(10,:),X(1,:)))),minus(times(X(2,:),X(8,:)),tanh(cos(negexp(exp(X(9,:))))))))),times(negexp(square(minus(square(X(1,:)),minus(square(X(1,:)),minus(times(X(2,:),X(8,:)),negexp(exp(X(9,:)))))))),times(exp([19.3472]),square(minus(times(plus(X(2,:),X(3,:)),minus(sin(plus(X(2,:),X(1,:))),sin(X(8,:)))),minus(times(X(2,:),X(8,:)),sin(sin([-82.0926]))))))))"
2,10,82,"plus(times(plus(times(tanh(exp(times(X(5,:),[21.3965]))),[42.8340]),minus(minus(minus(times(tanh(exp(X(5,:))),[42.9670]),cos(exp(X(5,:)))),minus(X(4,:),X(3,:))),minus(X(5,:),tanh(exp(times(X(5,:),[21.3650])))))),[20.9474]),minus(minus(X(4,:),X(3,:)),minus(minus(minus(times(tanh(exp(X(5,:))),[43.0467]),minus(X(4,:),X(3,:))),minus(minus(X(4,:),X(3,:)),X(3,:))),minus(X(5,:),square(cos(X(3,:)))))))"
2,10,83,"times([87.7610],plus(plus(times(minus(minus(minus(square(X(2,:)),plus(square(X(3,:)),square(X(4,:)))),[88.3676]),minus(X(5,:),plus(X(5,:),square(X(8,:))))),tanh(exp(X(2,:)))),minus(minus(minus(minus(square(X(2,:)),plus(square(X(8,:)),square(X(6,:)))),[88.3772]),plus(X(5,:),square(X(8,:)))),minus(X(2,:),plus(X(5,:),square(X(7,:)))))),square(minus(X(1,:),X(7,:)))))"
2,10,84,"times(times(minus(X(5,:),plus(negexp(square(plus(plus(tanh(X(2,:)),negexp(X(8,:))),plus(exp(X(9,:)),square(X(4,:)))))),plus(exp(negexp(tanh(X(2,:)))),X(1,:)))),cos(tanh(tanh(plus(plus(X(4,:),X(7,:)),plus(square(X(4,:)),square(X(4,:)))))))),X(2,:))"
2,10,85,"times(times(times(times(X(7,:),plus(plus([86.0116],sin(X(4,:))),sin([86.2048]))),[86.2048]),plus([39.2273],plus(plus(tanh(sin(X(3,:))),[86.2048]),plus(tanh(sin(sin(X(3,:)))),plus(plus(plus([86.2048],sin(X(4,:))),sin([86.2048])),sin([86.3353])))))),plus(plus(plus([86.2048],sin(X(4,:))),sin([86.2048])),sin([86.2216])))"
2,10,86,"square(times(plus(minus(tanh(X(6,:)),[83.8128]),cos(times(plus(plus(minus(tanh(X(6,:)),[83.7517]),X(6,:)),minus(plus(plus(X(4,:),X(6,:)),minus(X(10,:),X(4,:))),X(4,:))),X(5,:)))),times(plus(exp(exp(tanh(exp(tanh([83.9918]))))),exp(negexp(exp(plus(cos(X(3,:)),times(X(5,:),X(7,:))))))),plus(exp(exp(sin([-52.8873]))),plus(X(5,:),plus(exp(exp(tanh(X(5,:)))),X(6,:)))))))"
2,10,87,"times(plus(plus(minus(X(4,:),[80.7753]),minus(times(plus(tanh(plus(tanh(X(3,:)),cos(X(3,:)))),cos(X(3,:))),minus(square(X(3,:)),X(5,:))),X(2,:))),[-80.7409]),minus(minus(times(plus(square(X(3,:)),cos(tanh(plus(tanh(X(3,:)),cos(X(3,:)))))),minus([97.5445],X(10,:))),X(2,:)),minus(times(plus(minus(times(plus(tanh(X(3,:)),cos(X(5,:))),minus(square(X(9,:)),exp(X(9,:)))),minus([97.5445],X(4,:))),plus(minus(X(4,:),X(6,:)),[-80.4886])),minus(exp(X(3,:)),minus(X(10,:),negexp(X(2,:))))),minus(times(plus(X(3,:),cos(plus([-80.4886],cos(X(3,:))))),minus([97.5445],X(9,:))),minus(exp(X(9,:)),times(plus(X(3,:),cos(X(5,:))),minus([97.5445],X(9,:))))))))"
2,10,88,"times(minus(square(plus(X(7,:),plus(X(7,:),square(X(10,:))))),times(tanh(times(tanh(X(7,:)),plus([-51.6006],plus([-12.5396],[65.7584])))),square(X(4,:)))),square(minus(minus(times(plus(times(X(9,:),X(3,:)),plus(plus(X(7,:),X(7,:)),plus(plus(X(7,:),X(7,:)),square(X(7,:))))),plus(X(7,:),plus(X(7,:),square(X(7,:))))),times(plus(X(7,:),plus(X(7,:),[66.0672])),[-51.6977])),times(plus(X(7,:),plus([-12.5396],[66.0672])),[-51.6006]))))"
2,10,89,"minus(square(square(times(exp(square(tanh(minus(negexp(X(10,:)),negexp([0.4680]))))),minus([-79.1716],X(1,:))))),times(minus(times(exp(square(tanh(minus(minus(X(1,:),X(2,:)),negexp(X(10,:)))))),minus(minus(minus([-78.9697],negexp(plus(X(1,:),X(2,:)))),minus(minus(minus(X(1,:),X(2,:)),negexp(X(10,:))),negexp(X(1,:)))),negexp(plus(X(1,:),X(2,:))))),minus(minus(minus(X(1,:),X(2,:)),minus(negexp(X(10,:)),negexp(X(2,:)))),X(2,:))),minus(times(exp(sin(sin(sin(X(2,:))))),minus(minus(minus(X(10,:),X(2,:)),negexp(X(10,:))),negexp(plus(X(1,:),X(7,:))))),X(10,:))))"
2,10,90,"times(square([40.9767]),plus(times(tanh(minus([41.1484],times(X(1,:),square(square([-3.3653]))))),square([41.0132])),plus(times(square([41.0545]),plus(negexp(X(1,:)),plus(negexp(X(2,:)),square(square(square([41.0545])))))),times(square([41.0411]),plus(negexp(X(1,:)),plus(negexp(X(2,:)),square(square(square([41.1958])))))))))"
2,10,91,"square(times(negexp(tanh(plus(negexp(negexp(X(7,:))),plus(negexp(minus(sin(X(5,:)),X(3,:))),negexp(minus(negexp(X(4,:)),X(3,:))))))),times(plus(times(plus(plus(square([78.6656]),negexp(minus(X(4,:),X(3,:)))),plus(square([78.6517]),negexp(minus(X(4,:),X(3,:))))),negexp(negexp(X(7,:)))),plus(times(cos(X(3,:)),square(X(1,:))),sin(negexp(negexp(X(7,:)))))),[21.5981])))"
2,10,92,"plus(times(square([-35.5735]),times(square(minus(X(2,:),X(5,:))),tanh(minus(square(minus(tanh(minus(X(2,:),X(5,:))),X(5,:))),tanh(minus(minus(X(2,:),X(5,:)),tanh(minus(X(2,:),X(5,:))))))))),minus(plus(times(square([-35.6236]),times(square(minus(X(2,:),X(5,:))),tanh(minus(tanh(minus(X(2,:),X(5,:))),X(5,:))))),minus(square(negexp(tanh(X(3,:)))),square(minus(minus(tanh(square(X(5,:))),X(5,:)),square(X(5,:)))))),plus(times(square([82.5693]),times(square(minus(X(2,:),X(5,:))),tanh(minus(X(2,:),X(5,:))))),plus(minus(X(1,:),minus(exp(X(2,:)),X(3,:))),minus([82.5301],exp(X(2,:)))))))"
2,10,93,"minus(tanh(plus(minus(times(square(sin(sin([-33.3143]))),X(9,:)),negexp(X(10,:))),plus(square(X(10,:)),sin(sin([-33.2597]))))),cos(times(square(sin(square(sin(tanh(X(9,:)))))),X(10,:))))"
2,10,94,"plus(plus(square(times(plus(X(4,:),times([74.6156],[-88.9293])),exp(exp(negexp(plus(sin([-6.6570]),negexp(X(9,:)))))))),times(times(square(times([60.0197],exp(exp(negexp([89.5575]))))),exp(exp(negexp(plus(sin([-6.6570]),negexp(X(10,:))))))),[78.6946])),times(plus([74.6156],times(plus([60.0197],minus([-88.9293],times(tanh(X(4,:)),times(exp(X(5,:)),X(8,:))))),[89.5575])),times([-6.6570],exp(X(4,:)))))"
2,10,95,"plus(plus(square(minus(minus(X(4,:),square(minus(times(X(6,:),[-33.6994]),[17.7144]))),square(minus(times(X(10,:),[-33.6994]),[26.0706])))),minus(minus(minus(square(times(X(10,:),exp(minus(X(2,:),X(5,:))))),square(minus(times(times(X(6,:),[-33.6826]),[-33.6994]),square([-33.6994])))),minus(times(minus(X(2,:),X(5,:)),X(2,:)),square(times(X(10,:),exp(minus(X(2,:),X(5,:))))))),minus(times([-33.6826],[-33.6994]),square(times(X(10,:),exp(minus(X(2,:),X(5,:)))))))),minus(times(minus(times([-33.6994],[-33.6994]),minus(minus(minus(times(X(6,:),times([-33.6994],[-33.6994])),times([-33.6994],[-33.6994])),times([-33.6994],[-33.6994])),times([-33.6994],[-33.6994]))),times(square(square(X(10,:))),[-33.6994])),square(minus(exp(minus(X(2,:),X(5,:))),times(times(X(6,:),[-33.6994]),[-33.6994])))))"
2,10,96,"square(plus(minus(sin(sin(plus(X(4,:),X(9,:)))),tanh(tanh(square(plus(tanh([21.5106]),X(3,:)))))),plus(minus(sin(X(8,:)),tanh(exp(tanh(exp(tanh([68.7494])))))),X(3,:))))"
2,10,97,"times(minus(minus(plus(X(9,:),plus(sin(exp(sin(X(9,:)))),plus(plus(sin(X(9,:)),plus(sin(X(9,:)),cos(X(6,:)))),X(4,:)))),[-7.0791]),X(1,:)),exp(X(9,:)))"
2,10,98,"plus(square(exp(times(square(plus(negexp([86.1321]),tanh(plus(plus([8.8607],X(9,:)),negexp(X(7,:)))))),square(exp(cos(negexp(X(2,:)))))))),minus(minus(square(minus(square(X(2,:)),minus(minus(minus(X(2,:),X(8,:)),minus(square(X(2,:)),square(X(9,:)))),minus(square(X(2,:)),square(X(9,:)))))),minus(minus(tanh([-7.8240]),square(minus(square(X(2,:)),square(X(9,:))))),minus(square(minus(minus(square(X(2,:)),square(X(9,:))),square(X(9,:)))),sin(sin(minus(sin(X(9,:)),square(X(8,:)))))))),plus(square(plus(negexp(minus(square(X(7,:)),X(3,:))),square(X(9,:)))),square(plus(negexp(minus(square(square(X(2,:))),X(3,:))),tanh(X(2,:)))))))"
2,10,99,"times(times(plus(plus(negexp(sin(exp(X(2,:)))),[70.2526]),plus(exp(negexp(tanh(minus([-14.7977],plus([70.2526],[-14.5427]))))),plus([15.2980],plus(plus(negexp(sin(X(6,:))),[70.2526]),[70.5889])))),times([-14.9023],square(plus(plus(negexp(sin(X(6,:))),sin(X(6,:))),plus(plus(negexp(sin(X(6,:))),[70.0689]),[70.3222]))))),plus(plus(square(square(X(5,:))),tanh(cos(plus(square(square(X(5,:))),square(square(X(5,:))))))),tanh(cos(plus(square(square([-14.4351])),[70.0689])))))"
2,10,100,"square(plus(plus(times(square(X(9,:)),sin(X(1,:))),plus(times(X(9,:),sin(sin(plus(negexp(X(9,:)),X(9,:))))),plus(times(square(X(7,:)),sin(square(X(9,:)))),plus(X(1,:),[-83.8547])))),times(times(square(plus([97.8035],times(X(9,:),X(9,:)))),tanh(plus(negexp(X(9,:)),X(9,:)))),tanh(plus(negexp(X(9,:)),cos(X(9,:)))))))"
3,2,1,"negexp(sin(times(times(times(times(times(exp(exp([-26.4410])),exp(exp([-26.4138]))),times(exp(exp([-26.4138])),exp(exp([-26.4138])))),times(times(exp(exp([-26.4400])),exp(exp([-26.4138]))),times(exp(exp([-26.4138])),exp(exp([-26.4138]))))),times(times(times(exp(exp([-26.4025])),exp(exp([-26.4138]))),times(exp(exp([-26.4138])),exp(exp([-26.4025])))),times(exp(exp([-26.5764])),times(exp(exp([-26.4138])),exp(exp([-26.4138])))))),times(times(times(times(exp(exp([-26.4410])),exp(exp([-26.4138]))),times(exp(exp([-26.4400])),exp(exp([-26.4138])))),times(times(exp(exp([-26.4410])),exp(exp([-26.4138]))),times(exp(exp([-26.4400])),exp(exp([-26.2095]))))),times(times(times(exp(exp([-26.4138])),exp(exp([-26.4138]))),times(exp(exp([-26.2095])),exp(exp([-26.4138])))),times(exp(exp([-26.4138])),times(exp(exp([-26.4138])),times(square(X(1,:)),negexp(X(1,:))))))))))"
3,2,2,"times(tanh(exp(times(X(2,:),minus(plus(plus(cos(minus(X(2,:),[-24.1671])),plus(square(X(2,:)),plus(X(2,:),X(1,:)))),plus(plus(X(2,:),cos(X(2,:))),cos(minus(X(2,:),[-24.2038])))),[-91.7723])))),times([-93.0177],plus(square(X(2,:)),plus(X(2,:),X(2,:)))))"
3,2,3,"square(negexp(plus(minus([-67.7521],sin(plus(sin(X(2,:)),X(2,:)))),negexp(cos(sin(sin(plus(sin(X(2,:)),X(2,:)))))))))"
3,2,4,"negexp(times(negexp(exp(times(X(2,:),X(1,:)))),square(plus(times([53.9482],times(exp(X(1,:)),X(1,:))),plus([32.1728],X(1,:))))))"
3,2,5,"exp(times(times(times(X(2,:),times(tanh(times(exp(X(2,:)),tanh(square(X(2,:))))),negexp(X(2,:)))),times(tanh(times(times(exp(X(2,:)),negexp(exp(X(2,:)))),tanh(tanh(square(X(2,:)))))),negexp(X(2,:)))),times(plus(plus(X(2,:),X(2,:)),times(plus(plus(X(2,:),plus(X(2,:),X(2,:))),plus(square(X(2,:)),X(1,:))),sin(times(X(2,:),times(tanh(X(2,:)),negexp(X(2,:))))))),sin(times(X(2,:),times(times(exp(X(2,:)),negexp(exp(X(2,:)))),negexp(X(2,:))))))))"
3,2,6,"plus(tanh(exp(sin(X(2,:)))),tanh(times(negexp(times(plus(times(sin([35.6895]),cos(times([-70.0029],X(1,:)))),tanh(square(X(2,:)))),exp(plus(times([-70.2976],X(1,:)),plus(X(2,:),X(2,:)))))),times(cos(exp(minus([45.5608],tanh(X(2,:))))),square(square(times(X(2,:),X(1,:))))))))"
3,2,7,"square(square(square(plus(times(tanh(plus(X(1,:),X(2,:))),square(square(negexp(exp([-2.4505]))))),plus(plus(exp(square(X(1,:))),square(plus(negexp(X(2,:)),negexp(X(2,:))))),square(plus(tanh(cos(X(1,:))),negexp(negexp(X(2,:))))))))))"
3,2,8,"times(times(minus(times(minus(plus(X(2,:),X(1,:)),times(minus(plus(X(2,:),X(1,:)),cos([-63.5452])),cos([-70.0353]))),cos([-70.0226])),cos([-69.9310])),cos([-70.0683])),tanh(tanh([-70.0353])))"
3,2,9,"times(tanh(square(exp(plus(times(X(1,:),[-68.6652]),times(X(2,:),X(1,:)))))),plus(plus(plus(plus(X(1,:),negexp(exp(exp(cos(X(1,:)))))),negexp(exp(exp(sin(cos(X(1,:))))))),negexp(exp(exp(plus(plus(plus(X(1,:),X(1,:)),X(1,:)),times(X(2,:),X(2,:))))))),plus(plus(plus(X(1,:),negexp(exp(exp(cos(X(1,:)))))),negexp(exp(exp(sin(cos(X(1,:))))))),negexp(exp(exp(plus(plus(plus(X(1,:),X(1,:)),X(1,:)),times(X(2,:),X(2,:)))))))))"
3,2,10,"tanh(tanh(tanh(exp(times(minus(minus(minus(plus(X(2,:),X(2,:)),X(1,:)),sin(times(X(1,:),X(2,:)))),sin(times(tanh(X(2,:)),minus(X(2,:),[98.2929])))),[47.4633])))))"
3,2,11,"minus(minus(negexp(minus(X(1,:),[93.0028])),times(negexp(cos(tanh(tanh(X(1,:))))),negexp(minus(exp(X(2,:)),[93.0028])))),X(1,:))"
3,2,12,"sin(sin(cos(negexp(plus(times([-84.3920],X(1,:)),sin(square(negexp(cos(X(2,:))))))))))"
3,2,13,"sin(tanh(times(square(plus(times(X(2,:),times(square(square(X(1,:))),exp(negexp([-1.6496])))),tanh(times(square(X(1,:)),exp(negexp([-1.6501])))))),sin(sin(negexp(X(2,:)))))))"
3,2,14,"times(negexp(square(square(square(square(square(exp(times([38.6629],X(1,:))))))))),times(tanh(negexp(negexp(square(X(2,:))))),X(1,:)))"
3,2,15,"exp(times(sin(times(X(1,:),exp(times(sin(negexp(X(1,:))),times(sin(X(1,:)),negexp(X(1,:))))))),negexp(X(1,:))))"
3,2,16,"plus(times(exp([36.0999]),plus(tanh([6.7088]),[91.4932])),plus(times(exp([36.0991]),plus(tanh([36.1633]),[91.4932])),plus(cos(times(exp(X(2,:)),plus(tanh([91.4932]),[91.4932]))),exp(X(2,:)))))"
3,2,17,"plus(cos(minus(minus(minus(cos(X(1,:)),exp(X(2,:))),exp(minus(cos(exp(X(2,:))),exp(exp(exp(X(2,:))))))),exp(minus(cos(X(1,:)),exp(tanh(exp(tanh(X(2,:))))))))),minus(cos(exp(X(2,:))),exp(X(2,:))))"
3,2,18,"times(tanh(square(tanh(square(negexp(plus(plus(square(X(1,:)),plus(X(2,:),X(1,:))),times([73.6177],tanh(X(1,:))))))))),times(times(times(times(times(times(X(1,:),[14.6058]),[72.7556]),[14.6058]),[66.6602]),[72.7731]),[66.6602]))"
3,2,19,"times(square(sin(tanh(exp(plus(exp(exp(negexp([47.5473]))),minus(negexp(X(1,:)),plus(sin(X(1,:)),tanh(X(2,:))))))))),times(tanh(times(square(cos(X(2,:))),exp(times(X(2,:),X(1,:))))),plus(tanh(square(minus(X(2,:),times(tanh(times(X(1,:),X(2,:))),exp(negexp([77.1908])))))),plus(negexp(square(X(2,:))),plus(tanh(X(2,:)),square(X(1,:)))))))"
3,2,20,"tanh(times(negexp(tanh(times(X(2,:),times(negexp([74.9412]),exp(times(X(2,:),[94.8168])))))),times(sin(exp(times(X(2,:),[94.8168]))),exp(minus(plus(X(1,:),minus(X(2,:),[44.3990])),cos(X(1,:)))))))"
3,2,21,"times(times(times(negexp(minus(negexp(X(1,:)),times(plus([-80.3138],tanh(times(X(1,:),[-44.7685]))),tanh(X(1,:))))),cos(plus([-79.3931],exp(negexp(cos([95.8374])))))),exp(exp(X(2,:)))),sin(sin(times(X(1,:),cos(exp(sin(times(sin(X(1,:)),exp(X(2,:))))))))))"
3,2,22,"minus([-62.7099],times(plus(plus([-37.4670],tanh(cos(X(1,:)))),negexp([-37.4963])),[-62.7099]))"
3,2,23,"times(cos(sin(X(1,:))),negexp(cos(minus(cos(sin(square(minus(negexp(X(2,:)),sin([91.0166]))))),square(exp(minus(X(2,:),X(1,:))))))))"
3,2,24,"times(X(2,:),square(times(minus([-80.2245],square(X(2,:))),tanh(times(minus(times(cos(times(X(2,:),[-70.5153])),times(X(2,:),square(X(2,:)))),exp(times(plus(X(2,:),X(1,:)),square(X(2,:))))),exp(times(X(2,:),[-70.5344])))))))"
3,2,25,"times(sin(sin(sin(sin(negexp(negexp(plus(plus(X(2,:),X(2,:)),square(X(1,:))))))))),plus(minus(X(1,:),X(2,:)),square(square(negexp(square(minus(X(1,:),X(2,:))))))))"
3,2,26,"times(times(times(times(plus(plus(times(X(2,:),X(2,:)),times(plus(plus(X(2,:),X(2,:)),X(2,:)),minus([92.8442],X(2,:)))),times(plus(times(plus(X(2,:),X(2,:)),[27.2506]),plus(plus(X(1,:),X(2,:)),X(1,:))),negexp(exp(plus(X(1,:),X(2,:)))))),minus([92.8442],X(2,:))),[92.9791]),square(negexp(exp(times(plus(X(2,:),X(2,:)),negexp(cos(sin(X(1,:))))))))),tanh(negexp(times(plus(X(2,:),X(2,:)),[27.0480]))))"
3,2,27,"exp(times(minus(exp(X(2,:)),plus(X(1,:),tanh(minus(exp(X(2,:)),exp(negexp(cos([-76.8210]))))))),tanh(minus(tanh(sin(tanh(X(2,:)))),exp(cos(X(1,:)))))))"
3,2,28,"square(minus(minus(cos(square(plus(minus(sin(X(2,:)),cos(square(X(2,:)))),plus([64.1966],exp(X(1,:)))))),X(2,:)),square(minus(square(X(2,:)),X(1,:)))))"
3,2,29,"minus(exp(cos(cos(sin(tanh(cos(plus(X(2,:),tanh([19.2980])))))))),times(times(cos(exp(tanh([19.2980]))),square(plus(cos(X(2,:)),tanh(sin(exp(X(1,:))))))),negexp(times(cos(tanh(sin(exp(X(1,:))))),minus(times(minus(sin(exp(X(1,:))),exp(X(1,:))),cos(minus(X(1,:),X(2,:)))),exp(sin(exp(X(1,:)))))))))"
3,2,30,"minus(minus(minus([40.0510],sin(square([-9.6071]))),minus(square(square(square(square([-9.6071])))),minus([40.0510],sin(square(X(1,:)))))),tanh(tanh(X(1,:))))"
3,2,31,"times(exp(tanh(negexp(tanh(negexp(negexp(square(times([26.0612],X(2,:))))))))),tanh(exp(minus(times(negexp(tanh([45.5397])),minus(sin(minus(plus(X(2,:),X(1,:)),plus(X(2,:),X(2,:)))),times([26.0612],X(2,:)))),times(exp(plus(exp(X(1,:)),square(X(2,:)))),negexp(negexp([-0.8447])))))))"
3,2,32,"sin(tanh(minus(exp(square(square(times([-32.3030],tanh(tanh(X(1,:))))))),square(sin(plus([13.6674],X(2,:)))))))"
3,2,33,"square(square(square(square(plus(square(plus(negexp(X(2,:)),times(X(2,:),negexp(X(2,:))))),square(plus(times(cos(X(1,:)),negexp(X(2,:))),square(plus(X(2,:),[-2.0618])))))))))"
3,2,34,"square(times([18.0190],square(times(negexp(negexp(minus(times(minus(X(1,:),X(2,:)),cos(X(2,:))),sin(plus(X(2,:),X(2,:)))))),minus(X(2,:),negexp([-48.6214]))))))"
3,2,35,"times(times(times(plus(times(X(1,:),times(X(1,:),sin(sin(X(1,:))))),exp(X(1,:))),square(times(plus(exp([49.5086]),exp(square(plus(X(1,:),X(1,:))))),square(square(plus(plus(X(1,:),X(1,:)),[12.0336])))))),exp(sin(times(times(X(2,:),sin(cos(times(X(2,:),X(1,:))))),plus(plus([32.2380],exp(cos([50.1546]))),exp(X(2,:))))))),exp(sin(times(times(X(2,:),plus(X(1,:),X(1,:))),exp(X(1,:))))))"
3,2,36,"sin(times(minus(sin(sin(minus(sin(X(2,:)),sin(tanh(X(1,:)))))),negexp(tanh(sin(minus(sin(sin([-30.4296])),X(1,:)))))),tanh(negexp(tanh(negexp(tanh(sin(X(2,:)))))))))"
3,2,37,"negexp(exp(plus(cos(times(cos(square([66.6379])),times(plus(X(2,:),cos(tanh(X(1,:)))),square(X(1,:))))),plus(X(2,:),X(1,:)))))"
3,2,38,"exp(sin(tanh(times(tanh(plus(sin(negexp([-38.5473])),plus(times(X(1,:),cos([77.3153])),X(1,:)))),cos(X(1,:))))))"
3,2,39,"square(negexp(plus(plus(tanh([-73.8162]),plus(tanh([-85.6970]),negexp(negexp(times([-73.8162],X(2,:)))))),plus(exp(plus(negexp(cos(sin(X(1,:)))),[-21.0449])),plus(exp(plus(X(1,:),[-20.9263])),[66.4324])))))"
3,2,40,"square(negexp(plus(square(plus(cos(square(sin(negexp(X(1,:))))),negexp(minus(minus(negexp(X(1,:)),sin(X(1,:))),plus(sin(X(2,:)),sin(X(1,:))))))),plus(negexp(cos(minus(minus(negexp(X(1,:)),X(1,:)),sin([-86.1321])))),plus(plus(plus(sin(X(2,:)),sin(X(1,:))),sin(exp(X(2,:)))),[-84.4360])))))"
3,2,41,"minus(square(minus(negexp(times(times(minus(exp(square(X(2,:))),times(X(1,:),X(2,:))),square(tanh(X(2,:)))),times(negexp(plus(exp(X(1,:)),square(X(1,:)))),cos(cos([7.0510]))))),tanh([7.0510]))),negexp([-32.7728]))"
3,2,42,"plus(plus(plus(plus(minus(sin(X(1,:)),tanh(X(1,:))),negexp(sin(tanh(plus(plus(X(1,:),[-13.2980]),X(2,:)))))),[72.1946]),tanh(exp(tanh(exp(cos(tanh(negexp(X(1,:))))))))),tanh(exp(tanh(cos(tanh(sin(X(1,:))))))))"
3,2,43,"negexp(times(negexp(square(times(exp(X(2,:)),minus(exp(square(X(2,:))),X(2,:))))),times(negexp(square(times(X(2,:),minus(exp(square(X(2,:))),X(2,:))))),cos(plus(cos(negexp(cos(times(X(1,:),[89.6744])))),square(sin(square(X(2,:)))))))))"
3,2,44,"tanh(times(exp(minus(exp(exp(sin(minus(exp(X(1,:)),minus([-66.7363],X(2,:)))))),times(X(2,:),[-98.8649]))),minus(exp(exp(sin(minus([99.7017],minus(minus([-66.7145],X(2,:)),X(2,:)))))),times(X(2,:),[-98.8400]))))"
3,2,45,"times(minus(minus(X(2,:),minus([96.8407],exp(times(sin(X(2,:)),X(1,:))))),negexp(minus(X(1,:),minus([96.8407],times(X(1,:),tanh(X(1,:))))))),tanh(plus(minus(plus(plus(X(2,:),sin(exp(plus(X(2,:),X(2,:))))),cos(times(cos(cos(X(2,:))),square(cos(X(1,:)))))),exp(plus(X(2,:),X(2,:)))),plus(square(exp(times(sin(X(2,:)),X(1,:)))),[93.9167]))))"
3,2,46,"negexp(plus(plus(plus(plus(times(exp(X(1,:)),sin(X(1,:))),cos(minus(sin(X(2,:)),exp(exp(X(1,:)))))),X(1,:)),plus(plus(times(exp(X(1,:)),sin(X(1,:))),cos(minus(negexp(tanh(X(1,:))),plus(X(2,:),tanh(X(2,:)))))),square(negexp(minus(negexp(exp(X(1,:))),cos(plus([-52.9959],X(1,:)))))))),negexp(minus(exp(negexp(exp(tanh(exp(X(1,:)))))),X(1,:)))))"
3,2,47,"times(plus(sin(sin(sin(X(1,:)))),exp(X(1,:))),times(exp(X(2,:)),square(times(plus(minus([-89.8867],square(square(X(2,:)))),times(exp(square(X(1,:))),minus([31.0115],square(X(2,:))))),sin(times(tanh(sin([-28.9778])),square(times(X(1,:),[35.4168]))))))))"
3,2,48,"times(times(negexp(times(exp(X(2,:)),cos(times(cos(exp(X(2,:))),times(exp(X(2,:)),cos(times(X(2,:),X(1,:)))))))),times(negexp(times(exp(X(2,:)),cos(square(X(2,:))))),X(2,:))),times(cos(exp(X(2,:))),times(times(cos(exp(X(2,:))),times(exp(X(2,:)),cos(exp(X(2,:))))),cos(exp(X(2,:))))))"
3,2,49,"negexp(times(exp(X(1,:)),sin(times(times(exp(X(1,:)),sin(X(2,:))),exp(minus(sin(X(1,:)),negexp(plus(X(2,:),X(2,:)))))))))"
3,2,50,"sin(times(sin(sin(times(X(2,:),sin(sin(sin(exp(X(2,:)))))))),tanh(exp(negexp(negexp(square(sin(cos(X(2,:))))))))))"
3,2,51,"times(square(times(times(plus(plus(X(2,:),times(plus(X(2,:),X(1,:)),tanh(X(2,:)))),plus(X(1,:),X(1,:))),tanh(plus(X(2,:),plus(X(2,:),X(1,:))))),exp(X(2,:)))),exp([81.5958]))"
3,2,52,"times(times(plus(cos(sin(plus(sin(tanh(cos([-48.7637]))),tanh(X(2,:))))),plus(sin(sin(sin(X(2,:)))),tanh(X(2,:)))),negexp(times(cos(negexp(X(1,:))),minus(square(X(1,:)),cos(cos(exp(exp(X(2,:))))))))),negexp(times(cos(times(cos(sin(sin(X(2,:)))),minus(X(2,:),negexp(X(1,:))))),minus(times(cos(negexp(cos(negexp(X(1,:))))),minus(square(X(1,:)),negexp(cos(negexp(X(1,:)))))),negexp(X(1,:))))))"
3,2,53,"times(sin([-69.0276]),plus(plus(minus(plus([-83.1300],X(1,:)),X(2,:)),cos(times(sin([81.9439]),plus(minus(X(1,:),X(2,:)),cos(minus(sin(X(1,:)),[-69.0276])))))),cos(times(sin(sin(sin([81.9056]))),plus(minus(X(1,:),X(2,:)),cos(exp(exp(X(2,:)))))))))"
3,2,54,"tanh(times(plus(X(2,:),exp(X(2,:))),negexp(times(plus(plus(plus(X(2,:),exp(X(2,:))),plus(X(2,:),exp(X(1,:)))),exp(plus(X(2,:),X(2,:)))),negexp([-42.0638])))))"
3,2,55,"times(exp([95.2587]),plus(plus(plus(negexp(plus(cos(X(2,:)),plus([-14.8227],plus([-14.8227],X(2,:))))),negexp(plus(X(2,:),plus(plus([-15.2118],X(2,:)),X(2,:))))),negexp(plus(X(2,:),plus(plus([-15.4325],X(2,:)),X(2,:))))),negexp(plus(times(plus(plus([-15.2118],X(2,:)),square(X(2,:))),cos(exp(X(2,:)))),plus(plus(plus([-15.0593],X(2,:)),plus(negexp(times(X(2,:),X(2,:))),X(2,:))),plus(negexp(times(X(2,:),X(2,:))),X(2,:)))))))"
3,2,56,"square(plus(X(1,:),sin(times(exp(plus(X(1,:),sin(times(plus([69.9869],X(1,:)),plus(X(1,:),X(1,:)))))),X(2,:)))))"
3,2,57,"exp(sin(tanh(exp(negexp(times(plus(square(X(2,:)),plus([-71.6766],[-71.2565])),square(plus(X(2,:),X(1,:)))))))))"
3,2,58,"minus(minus(minus(sin([93.0205]),X(2,:)),plus(exp(tanh(tanh(plus(plus([4.3380],X(2,:)),cos(X(1,:)))))),negexp(plus([4.3380],[-41.8439])))),X(2,:))"
3,2,59,"exp(sin(square(cos(cos(cos(exp(exp(tanh(X(1,:))))))))))"
3,2,60,"times(square(square(times(plus(square(exp(square(X(1,:)))),square(minus(exp(square(X(2,:))),tanh(times(X(1,:),[-6.5498]))))),square(plus(sin(X(1,:)),exp(cos(minus([-6.5498],X(2,:))))))))),tanh(plus(X(1,:),square(plus(X(1,:),exp(sin(negexp(tanh(X(1,:))))))))))"
3,2,61,"negexp(square(times(negexp(X(2,:)),times(exp(exp(tanh(X(1,:)))),negexp(negexp(square(minus(exp([-11.4413]),plus(X(1,:),X(2,:))))))))))"
3,2,62,"times(times(negexp([-66.6834]),sin(X(1,:))),square(times(minus(minus(minus(minus(times([88.4841],[-67.1929]),sin(X(1,:))),sin(sin(X(2,:)))),times(X(1,:),times(X(1,:),X(2,:)))),times(X(1,:),X(1,:))),times([21.0214],[-66.6007]))))"
3,2,63,"plus(times(minus(exp(negexp(X(2,:))),plus(times(X(2,:),times(X(2,:),tanh([-28.7341]))),[-28.7341])),negexp(sin(X(2,:)))),plus(times(minus(minus(minus(exp(negexp(X(2,:))),plus(times([51.3804],tanh([-28.7341])),tanh([51.4570]))),plus(plus(times(X(2,:),tanh([-28.7341])),[-28.7341]),[-28.7341])),plus(times(X(2,:),tanh([-28.6825])),[-28.7341])),negexp(sin(X(2,:)))),plus(times(minus(minus(exp(negexp(X(2,:))),plus(times([51.4570],tanh([-28.7341])),tanh([51.4570]))),plus(times(X(2,:),tanh([-28.7341])),[-28.7341])),negexp(sin(X(2,:)))),tanh(exp(times(X(1,:),exp(negexp(X(2,:)))))))))"
3,2,64,"minus(times(exp(plus(exp(negexp(times(X(2,:),X(2,:)))),exp(X(1,:)))),cos(plus(exp(X(2,:)),minus(X(2,:),X(1,:))))),exp(tanh(times(sin(X(2,:)),times(X(1,:),exp(exp(negexp(X(2,:)))))))))"
3,2,65,"exp(times(exp(X(1,:)),cos(exp(square(cos(minus(times([86.3012],X(2,:)),tanh(square(X(1,:))))))))))"
3,2,66,"times(minus(plus(sin(minus(minus(X(1,:),negexp(tanh(sin([-14.6325])))),negexp(times([-14.4642],tanh(sin([-15.0246])))))),sin(plus(X(1,:),square(cos(X(1,:)))))),cos(plus(X(1,:),square(tanh(negexp(tanh(X(2,:)))))))),square(square(sin(X(2,:)))))"
3,2,67,"minus(plus(square(square(square([-95.3013]))),X(2,:)),tanh(tanh(square(minus(square(X(2,:)),tanh(tanh(square(X(2,:)))))))))"
3,2,68,"plus(square(square(times([-80.3538],[93.6983]))),plus([31.2244],plus(plus([31.2119],[-80.3538]),plus([31.2400],plus([31.2244],plus([31.0265],cos(minus(tanh(X(2,:)),plus([31.2119],[-80.3538])))))))))"
3,2,69,"sin(minus(exp(times(cos(negexp(plus(square(X(1,:)),minus(X(2,:),cos(X(2,:)))))),times(cos(cos([-36.5069])),[-36.5069]))),minus(exp(times(cos(cos(X(2,:))),times(X(2,:),[-36.6985]))),plus(cos(cos(X(2,:))),square(negexp(X(2,:)))))))"
3,2,70,"times(cos(X(2,:)),plus(times(times(negexp(minus(negexp(X(2,:)),[97.7321])),cos(X(2,:))),times(X(2,:),plus(exp(minus(negexp(X(1,:)),[97.7321])),plus(exp(minus(negexp(X(1,:)),[97.9296])),negexp(X(2,:)))))),times(negexp(minus(exp(square(X(2,:))),[98.0196])),cos(cos(times(negexp(minus(negexp(X(2,:)),[97.7215])),cos(X(2,:))))))))"
3,2,71,"cos(tanh(times(times(minus(times(exp(tanh(X(1,:))),[-35.9878]),square([31.4544])),X(1,:)),minus(X(1,:),cos([31.5421])))))"
3,2,72,"exp(minus(minus([91.9657],cos(X(1,:))),cos(minus(minus(minus(tanh([73.7453]),minus(minus([91.7058],cos(X(1,:))),X(2,:))),cos(X(1,:))),cos(exp(minus([91.7058],cos(sin(X(2,:))))))))))"
3,2,73,"tanh(negexp(plus(plus(plus(minus(cos(plus(exp(X(2,:)),negexp(X(1,:)))),times([-91.8939],X(2,:))),plus(X(1,:),minus(minus(X(2,:),times([-91.7864],X(2,:))),times([-91.8916],X(2,:))))),minus(minus(times([-91.8943],X(2,:)),times([-91.8939],X(2,:))),times([-91.9054],X(2,:)))),plus(exp(minus(X(2,:),X(1,:))),minus(X(2,:),times(X(2,:),X(2,:)))))))"
3,2,74,"square(plus(square(minus(minus(minus(square(exp([19.7511])),square(exp([19.7251]))),minus(minus(cos(square(X(1,:))),minus(square(X(1,:)),cos(X(2,:)))),minus(square(X(1,:)),cos(X(2,:))))),square(negexp(X(1,:))))),square(minus(square(minus(exp(minus(square(X(1,:)),cos(X(2,:)))),minus(minus(negexp(X(2,:)),square([19.6823])),square(negexp(X(1,:)))))),square(exp(minus(minus(square(X(1,:)),cos(X(2,:))),cos(square(X(2,:))))))))))"
3,2,75,"exp(sin(exp(minus(tanh(square([-79.5592])),plus(cos(X(1,:)),minus(tanh([43.1315]),plus(cos(X(1,:)),times(X(1,:),[-79.4297]))))))))"
3,2,76,"times(minus(square(square(square(negexp(X(1,:))))),square(sin(times(times(sin(times(tanh(X(1,:)),negexp(X(1,:)))),square(negexp(X(1,:)))),negexp(sin([6.8059])))))),exp(minus(minus(minus(minus(negexp(X(1,:)),square(exp(tanh(X(1,:))))),negexp(sin(times(tanh(X(1,:)),negexp(X(1,:)))))),[6.8059]),[-40.5364])))"
3,2,77,"plus(plus(minus(plus(minus(plus(negexp(minus(negexp(X(1,:)),X(1,:))),cos(sin([-58.3977]))),X(1,:)),X(1,:)),X(1,:)),X(1,:)),cos(negexp(tanh(tanh(times(plus(times(plus(X(1,:),X(1,:)),plus([37.2961],X(2,:))),plus([49.2894],X(2,:))),plus([37.1294],plus([-58.3934],plus([37.1605],X(1,:))))))))))"
3,2,78,"tanh(cos(exp(plus(times(minus(X(2,:),[-1.6606]),[-86.4228]),minus(cos(exp(plus(times(X(1,:),[-86.3819]),minus([-86.4228],X(2,:))))),[97.9963])))))"
3,2,79,"negexp(exp(minus(minus(X(1,:),X(2,:)),tanh(minus(plus(tanh(X(1,:)),minus(X(1,:),X(2,:))),sin(plus(minus(X(1,:),X(2,:)),plus(cos([-4.8711]),X(2,:)))))))))"
3,2,80,"plus(minus(times(plus(square(X(1,:)),square(X(1,:))),X(2,:)),plus(cos(X(1,:)),cos(minus(tanh(tanh(plus(X(2,:),X(1,:)))),cos(minus(cos(tanh(X(1,:))),X(2,:))))))),X(1,:))"
3,2,81,"times(times(plus(plus([46.7910],X(1,:)),minus(minus([-96.5912],plus(X(1,:),[-64.2157])),X(2,:))),times(plus(times([-96.5912],negexp([-20.3785])),minus(plus([-20.3785],X(1,:)),times(times(plus(square([24.7501]),square(X(1,:))),negexp(cos(X(1,:)))),times(minus(tanh(X(2,:)),times(X(2,:),[-98.9075])),minus(square([-19.4353]),plus(X(1,:),X(2,:))))))),X(2,:))),negexp([-20.3644]))"
3,2,82,"exp(tanh(tanh(negexp(square(minus(plus(times(minus([-38.3494],X(2,:)),times(X(2,:),X(1,:))),minus(times(X(2,:),X(1,:)),exp(X(1,:)))),exp(exp(X(1,:)))))))))"
3,2,83,"plus(minus(tanh(sin(sin([27.9064]))),X(2,:)),times(sin([27.9090]),plus(X(2,:),plus(X(1,:),X(2,:)))))"
3,2,84,"minus(minus(exp(square(times(X(1,:),negexp(sin(negexp(times(X(1,:),X(2,:)))))))),times(exp(times(square(plus(X(1,:),X(2,:))),times(plus(sin(negexp(X(1,:))),[-95.7607]),cos(sin(negexp(X(1,:))))))),negexp(times(times(X(2,:),sin(negexp(X(1,:)))),times(X(1,:),X(2,:)))))),times(times(X(1,:),negexp(times(X(1,:),negexp(sin(X(1,:)))))),times(times(X(1,:),negexp(sin(X(1,:)))),negexp(times(X(1,:),negexp(sin(sin(X(1,:)))))))))"
3,2,85,"tanh(exp(minus(minus(cos(tanh(negexp(plus(sin([42.4142]),plus(X(2,:),X(1,:)))))),times(X(2,:),[83.3535])),sin(plus(sin(negexp(minus(X(1,:),X(2,:)))),minus(X(1,:),tanh(negexp(plus(X(1,:),X(1,:))))))))))"
3,2,86,"times(minus(exp(times(X(2,:),minus(square(square(exp(sin(X(2,:))))),[-42.8835]))),negexp(plus(plus(X(2,:),exp(sin(plus(plus(X(2,:),X(1,:)),negexp(X(1,:)))))),plus(X(2,:),exp(X(1,:)))))),minus(exp(times(plus(plus(X(2,:),exp(sin(plus(X(2,:),X(1,:))))),exp(sin(plus(X(2,:),X(1,:))))),minus(negexp(plus(X(2,:),exp(X(1,:)))),sin(X(2,:))))),X(2,:)))"
3,2,87,"square(cos(tanh(times(times(times(exp(exp(square(X(1,:)))),X(1,:)),tanh(exp(exp(times(X(1,:),[69.0663]))))),tanh(exp(exp(times(tanh(X(1,:)),X(2,:)))))))))"
3,2,88,"tanh(tanh(times(times(exp([-26.7808]),minus(minus(X(2,:),times(minus(X(2,:),minus(X(1,:),X(2,:))),minus(X(2,:),X(1,:)))),minus(X(1,:),X(2,:)))),exp(times(times(minus(X(2,:),X(1,:)),minus(X(2,:),X(1,:))),minus(X(2,:),X(1,:)))))))"
3,2,89,"plus(negexp(negexp(negexp(tanh(X(1,:))))),plus(negexp(negexp(negexp(tanh(X(1,:))))),plus(negexp([-34.9758]),negexp(tanh(plus(exp(X(2,:)),plus(X(1,:),X(1,:))))))))"
3,2,90,"negexp(times(square(sin(negexp(plus(X(1,:),plus(X(1,:),plus(X(1,:),sin(X(1,:)))))))),minus(minus(square(X(1,:)),negexp(X(1,:))),sin(minus(sin(times(cos([21.2276]),times([36.4425],[-69.5401]))),negexp(X(1,:)))))))"
3,2,91,"times(minus(negexp([-35.7823]),times(minus(times(negexp(cos(sin([-35.7823]))),sin(sin([-35.7223]))),X(1,:)),times(negexp(negexp(cos(sin([-35.7823])))),cos([-35.7823])))),cos([-35.7823]))"
3,2,92,"plus(tanh(tanh(minus(negexp(negexp(times(times(minus(X(1,:),X(2,:)),tanh(X(2,:))),square(X(1,:))))),square(minus(negexp(times(X(1,:),X(2,:))),square(times([-66.1302],times(X(1,:),X(2,:))))))))),[58.0573])"
3,2,93,"times(minus(minus(X(2,:),plus(times(square(X(1,:)),tanh(tanh(X(1,:)))),tanh(sin(plus(sin(X(1,:)),exp(X(1,:))))))),minus(plus(times(square(X(1,:)),tanh(X(2,:))),tanh(square(X(1,:)))),times(minus([-98.7883],minus(X(1,:),plus(times(square(X(1,:)),tanh(X(2,:))),tanh(square(X(1,:)))))),[-38.7902]))),[-38.8768])"
3,2,94,"square(times(times(cos(sin(minus(X(1,:),[36.2065]))),times(cos(minus(X(1,:),X(2,:))),negexp(minus(cos(negexp(X(1,:))),minus(X(1,:),X(2,:)))))),negexp(minus([36.0885],cos(X(1,:))))))"
3,2,95,"times(tanh(tanh(minus(times(square([80.6839]),times(X(2,:),X(1,:))),plus(plus(square(exp(minus([-73.7349],X(1,:)))),X(2,:)),[-73.5779])))),square(exp(minus([-73.5518],X(2,:)))))"
3,2,96,"square(minus(square(square(square(square(minus(plus(X(2,:),plus([-44.0627],X(2,:))),plus([-6.2341],exp(X(2,:)))))))),plus(negexp(plus(times(X(1,:),X(2,:)),plus(X(2,:),plus([-43.8695],X(2,:))))),square(square(square(square(exp(X(2,:)))))))))"
3,2,97,"minus(minus(exp(X(1,:)),minus(exp(minus(sin(exp(minus([45.8587],[45.8637]))),X(2,:))),square(minus(minus(X(1,:),X(2,:)),X(2,:))))),times(minus(exp(minus(X(1,:),X(2,:))),square(plus([45.8637],[-28.9556]))),times(X(1,:),plus([45.8587],[-28.7041]))))"
3,2,98,"times(tanh(tanh(tanh(times(tanh(tanh(cos(sin([2.5352])))),square(X(1,:)))))),square(X(1,:)))"
3,2,99,"plus(negexp([-30.6937]),tanh(minus(exp(X(1,:)),times(tanh(minus(plus(negexp(negexp(X(1,:))),[-99.9268]),times(X(1,:),[-31.0197]))),[-30.5059]))))"
3,2,100,"minus(minus(negexp([-34.1135]),minus(tanh(sin(X(2,:))),sin(sin(X(2,:))))),sin(sin(sin(X(2,:)))))"
3,10,1,"times(tanh(plus(times(X(6,:),tanh(plus(times(X(5,:),square(tanh([28.4402]))),minus(tanh(X(5,:)),tanh(X(8,:)))))),plus(times(X(7,:),plus(times(plus(plus(X(10,:),X(8,:)),X(8,:)),X(5,:)),times(X(6,:),X(5,:)))),plus(X(4,:),plus(square(square(X(3,:))),square(sin(times(X(9,:),X(8,:))))))))),square(negexp(plus(times(X(4,:),X(3,:)),minus(plus(X(10,:),times(X(6,:),X(5,:))),times(tanh(plus(plus(X(10,:),X(8,:)),X(8,:))),minus(tanh(plus(X(1,:),X(2,:))),plus(cos(X(3,:)),plus(X(8,:),X(9,:))))))))))"
3,10,2,"minus(tanh(exp(plus(times(X(9,:),plus(plus(X(4,:),[13.0104]),times(times(X(9,:),X(2,:)),minus(plus(X(3,:),X(2,:)),[-75.9385])))),times(X(9,:),minus(plus(X(6,:),minus(plus(X(6,:),[-75.9385]),[13.0104])),X(10,:)))))),times(negexp(plus(X(3,:),X(10,:))),times(negexp(X(7,:)),negexp(square(plus(plus(X(4,:),[-75.9385]),times(times(X(9,:),X(2,:)),minus(X(9,:),plus(X(5,:),X(8,:))))))))))"
3,10,3,"minus(times(times(tanh(negexp(square(minus(negexp(cos(X(10,:))),X(5,:))))),negexp(cos(tanh(plus([-76.1960],minus(minus([88.6228],X(2,:)),minus(X(5,:),X(1,:)))))))),negexp(plus([-76.1960],minus(cos(square(minus([88.6228],X(8,:)))),minus([88.6228],times(X(1,:),X(7,:))))))),times(times(cos(minus(minus(tanh(exp(X(4,:))),minus(times(X(6,:),times(X(1,:),X(7,:))),plus(X(3,:),X(10,:)))),[-76.1960])),X(8,:)),negexp(plus(negexp(square(X(10,:))),minus(cos(square(tanh(plus(X(9,:),X(2,:))))),minus(minus(tanh(exp(X(4,:))),minus(times(X(6,:),X(8,:)),plus(X(3,:),X(10,:)))),[-73.4410]))))))"
3,10,4,"minus(minus(square(times(exp([-50.6831]),cos(X(6,:)))),exp(minus(negexp(minus(X(5,:),X(6,:))),square(times(square(negexp(plus([9.0662],[-27.9870]))),sin(cos(tanh(X(7,:))))))))),times(plus(plus(plus(sin([-50.6831]),tanh(tanh(X(10,:)))),plus(plus(sin(plus(X(8,:),minus(X(5,:),X(6,:)))),tanh(tanh(X(10,:)))),minus(minus(cos(X(6,:)),plus(X(8,:),minus(X(5,:),X(6,:)))),minus(tanh(tanh(X(10,:))),plus(X(4,:),[-27.9870]))))),exp(exp(minus(minus(plus(X(6,:),X(3,:)),cos(X(6,:))),minus([9.0662],X(9,:)))))),square(times(exp([-50.6517]),tanh(X(2,:))))))"
3,10,5,"times(exp(plus(plus(plus(times(minus(negexp(cos(X(3,:))),cos(exp(X(5,:)))),plus(cos(exp(X(5,:))),exp(minus([-1.1203],X(6,:))))),times(plus([-0.9916],exp(minus([-1.0902],X(7,:)))),cos(X(2,:)))),times(square(sin(sin(X(8,:)))),X(4,:))),times(X(4,:),tanh(minus(minus(X(10,:),minus(X(7,:),X(6,:))),plus(cos(minus([-1.0902],X(4,:))),square(X(9,:)))))))),plus(times(sin(X(7,:)),times(sin(X(7,:)),plus(sin(square(sin(sin(X(9,:))))),exp(minus([-1.0902],X(7,:)))))),X(7,:)))"
3,10,6,"minus(cos(times(cos(minus(exp(cos(X(2,:))),minus(plus(plus(plus(X(6,:),X(10,:)),X(10,:)),sin(X(4,:))),minus(cos(minus(X(5,:),X(8,:))),plus(times(X(7,:),[-85.9951]),times(X(3,:),X(1,:))))))),times(cos(cos(sin(cos(X(5,:))))),minus(times(tanh(plus(X(9,:),X(10,:))),negexp(X(6,:))),minus(minus(cos(X(5,:)),negexp(X(6,:))),times(sin(X(10,:)),tanh(X(1,:)))))))),exp(square(negexp(tanh(sin(tanh(times(times(X(7,:),X(5,:)),[90.9674]))))))))"
3,10,7,"times(times(times(sin(X(4,:)),sin(X(5,:))),plus(negexp([-84.7872]),plus(times(sin(X(4,:)),sin(X(5,:))),X(8,:)))),times(plus(minus(tanh(plus(sin(X(3,:)),minus(X(8,:),X(9,:)))),X(9,:)),cos(X(6,:))),times(square(exp(plus(sin(X(2,:)),minus(X(7,:),X(9,:))))),times(plus(sin(sin(plus(X(10,:),X(5,:)))),minus(X(7,:),X(9,:))),tanh(X(3,:))))))"
3,10,8,"minus(X(9,:),tanh(minus(minus(X(4,:),minus(minus(X(2,:),X(8,:)),plus(X(3,:),plus(plus(X(10,:),plus(X(6,:),X(5,:))),X(8,:))))),minus(plus(X(7,:),plus(exp(X(2,:)),square(minus(X(9,:),X(4,:))))),minus(X(2,:),plus(exp(exp(exp(X(8,:)))),plus(X(10,:),plus(X(6,:),X(5,:)))))))))"
3,10,9,"tanh(times(minus(times([-85.7409],minus(X(6,:),X(8,:))),cos([-85.7345])),times(times(plus(X(3,:),minus(minus(times(minus([-85.4991],X(6,:)),minus(X(6,:),X(8,:))),X(4,:)),exp(X(5,:)))),minus(minus(times(minus([-85.6608],X(10,:)),minus(X(6,:),X(8,:))),X(3,:)),exp(X(5,:)))),negexp(plus(plus(minus(times(minus([-85.8533],X(6,:)),minus(X(6,:),X(8,:))),cos(minus(X(7,:),X(2,:)))),negexp(X(9,:))),exp(times(minus(X(6,:),X(8,:)),sin(square([-85.8346])))))))))"
3,10,10,"times(negexp([76.9821]),times(negexp([76.9821]),minus(plus(plus(X(5,:),minus(plus(plus(X(10,:),X(3,:)),X(4,:)),X(8,:))),minus(plus(minus(plus([77.3936],minus(X(7,:),X(9,:))),X(6,:)),minus(X(7,:),X(6,:))),X(6,:))),tanh(plus([78.8051],minus(tanh(cos(X(8,:))),tanh(X(2,:))))))))"
3,10,11,"minus(square(times(X(4,:),times(times(X(4,:),times(sin(negexp(X(3,:))),minus(negexp(plus([-39.6074],X(5,:))),negexp(times(X(4,:),X(3,:)))))),minus(negexp(plus([-39.5580],X(5,:))),negexp(times(X(6,:),X(3,:))))))),plus(square(square(plus(times(plus(plus(plus(X(10,:),X(7,:)),times(X(7,:),X(8,:))),minus(X(4,:),X(4,:))),minus(negexp(plus([-39.6100],X(5,:))),X(4,:))),plus(minus(X(3,:),X(2,:)),X(7,:))))),minus(X(9,:),X(2,:))))"
3,10,12,"exp(plus(cos(minus(plus(minus(plus(plus(square(X(5,:)),plus(X(6,:),X(2,:))),X(3,:)),negexp(X(7,:))),minus(X(4,:),X(1,:))),exp(plus(plus(X(2,:),minus(X(4,:),X(1,:))),times(plus(minus(X(6,:),X(9,:)),minus(X(4,:),X(6,:))),exp(sin([-58.7319]))))))),times(exp(X(8,:)),cos(X(10,:)))))"
3,10,13,"tanh(plus(plus(times(exp(negexp(times(X(5,:),times(X(6,:),X(10,:))))),sin(minus(X(3,:),times(X(8,:),square(plus(X(9,:),X(7,:))))))),minus(X(3,:),plus(square(times(X(2,:),[-96.4265])),square(times(cos(X(8,:)),minus(X(7,:),X(10,:))))))),square(cos(negexp(plus(times(negexp(X(10,:)),negexp(times(X(2,:),[-34.0029]))),square(times(cos(X(8,:)),minus(X(9,:),X(4,:))))))))))"
3,10,14,"plus(negexp(negexp(times(negexp(negexp(times(X(10,:),minus(sin(X(5,:)),plus(X(5,:),X(10,:)))))),plus(minus(minus(X(8,:),minus(plus(X(5,:),X(6,:)),plus(X(2,:),[-29.0810]))),sin(sin(sin(X(3,:))))),times(X(10,:),minus(sin(X(4,:)),plus(tanh(X(7,:)),[-29.3656]))))))),minus(X(9,:),plus(tanh(X(7,:)),plus(X(9,:),tanh(X(7,:))))))"
3,10,15,"minus(times(plus(cos(square(times(cos(X(3,:)),negexp(X(10,:))))),plus(times(square(sin(sin(exp([-51.6451])))),negexp(times(plus(cos([8.3969]),sin(X(3,:))),times(cos(X(8,:)),negexp(X(2,:)))))),sin(cos([8.3511])))),sin(X(10,:))),exp(exp(minus(minus(exp(sin(times(X(4,:),X(6,:)))),minus(square([35.1891]),square(minus(minus(X(9,:),X(7,:)),X(5,:))))),minus(square(X(10,:)),times(cos([8.3511]),X(10,:)))))))"
3,10,16,"minus(minus(times(X(6,:),X(10,:)),minus(minus(minus(minus(X(3,:),X(9,:)),X(2,:)),X(4,:)),X(5,:))),times([-45.9391],plus(plus(cos(X(7,:)),negexp([-37.1328])),times([-46.0480],plus(negexp([-37.2279]),X(8,:))))))"
3,10,17,"minus(plus(negexp(plus(negexp(minus(minus(negexp(X(2,:)),minus(tanh(X(3,:)),times([-34.1583],X(3,:)))),X(10,:))),X(9,:))),times(minus(negexp([-34.0195]),minus(minus(minus(negexp(negexp(X(6,:))),negexp([-34.1560])),negexp([-34.0195])),negexp([-34.0195]))),X(2,:))),minus(plus(negexp(minus(minus(X(10,:),minus(tanh(X(5,:)),times(X(4,:),X(10,:)))),X(5,:))),minus([-65.9870],X(7,:))),times(minus(minus(minus(X(6,:),times(times(negexp(X(8,:)),[-34.1560]),X(7,:))),negexp([-34.2920])),negexp([-34.1583])),negexp(X(5,:)))))"
3,10,18,"tanh(times(times(times(plus(times(cos(negexp([-5.8585])),minus(plus(minus([98.1346],X(2,:)),minus(X(4,:),X(9,:))),plus(plus(X(8,:),X(7,:)),minus(X(8,:),X(4,:))))),times(X(9,:),plus([98.0915],negexp(plus(X(2,:),X(5,:)))))),negexp(times(X(9,:),plus(minus([98.1131],times(X(9,:),X(10,:))),minus(minus(X(4,:),X(9,:)),times(X(9,:),X(10,:))))))),tanh(plus([98.1346],minus(negexp(times(X(6,:),plus(X(8,:),X(7,:)))),times(X(3,:),X(1,:)))))),plus(cos(tanh(plus([56.9328],minus(X(6,:),times(X(9,:),X(1,:)))))),sin(times(times([56.9328],sin(negexp([98.1256]))),X(9,:))))))"
3,10,19,"exp(times(tanh(negexp(plus(minus(cos(X(4,:)),plus(times(minus(X(2,:),X(9,:)),square(X(3,:))),sin(minus([19.4523],[-10.9602])))),sin(times(tanh(X(8,:)),square(X(2,:))))))),plus(times(minus(X(7,:),sin(plus(square(X(7,:)),minus(cos(X(4,:)),square(X(6,:)))))),plus(X(5,:),X(10,:))),sin(sin(times(tanh(X(8,:)),square(X(4,:))))))))"
3,10,20,"tanh(times(minus(times(tanh(X(10,:)),negexp(minus(X(4,:),X(7,:)))),minus(minus(minus(times(square(X(8,:)),X(6,:)),minus(minus(X(6,:),X(3,:)),plus(X(2,:),X(5,:)))),times(tanh(plus(times([-23.4050],X(1,:)),X(5,:))),[-23.4398])),sin(negexp(X(9,:))))),exp(times(plus(exp(exp(tanh(X(1,:)))),minus(times(tanh(plus(X(2,:),X(5,:))),negexp(X(5,:))),sin(square(negexp(X(5,:)))))),times(tanh(plus(X(2,:),X(5,:))),[-23.3827])))))"
3,10,21,"times(minus(square(plus(negexp(exp(times(X(1,:),exp(exp(X(7,:)))))),plus(cos(sin(exp(sin(X(10,:))))),exp(cos(X(3,:)))))),plus(sin(sin(plus(times(exp(sin([-37.7056])),times(X(7,:),cos(X(3,:)))),tanh(square(X(9,:)))))),X(4,:))),times(plus(times(plus(times(X(7,:),[-45.0574]),tanh(times(times(X(7,:),X(1,:)),times(X(10,:),minus(X(8,:),[-41.2667]))))),times(plus(minus(square(minus(X(8,:),[-41.2667])),X(5,:)),tanh(times(X(10,:),negexp(X(6,:))))),negexp(minus(minus(cos(X(4,:)),[-41.2667]),plus([-45.0574],plus([-45.0574],X(2,:))))))),negexp(plus(exp(tanh(minus(X(10,:),[-41.2421]))),plus(tanh(exp(X(10,:))),times(times(X(10,:),X(5,:)),X(5,:)))))),tanh(tanh(tanh(tanh(sin(X(10,:))))))))"
3,10,22,"minus([82.5441],tanh(minus(minus(plus(times(X(7,:),times(times([-98.8981],plus(X(3,:),[82.5838])),[-95.4446])),X(4,:)),minus([-98.9938],minus(times([-99.0059],plus(sin(X(8,:)),[90.4678])),plus(X(10,:),plus(times(X(5,:),X(6,:)),X(2,:)))))),square(X(9,:)))))"
3,10,23,"negexp(times(times(sin(times(minus(minus(cos(times(X(8,:),X(9,:))),X(6,:)),negexp(tanh(X(5,:)))),negexp(plus(negexp(X(8,:)),negexp(square(X(3,:))))))),times(plus(X(7,:),times(cos(square(minus(X(1,:),X(8,:)))),times(plus(times(X(8,:),X(2,:)),square(X(10,:))),sin(X(5,:))))),cos(X(8,:)))),X(4,:)))"
3,10,24,"tanh(exp(minus(plus(cos(tanh(cos(tanh(cos(X(8,:)))))),minus(square(times(cos([-38.5055]),square(X(1,:)))),plus(minus(tanh(sin(X(10,:))),times(X(9,:),X(5,:))),plus(X(9,:),plus(X(3,:),plus(X(10,:),X(4,:))))))),minus(cos(square(plus(sin(X(7,:)),negexp(X(2,:))))),plus(minus(plus(plus(sin(X(9,:)),[-33.8030]),plus(minus(X(5,:),X(6,:)),plus(X(10,:),[-33.9673]))),times([81.2335],X(9,:))),times(X(9,:),times(X(9,:),sin(X(9,:)))))))))"
3,10,25,"minus(plus(plus(cos(cos(sin(times(times(negexp(X(2,:)),X(5,:)),times(negexp([12.8406]),negexp(X(2,:))))))),times(times(times([64.5785],[64.5785]),times([64.5785],[-28.8617])),times([-29.1232],times(times([64.5785],[64.5785]),[-29.0129])))),minus(X(3,:),plus(X(4,:),times([55.2972],[-29.0129])))),cos(cos(minus(minus(exp(minus(minus(X(6,:),times(X(10,:),X(8,:))),minus(square(X(7,:)),times([64.5785],[-29.0129])))),plus(X(9,:),minus(times(X(9,:),X(7,:)),X(6,:)))),exp([55.4875])))))"
3,10,26,"tanh(times(minus(plus(X(8,:),X(4,:)),plus(cos(X(9,:)),minus(tanh(negexp([-68.4540])),plus(times(X(8,:),[-68.4276]),minus(X(3,:),X(7,:)))))),exp(minus(minus(square(plus(cos(X(9,:)),minus(X(6,:),plus(X(8,:),X(8,:))))),tanh(sin(cos(X(10,:))))),minus(X(8,:),plus(X(2,:),minus(cos(plus(X(4,:),X(5,:))),plus(times(X(8,:),[-68.4563]),minus(X(3,:),X(7,:))))))))))"
3,10,27,"plus(square(sin(plus(plus(sin(X(10,:)),plus(X(2,:),plus([-66.6907],negexp([-66.7858])))),plus(cos(minus(cos(X(7,:)),X(4,:))),X(6,:))))),plus(plus(negexp(times(plus(plus(cos(minus(X(2,:),X(4,:))),tanh(square(X(10,:)))),tanh(square(X(8,:)))),plus(square(minus(minus(X(5,:),X(9,:)),X(9,:))),minus(negexp(X(9,:)),cos(X(6,:)))))),tanh(X(6,:))),plus(sin(plus(sin(X(6,:)),tanh(square(sin(X(6,:)))))),tanh(plus(plus(square(minus(minus(X(5,:),X(9,:)),X(9,:))),minus(negexp(X(9,:)),tanh(X(3,:)))),minus(plus(cos(minus(X(2,:),X(2,:))),tanh(square(X(10,:)))),tanh(minus(X(5,:),X(9,:)))))))))"
3,10,28,"minus(minus(minus(cos(times(cos(plus(negexp(X(4,:)),times(X(6,:),X(10,:)))),cos(square(times(X(10,:),X(8,:)))))),exp(tanh(times(times(times(square(X(2,:)),times(X(7,:),X(8,:))),exp(sin(X(9,:)))),exp(X(9,:)))))),tanh(square(square(plus(sin(square(X(4,:))),times(exp(X(9,:)),plus([86.9938],X(10,:)))))))),minus(sin(exp(sin(negexp(exp(exp(cos(X(5,:)))))))),negexp(minus(X(3,:),tanh(times(times(sin(negexp(X(4,:))),tanh(cos(X(10,:)))),exp(sin(negexp(X(4,:))))))))))"
3,10,29,"plus(plus(negexp(tanh(times(minus(tanh(plus(X(9,:),X(6,:))),square(cos(cos(X(5,:))))),square(sin([10.2656]))))),times(plus(negexp(tanh(X(3,:))),negexp(plus(square(plus(X(7,:),times(X(10,:),X(9,:)))),times(times(X(1,:),X(6,:)),plus(X(2,:),X(8,:)))))),negexp(tanh(times(plus(X(2,:),times(X(10,:),[-11.7554])),exp(square(X(4,:)))))))),plus(exp(cos(X(5,:))),times(exp(minus(square(cos(X(5,:))),exp(times(X(6,:),sin(X(3,:)))))),plus(X(7,:),times(X(10,:),[-11.7554])))))"
3,10,30,"minus(plus(cos(X(7,:)),plus(minus(exp([42.1938]),plus(X(2,:),sin(X(6,:)))),times([-76.2666],plus(X(9,:),sin(tanh(tanh(X(9,:)))))))),minus(X(8,:),plus(times(cos(X(3,:)),sin(X(6,:))),tanh(minus(times(cos(X(3,:)),X(10,:)),plus(X(5,:),X(4,:)))))))"
3,10,31,"minus(times(tanh(minus(times(tanh([-12.7395]),X(9,:)),times(tanh(cos(plus(X(7,:),X(5,:)))),minus(exp(plus(X(5,:),X(10,:))),plus(plus(minus(X(10,:),X(8,:)),plus(X(5,:),X(10,:))),minus(X(10,:),X(5,:))))))),X(7,:)),times(X(6,:),plus(negexp(times(tanh(sin(times(minus(X(10,:),X(4,:)),X(8,:)))),minus(exp(plus(X(10,:),[-83.6352])),plus(plus(X(3,:),X(5,:)),minus(X(10,:),X(4,:)))))),X(2,:))))"
3,10,32,"tanh(times(minus(plus(X(3,:),X(2,:)),times(sin(tanh(minus(X(8,:),minus(square(X(10,:)),square(X(1,:)))))),negexp([-49.4949]))),tanh(negexp(minus(tanh(cos(X(9,:))),times(times(square(tanh(X(4,:))),minus(X(6,:),X(5,:))),times(plus(X(7,:),X(1,:)),sin(plus(X(7,:),X(1,:))))))))))"
3,10,33,"square(times(times(plus(times(X(6,:),times(plus(X(3,:),sin(times(X(5,:),X(9,:)))),minus(plus(exp(X(2,:)),negexp([-55.7466])),plus(exp(X(4,:)),negexp([-55.7681]))))),X(10,:)),plus(plus(times(exp(negexp(cos([18.2433]))),times(times(sin(X(2,:)),minus(X(9,:),X(4,:))),negexp(square(X(8,:))))),sin(X(9,:))),negexp(plus(plus(X(8,:),tanh(times(X(5,:),X(9,:)))),negexp(X(9,:)))))),exp(minus(minus(X(9,:),tanh(tanh(minus(X(7,:),X(8,:))))),negexp(times(sin(X(9,:)),negexp(X(9,:))))))))"
3,10,34,"minus(minus(times(X(7,:),X(8,:)),X(6,:)),times(minus(sin(X(2,:)),minus(square(times(negexp(minus(X(6,:),X(5,:))),negexp(plus(X(7,:),plus(X(5,:),[-87.6934]))))),times(X(10,:),times(X(3,:),X(3,:))))),times(minus(minus([22.5337],X(4,:)),minus(minus(times(X(7,:),X(8,:)),X(8,:)),X(8,:))),sin(exp(X(9,:))))))"
3,10,35,"plus(times(plus(plus(tanh(X(2,:)),negexp([-96.4607])),times(times(times(times(X(1,:),sin(sin(X(9,:)))),X(8,:)),square(X(7,:))),times(X(10,:),cos(X(4,:))))),plus(plus(negexp(plus(cos(square(tanh(X(3,:)))),minus([-37.8422],tanh(X(3,:))))),times(plus(X(6,:),minus([-37.8744],tanh(tanh(X(9,:))))),X(8,:))),negexp(plus(minus(square(square(square(X(7,:)))),times(X(8,:),X(5,:))),times(X(3,:),square(X(8,:))))))),X(6,:))"
3,10,36,"times(exp(plus(cos(exp(cos(sin(sin(X(9,:)))))),times(sin(square(X(6,:))),times(negexp(X(1,:)),tanh([-62.9124]))))),tanh(minus(plus(X(6,:),X(5,:)),times(minus(minus(minus(plus(X(7,:),[-20.3637]),X(10,:)),sin(negexp(minus(X(10,:),X(3,:))))),times(sin(square(X(6,:))),times(negexp(X(1,:)),X(1,:)))),minus(times(negexp(plus(plus(X(7,:),[-20.3689]),times(X(2,:),X(6,:)))),plus(minus(sin(X(3,:)),sin(X(8,:))),negexp(minus(X(2,:),X(3,:))))),X(4,:))))))"
3,10,37,"times(square(cos(tanh(plus(times(minus(times([-22.8121],times([87.8216],X(3,:))),X(4,:)),square(tanh(times(X(2,:),X(7,:))))),plus(minus(times(negexp(X(6,:)),X(10,:)),times(minus([20.3574],X(7,:)),times(X(9,:),X(10,:)))),cos(times(negexp(X(6,:)),plus(X(5,:),[-22.8196])))))))),minus(X(10,:),X(8,:)))"
3,10,38,"plus(sin(square(sin(negexp(plus(plus(plus(X(6,:),X(8,:)),cos(X(4,:))),plus(sin(plus(X(7,:),X(3,:))),times(X(9,:),X(5,:)))))))),tanh(minus(tanh(sin(minus(minus(X(2,:),cos([68.4184])),negexp(negexp([68.3996]))))),plus(X(10,:),X(3,:)))))"
3,10,39,"tanh(exp(minus(negexp(plus(minus(square(times(X(7,:),X(8,:))),[-70.7050]),plus(X(8,:),tanh(square(X(10,:)))))),minus(plus(minus(X(2,:),[-70.7750]),minus(X(3,:),X(6,:))),plus(times(X(8,:),plus(plus(minus(X(7,:),[-70.7684]),minus(X(7,:),X(8,:))),square(times(X(7,:),X(9,:))))),times(X(10,:),plus(times(X(4,:),tanh(X(5,:))),minus([-70.5728],X(6,:)))))))))"
3,10,40,"times(times(X(8,:),plus(minus(minus(minus(square(square(plus(X(8,:),[-77.7437]))),times(times(exp(X(5,:)),X(10,:)),times(X(7,:),X(9,:)))),square(square(square(times([-77.7570],[-60.4019]))))),square(square(square(times([-77.8805],[-60.4019]))))),plus(negexp(plus(times(exp(X(2,:)),sin(plus(X(8,:),[-77.6621]))),tanh(times(times(X(8,:),X(3,:)),plus([-77.8805],X(6,:)))))),square(square(square(square(plus(X(8,:),[-77.5621])))))))),times(exp(X(8,:)),plus(cos(cos(times(times(X(7,:),plus(X(7,:),X(8,:))),exp(X(4,:))))),plus(square(square(square(square(exp(X(8,:)))))),square(square(square(square(plus(X(8,:),[-77.7437])))))))))"
3,10,41,"plus(tanh(exp(X(8,:))),times(cos(minus(plus(cos(minus(X(6,:),X(5,:))),minus(minus(X(4,:),minus(minus(X(10,:),X(2,:)),sin(X(10,:)))),negexp(exp(X(8,:))))),plus(exp([4.6790]),minus(minus(X(9,:),negexp(square(X(8,:)))),plus(plus(X(9,:),square(X(6,:))),plus(plus(X(3,:),X(7,:)),X(4,:))))))),times(tanh(sin(tanh(tanh(exp(X(8,:)))))),tanh(sin(cos(minus(exp(X(8,:)),cos(minus(X(6,:),X(5,:))))))))))"
3,10,42,"minus(minus(plus(minus(X(3,:),negexp(plus([-42.7766],[-42.6851]))),[-42.6851]),plus(X(3,:),negexp(X(10,:)))),minus(plus(negexp(plus([-42.9361],X(5,:))),plus(negexp(plus([-42.9361],X(5,:))),plus(negexp(plus([-42.6851],X(5,:))),X(2,:)))),times(times(negexp(plus([-42.9361],X(5,:))),times(cos([-42.6851]),tanh(minus(square(plus(X(7,:),[-42.7556])),times(X(9,:),square(X(6,:))))))),plus(cos(cos(negexp(minus(X(4,:),exp(X(9,:)))))),tanh(cos(tanh(X(8,:))))))))"
3,10,43,"sin(tanh(minus(plus(minus(plus(sin(tanh(cos(X(3,:)))),times(square(exp(X(4,:))),tanh(sin(X(6,:))))),square(negexp(tanh(times(X(3,:),[-75.2578]))))),sin(minus(plus(plus(minus(X(8,:),X(2,:)),times([-75.2578],X(6,:))),X(7,:)),tanh(X(9,:))))),plus(tanh(X(9,:)),minus(times(negexp(cos(minus([-75.2578],X(10,:)))),[54.9216]),sin(negexp(X(5,:))))))))"
3,10,44,"plus(times(negexp(minus(exp(X(3,:)),X(10,:))),minus(plus(minus(exp(X(3,:)),X(10,:)),negexp(exp(plus(square([-1.7524]),cos(X(6,:)))))),negexp(minus(X(9,:),negexp(minus(square([-1.7524]),X(5,:))))))),tanh(plus(minus(times(cos(negexp(X(9,:))),minus(X(8,:),sin(minus(square(X(10,:)),tanh(X(10,:)))))),negexp(sin(tanh(X(2,:))))),plus(minus(X(2,:),tanh(cos(times(cos(X(7,:)),X(7,:))))),cos(cos(cos(times(cos(X(7,:)),X(4,:)))))))))"
3,10,45,"times(square(negexp(minus(sin(X(10,:)),plus([79.3772],minus(minus(X(3,:),X(3,:)),negexp(X(8,:))))))),plus(exp(negexp(tanh(times(minus(minus(X(6,:),X(10,:)),[79.4058]),minus(X(4,:),times(sin(X(5,:)),X(2,:))))))),times(plus([-54.7959],times(cos(sin(sin(times(X(9,:),[-54.7959])))),plus(cos(minus(minus(X(3,:),[79.4571]),[79.4058])),times(minus(minus(X(3,:),X(3,:)),negexp(X(8,:))),square(exp(X(7,:))))))),plus(X(10,:),X(3,:)))))"
3,10,46,"times(minus(minus(exp(minus(plus(plus(X(6,:),X(10,:)),plus(X(9,:),X(1,:))),times(times(times(minus(X(4,:),X(9,:)),cos(X(10,:))),cos(X(10,:))),square(X(9,:))))),square(X(5,:))),minus(tanh(plus(minus(minus(X(10,:),negexp(minus(X(6,:),X(2,:)))),[37.3759]),negexp(plus(negexp(tanh(X(1,:))),X(1,:))))),square(plus(square(plus(X(3,:),plus(square(X(8,:)),[37.1640]))),minus(plus(times([-46.8001],X(2,:)),X(4,:)),times(minus(minus(X(7,:),X(3,:)),X(9,:)),[37.2844])))))),minus(square(minus(square(square(plus(negexp(tanh(X(1,:))),X(1,:)))),cos(negexp(cos(X(10,:)))))),cos(sin(minus(X(4,:),times(cos(sin(X(8,:))),square(X(8,:))))))))"
3,10,47,"plus(plus(square(plus(negexp(minus(minus(X(8,:),square(minus(X(6,:),X(2,:)))),X(5,:))),sin(square(X(7,:))))),times(square(plus(times(X(8,:),[26.2917]),plus(X(1,:),X(4,:)))),plus(negexp(minus(X(1,:),square(X(9,:)))),plus(exp(minus(minus(X(2,:),X(4,:)),times(X(10,:),plus(X(1,:),X(6,:))))),sin(plus(times(X(8,:),[26.2917]),plus(X(1,:),X(5,:)))))))),times(square(plus(times(exp(minus(minus(minus(X(2,:),X(4,:)),X(4,:)),times(X(10,:),plus(X(1,:),X(6,:))))),[26.2917]),minus(X(3,:),X(8,:)))),sin(plus([26.2917],exp(X(8,:))))))"
3,10,48,"times(times(minus(X(5,:),sin(cos(minus(X(5,:),sin(cos(X(5,:))))))),minus(minus(plus(minus(X(5,:),[3.1982]),exp(plus(minus(X(5,:),X(5,:)),minus(X(5,:),[3.1982])))),cos(minus(X(5,:),[-10.5446]))),cos(times(times(X(9,:),minus(X(5,:),X(5,:))),cos(times(times(square(X(4,:)),minus(X(5,:),X(5,:))),cos(times(X(8,:),X(2,:))))))))),exp(minus(minus(X(5,:),[3.1982]),minus(X(3,:),times(minus(X(5,:),X(10,:)),times(X(7,:),X(6,:)))))))"
3,10,49,"exp(plus(negexp(minus(square(tanh(times(times(X(3,:),X(8,:)),[-48.8267]))),sin(minus(times(tanh(times(X(2,:),X(7,:))),square(minus([82.3287],X(3,:)))),cos(square(times(X(10,:),X(4,:)))))))),times(times(cos(plus(cos(plus(X(6,:),X(4,:))),X(4,:))),negexp(negexp(X(5,:)))),square(minus(X(9,:),plus(minus(tanh(times(X(2,:),X(7,:))),sin(plus(X(8,:),X(7,:)))),X(5,:)))))))"
3,10,50,"exp(minus(plus(tanh(tanh(tanh(times(cos([-2.2041]),cos(X(8,:)))))),times(times(X(7,:),X(10,:)),minus(times(negexp(times(X(10,:),X(10,:))),times([-2.2036],X(2,:))),sin(negexp(times(square(X(9,:)),sin(X(3,:)))))))),negexp(times(square(negexp(times(X(6,:),X(6,:)))),times(times(X(7,:),times(X(3,:),X(5,:))),plus(times(tanh(plus(X(4,:),X(9,:))),X(10,:)),sin(X(1,:))))))))"
3,10,51,"negexp(plus(plus([-65.3410],X(4,:)),cos(exp(minus(times(sin(plus(times(X(6,:),X(2,:)),X(5,:))),minus(plus(negexp(X(9,:)),tanh(X(7,:))),plus(times(X(6,:),[-65.7566]),X(8,:)))),minus(plus(plus(tanh(X(3,:)),tanh(X(10,:))),cos(tanh(X(3,:)))),square(sin(square(X(4,:))))))))))"
3,10,52,"times(plus(plus(cos(plus(times(cos(plus(square([58.4685]),X(2,:))),sin(negexp(minus(X(5,:),X(6,:))))),[58.4685])),cos(plus(times(negexp(minus(X(3,:),minus(X(10,:),X(8,:)))),sin([58.2106])),X(2,:)))),plus(minus(X(6,:),X(9,:)),negexp(times(X(7,:),X(4,:))))),negexp(times(square(minus(X(6,:),X(9,:))),sin(exp(plus(cos(plus(square([58.4685]),X(3,:))),tanh(tanh(X(9,:)))))))))"
3,10,53,"minus(X(3,:),minus(minus(tanh(exp(plus(minus(minus(cos(X(3,:)),times(X(10,:),X(4,:))),minus(X(3,:),X(5,:))),minus(minus(X(2,:),minus(X(7,:),X(6,:))),minus(times(X(10,:),X(4,:)),[-50.9051]))))),minus(X(9,:),X(4,:))),minus(negexp(cos(tanh(minus(cos(X(8,:)),times(minus(X(4,:),X(10,:)),minus(X(2,:),X(2,:))))))),X(9,:))))"
3,10,54,"times(tanh(minus([-38.3898],minus(minus(minus(X(10,:),X(4,:)),plus(X(7,:),cos(times(plus(X(5,:),X(3,:)),X(6,:))))),minus(X(7,:),X(8,:))))),tanh(plus(times(square(plus(minus(minus(X(7,:),X(10,:)),minus(minus(X(6,:),X(4,:)),[-51.8288])),cos(times(X(7,:),X(6,:))))),X(2,:)),plus([-51.7253],sin(sin(cos(times(negexp(X(9,:)),times(X(6,:),X(4,:))))))))))"
3,10,55,"times(plus(minus(times(times(exp(X(2,:)),minus(times(times(exp(X(4,:)),plus([-73.8278],X(6,:))),exp(plus(X(9,:),[92.6854]))),tanh(X(8,:)))),exp(plus(X(9,:),plus(X(3,:),[92.7710])))),tanh(plus(negexp(tanh(X(5,:))),X(7,:)))),plus(X(10,:),X(9,:))),exp(tanh(times(times(cos(sin(X(6,:))),minus(X(2,:),sin(X(10,:)))),X(10,:)))))"
3,10,56,"minus(exp(X(9,:)),minus(plus(exp(minus(square(sin(times(exp(X(2,:)),exp(X(9,:))))),X(3,:))),square(plus(X(3,:),X(6,:)))),negexp(negexp(minus(exp(times(plus(plus(X(4,:),X(6,:)),X(5,:)),square(plus(X(10,:),X(7,:))))),sin(plus(cos(minus(X(8,:),X(3,:))),times(X(7,:),X(4,:)))))))))"
3,10,57,"times(sin(square(exp(minus(negexp(sin(plus(X(10,:),square(X(4,:))))),minus(minus(times(X(6,:),X(7,:)),minus(X(9,:),X(5,:))),[-92.2158]))))),negexp(exp(minus(negexp(sin(plus(times(times(X(2,:),X(10,:)),times(X(5,:),X(6,:))),minus(exp(X(2,:)),exp(X(8,:)))))),minus(times(plus(X(7,:),X(3,:)),times(X(8,:),times(X(9,:),X(6,:)))),[-92.1988])))))"
3,10,58,"minus(negexp(cos(times(X(2,:),plus(times(X(4,:),minus(plus(X(9,:),plus(X(4,:),X(7,:))),plus(exp([39.6049]),exp(X(5,:))))),square(minus(X(3,:),X(8,:))))))),minus(minus(plus(minus(cos(times(X(10,:),cos(X(6,:)))),times([75.4722],plus(exp([39.6049]),exp(X(3,:))))),minus(cos(X(9,:)),times([75.4722],plus(exp([39.6049]),exp(X(9,:)))))),[40.2578]),exp([40.2578])))"
3,10,59,"plus(times(minus(cos(negexp(square(minus(sin(X(10,:)),plus(X(1,:),X(4,:)))))),tanh(minus(sin(square(exp(X(6,:)))),times(cos(exp(X(4,:))),minus(X(5,:),times(X(8,:),X(9,:))))))),tanh(tanh(plus(exp(square(negexp(X(8,:)))),minus(tanh(negexp(X(3,:))),times(X(10,:),X(2,:))))))),sin(minus(exp(times(X(6,:),X(7,:))),X(3,:))))"
3,10,60,"plus(X(3,:),square(plus(negexp(minus(times(tanh(plus(plus([-99.8654],X(4,:)),X(6,:))),times(sin(X(2,:)),plus(plus([-99.5857],X(6,:)),X(9,:)))),X(5,:))),minus(plus(plus(square(minus(times([-99.4742],X(4,:)),plus([-99.4188],X(9,:)))),times(sin(X(2,:)),plus(plus([-99.5857],X(6,:)),X(9,:)))),times([69.9849],square(square(plus([-99.4188],X(2,:)))))),plus(minus(times(square(plus([-99.8108],X(4,:))),times(plus([-99.4742],[-99.5784]),times(X(4,:),X(10,:)))),square(minus(times([-99.4742],X(8,:)),times(X(4,:),[69.9614])))),minus(square(square(plus([-99.5857],[-99.9661]))),minus(plus(X(4,:),X(7,:)),times(plus([-99.4742],[-99.5784]),times([94.6772],X(10,:))))))))))"
3,10,61,"tanh(times(plus(minus(plus(plus(X(5,:),minus(minus(X(4,:),X(3,:)),X(2,:))),minus(minus(X(4,:),X(3,:)),X(10,:))),X(2,:)),X(10,:)),times(minus(plus(plus(times(minus(exp(X(5,:)),X(9,:)),times(X(3,:),exp([-73.9128]))),times(cos(X(10,:)),exp([-73.9128]))),minus([-83.4339],plus(X(5,:),minus(minus(X(4,:),X(3,:)),X(2,:))))),plus(times(times(times(X(8,:),X(7,:)),cos(X(4,:))),times(minus(X(4,:),[-66.7619]),exp([-73.9128]))),plus(times(times(times(X(8,:),[-66.7619]),X(2,:)),times([-83.4339],exp([-73.9128]))),minus(X(4,:),X(6,:))))),times(minus(exp([6.8824]),minus(minus(minus(X(4,:),minus(X(5,:),[-66.7767])),X(3,:)),times(minus(X(5,:),[-66.9312]),exp([-73.9128])))),exp([-65.8575])))))"
3,10,62,"minus(minus(minus(minus(cos(exp(X(6,:))),times(negexp(minus(square(X(9,:)),[92.6607])),square(times(X(7,:),X(4,:))))),times(negexp(minus(square(X(9,:)),[92.7361])),square(times(X(7,:),sin(cos(exp(X(6,:)))))))),times(negexp(minus(square(X(9,:)),[92.6868])),square(times(X(7,:),sin(cos(exp(X(6,:)))))))),minus(times(minus(minus(plus(times(plus(sin(X(5,:)),cos(X(3,:))),X(2,:)),X(7,:)),X(7,:)),negexp(minus(square(times(X(7,:),X(4,:))),[92.6826]))),plus(minus(X(6,:),X(8,:)),plus([9.1731],X(10,:)))),square(X(5,:))))"
3,10,63,"plus(plus(negexp(plus(tanh(minus(X(8,:),X(7,:))),plus(minus(minus(sin(minus(X(3,:),X(6,:))),X(10,:)),X(5,:)),minus(times(sin(X(9,:)),X(2,:)),exp(X(6,:)))))),minus(exp(minus(square(X(4,:)),plus(sin(sin(minus(X(3,:),X(5,:)))),plus(X(4,:),X(7,:))))),sin(sin(minus(sin(minus(X(3,:),X(5,:))),X(10,:)))))),minus(exp(minus(square(X(4,:)),plus([0.2877],plus(X(4,:),plus(minus(X(5,:),X(5,:)),sin(X(9,:))))))),plus(minus(minus(sin(minus(X(3,:),X(6,:))),X(10,:)),X(5,:)),minus(times(sin(X(9,:)),X(2,:)),exp(X(6,:))))))"
3,10,64,"times(exp(plus(cos(plus(negexp(exp(X(2,:))),plus(sin(X(1,:)),times(X(5,:),times(X(7,:),[67.7113]))))),exp(X(10,:)))),times(minus(plus(exp(negexp(exp(X(3,:)))),exp(X(10,:))),cos(plus(X(9,:),times(X(5,:),times(X(7,:),[67.7288]))))),sin(times(times(exp(X(8,:)),square(times(exp(cos(X(10,:))),times(X(6,:),cos(X(3,:)))))),times(X(9,:),X(4,:))))))"
3,10,65,"negexp(minus(plus(times(cos(negexp(X(2,:))),minus(plus(times(X(6,:),times(X(8,:),X(2,:))),X(2,:)),minus(minus(X(7,:),X(2,:)),plus(X(9,:),X(2,:))))),plus(X(3,:),X(10,:))),plus(times(cos(X(5,:)),times(tanh(plus(minus(cos(X(4,:)),plus(X(9,:),X(2,:))),times(X(8,:),X(2,:)))),X(6,:))),X(2,:))))"
3,10,66,"minus(plus(tanh(minus(times(plus(X(9,:),plus(times(times(X(3,:),[-64.5198]),negexp(X(6,:))),minus(exp(X(1,:)),tanh(X(2,:))))),cos(plus(minus([-50.8158],X(5,:)),plus(X(4,:),X(5,:))))),X(5,:))),times(sin(negexp(minus(plus(tanh(X(5,:)),[15.6448]),exp(X(9,:))))),plus(negexp(times(X(6,:),X(7,:))),plus(plus(minus([-50.7235],X(5,:)),plus(X(4,:),X(5,:))),times(plus(X(8,:),X(10,:)),cos(X(7,:))))))),cos(sin(tanh(tanh(minus(square(square(plus(X(10,:),X(4,:)))),X(2,:)))))))"
3,10,67,"times(times(negexp(negexp(X(10,:))),minus(minus(negexp(times(tanh(plus(X(4,:),sin(X(3,:)))),times([79.1879],X(4,:)))),negexp(X(10,:))),minus(plus(plus(tanh(plus(X(8,:),negexp([79.1879]))),exp(exp(tanh([47.6278])))),[-61.7526]),X(7,:)))),minus(plus(sin(plus(negexp(square(plus(X(10,:),times(X(5,:),X(9,:))))),X(6,:))),sin(X(3,:))),minus(minus(plus(exp(plus(tanh(times(X(2,:),[77.8072])),plus(X(8,:),negexp([79.1879])))),square([47.7994])),[40.7194]),times([79.1879],plus(negexp(square(plus(X(10,:),times(X(5,:),X(9,:))))),X(6,:))))))"
3,10,68,"minus(minus(minus(minus(minus(square(times([-11.6628],X(6,:))),minus(exp([43.0218]),plus(minus(negexp([-11.6471]),cos(X(4,:))),times(X(1,:),times([-11.6628],X(1,:)))))),minus(exp([43.0218]),square(times([-11.4617],X(10,:))))),cos(tanh(cos(square(X(7,:)))))),minus(exp([43.0218]),plus(minus(X(5,:),X(9,:)),X(10,:)))),cos(plus(square(minus(X(7,:),X(9,:))),plus(square(exp(plus(X(3,:),X(2,:)))),cos(X(8,:))))))"
3,10,69,"exp(negexp(plus(times(tanh(cos(exp(times(times(X(2,:),X(2,:)),X(3,:))))),sin(plus(plus(times(X(9,:),X(4,:)),square(square(X(7,:)))),exp(minus(X(10,:),exp(X(8,:))))))),square(negexp(minus(X(10,:),minus(sin(cos(X(10,:))),times(times(X(6,:),X(5,:)),exp(X(8,:))))))))))"
3,10,70,"minus(minus(plus(plus(plus(exp(plus(plus(X(6,:),X(2,:)),X(9,:))),exp(minus(X(9,:),times(X(1,:),times(X(9,:),X(5,:)))))),plus(exp(plus(minus(exp(X(3,:)),minus(X(8,:),X(9,:))),times(X(1,:),times(X(9,:),X(5,:))))),exp(plus(plus([-65.2315],X(2,:)),X(9,:))))),plus(plus(X(4,:),exp(minus(cos(X(3,:)),plus(X(9,:),[-65.2126])))),exp(minus(times(minus(minus(X(3,:),X(9,:)),cos(X(8,:))),plus(plus(X(4,:),X(2,:)),X(7,:))),plus(cos(X(3,:)),X(8,:)))))),plus(exp(minus(minus(times(minus(minus(X(3,:),X(9,:)),cos(X(8,:))),plus(plus(X(4,:),X(2,:)),X(7,:))),plus(X(9,:),cos(minus(X(10,:),X(9,:))))),X(9,:))),square(times(X(8,:),cos(minus(X(10,:),X(9,:))))))),plus(times(plus(plus(X(3,:),plus([-65.1819],plus(plus(X(4,:),plus([-65.1819],[-65.2315])),plus(X(8,:),[-65.2315])))),plus([-65.1819],[-65.2315])),exp(minus(cos(X(3,:)),[-65.2315]))),plus(times(plus([-65.1819],[-65.2315]),exp(minus(cos(X(3,:)),plus(X(3,:),[-65.1819])))),times(minus(X(9,:),plus(X(4,:),exp(minus(cos(X(3,:)),plus(X(3,:),[-65.1819]))))),exp(square(X(3,:)))))))"
3,10,71,"cos(tanh(minus(times(negexp(exp(cos(times(cos(X(10,:)),times(X(8,:),[76.2381]))))),times(minus(times(plus(negexp(X(3,:)),times(X(7,:),X(6,:))),times(plus(X(4,:),[-28.6363]),tanh(X(7,:)))),minus(negexp(times(X(7,:),X(6,:))),minus(times([-63.4067],X(5,:)),negexp(X(2,:))))),times(X(9,:),[11.4597]))),times([-63.4092],X(5,:)))))"
3,10,72,"times(times(cos(times(plus(square(sin(times(sin(X(3,:)),times(X(8,:),X(6,:))))),square(negexp(X(3,:)))),cos(minus(square(X(7,:)),times(X(10,:),X(5,:)))))),times(tanh(minus(plus(times(X(8,:),times(X(8,:),X(6,:))),plus(tanh(X(9,:)),exp(X(8,:)))),square(tanh(times(X(9,:),X(4,:)))))),square(minus(plus(times(sin(X(10,:)),exp([40.9259])),plus(X(8,:),square(negexp(X(3,:))))),X(2,:))))),square(X(7,:)))"
3,10,73,"times(plus(square([-36.7701]),plus(plus(square(minus(times([-36.7701],tanh(X(2,:))),X(8,:))),times(plus(X(9,:),plus(negexp(X(5,:)),plus(X(4,:),X(7,:)))),minus(X(2,:),X(9,:)))),plus(X(5,:),plus(X(4,:),times(minus(minus(X(3,:),X(10,:)),square(X(5,:))),exp(plus(plus(X(10,:),X(6,:)),X(9,:)))))))),tanh(exp(times(plus(square(minus(times([-36.7701],tanh(X(2,:))),X(8,:))),times(plus(X(7,:),X(7,:)),minus(X(2,:),X(9,:)))),minus(X(2,:),X(9,:))))))"
3,10,74,"plus(exp(negexp(sin(square(times(exp(times(X(10,:),X(7,:))),sin(X(6,:))))))),times(plus(times(times(times(minus(times(X(3,:),[-48.8884]),exp(times(X(4,:),X(7,:)))),cos(sin(X(1,:)))),minus(tanh(X(5,:)),cos(times(X(8,:),X(9,:))))),plus([-48.8884],minus(tanh(times(X(10,:),X(1,:))),minus([51.8489],[97.5578])))),times(negexp(plus([-29.2024],sin(cos(X(4,:))))),times(times(negexp(cos(minus(X(8,:),X(8,:)))),minus(negexp(cos(X(8,:))),exp(X(8,:)))),plus([-48.7860],minus(tanh(times(X(9,:),X(1,:))),minus([51.9394],[97.5578])))))),negexp(plus(minus(exp(square(sin(sin(X(2,:))))),times(X(10,:),X(1,:))),times(plus(negexp(cos(times(X(8,:),X(4,:)))),minus(cos(times(X(8,:),X(4,:))),sin(minus([40.5555],X(8,:))))),[-48.8884])))))"
3,10,75,"times(tanh(minus(times(plus(square(X(4,:)),negexp(X(8,:))),negexp(times(exp(tanh(minus(X(6,:),[81.5458]))),times(times(plus([9.0802],X(6,:)),times(X(5,:),X(9,:))),cos([90.8296]))))),times(times(exp(times(X(7,:),X(2,:))),times(X(9,:),X(9,:))),X(4,:)))),negexp(times(cos(minus(minus(cos(cos(exp(X(8,:)))),plus(square(negexp(X(9,:))),exp(times(X(3,:),X(8,:))))),tanh(times(sin(cos(X(10,:))),X(10,:))))),negexp(X(6,:)))))"
3,10,76,"plus(plus(negexp(minus(plus(times(X(4,:),minus(X(2,:),minus(X(6,:),X(1,:)))),plus([-69.0757],exp(exp(X(3,:))))),tanh(minus([-69.2143],times(minus(X(5,:),X(6,:)),minus(X(9,:),times(X(5,:),X(8,:)))))))),minus(times(sin(square(times(square(times(X(6,:),X(4,:))),tanh(negexp(X(7,:)))))),plus(exp(minus(times(negexp(X(1,:)),tanh(X(9,:))),exp(exp(X(3,:))))),plus(sin(minus(exp(X(6,:)),X(3,:))),sin(minus(X(9,:),times(X(5,:),X(8,:))))))),square(tanh(cos(plus(tanh(minus(X(5,:),X(6,:))),square(X(7,:)))))))),times(negexp(minus(tanh(cos(plus(sin(minus(X(7,:),X(3,:))),minus(negexp(X(7,:)),times(X(5,:),X(10,:)))))),minus(X(9,:),X(1,:)))),exp(plus(tanh(minus(minus(minus(negexp(X(5,:)),times(X(10,:),X(10,:))),minus(X(6,:),times(X(5,:),X(10,:)))),X(8,:))),exp(X(3,:))))))"
3,10,77,"times(square(sin(cos(negexp(cos(tanh(minus(cos(X(6,:)),minus(X(3,:),X(2,:))))))))),plus(sin(tanh(negexp(plus(X(8,:),times(X(7,:),plus(X(10,:),X(9,:))))))),plus(cos(tanh(negexp(minus(X(6,:),times(sin(X(4,:)),minus(X(7,:),X(2,:))))))),negexp(tanh(minus(minus(square(minus(X(2,:),X(5,:))),exp(exp(X(6,:)))),times(times(sin(X(4,:)),minus(X(7,:),X(2,:))),exp(tanh(X(7,:))))))))))"
3,10,78,"times(negexp(exp(X(4,:))),minus(plus(plus(square(times(X(5,:),X(4,:))),negexp(exp(X(4,:)))),exp(X(10,:))),plus(tanh(times(X(4,:),square(tanh(times(square(X(3,:)),square(X(7,:))))))),times(plus(plus(X(6,:),minus(tanh(exp(X(4,:))),square(negexp(X(4,:))))),plus([-71.6744],tanh(exp(X(4,:))))),plus(minus(plus(minus(X(8,:),X(5,:)),X(10,:)),plus(negexp(square(X(9,:))),times(X(5,:),[-93.3520]))),X(2,:))))))"
3,10,79,"minus(sin(tanh(times(tanh(tanh(tanh(times(times(X(6,:),X(7,:)),X(10,:))))),times(square(times(tanh(cos(X(5,:))),tanh(exp(X(5,:))))),times(times(cos(plus(X(9,:),X(3,:))),cos(cos(X(8,:)))),square(tanh(cos(X(2,:))))))))),plus(plus(X(3,:),X(5,:)),minus(minus(minus(X(4,:),square(square(square([40.1495])))),square(square(square([40.1495])))),square(square(square([40.1495]))))))"
3,10,80,"minus(plus(exp(X(2,:)),sin(times([18.2387],X(2,:)))),times(cos(minus(times(sin(times(plus(times(X(10,:),X(8,:)),tanh(X(9,:))),times(exp(X(2,:)),tanh(X(9,:))))),square(cos(exp(X(7,:))))),times(exp([-41.6613]),plus([-13.1537],exp(times(X(6,:),X(10,:))))))),plus(square(tanh(sin(times(plus(X(5,:),X(4,:)),times(X(4,:),tanh(X(9,:))))))),plus(tanh(X(7,:)),sin(times(plus(times(X(10,:),X(8,:)),X(4,:)),times(exp(X(3,:)),tanh(X(9,:)))))))))"
3,10,81,"plus(tanh(times(square(times(negexp(times(X(6,:),X(5,:))),X(8,:))),tanh(minus(plus(minus(times(times([90.8238],[45.2090]),times(X(9,:),X(2,:))),cos(cos(X(8,:)))),minus(times(times([90.8765],X(10,:)),times(X(9,:),X(2,:))),cos(exp(X(4,:))))),times(times(tanh(minus(X(7,:),X(5,:))),times(exp(X(7,:)),X(3,:))),X(7,:)))))),tanh(X(10,:)))"
3,10,82,"tanh(plus(negexp(minus(plus(times(minus(times(plus([-14.7445],[-83.6556]),negexp(X(10,:))),square([-83.5678])),times(square(X(9,:)),cos(X(5,:)))),times(minus(times(plus([-14.7445],X(7,:)),negexp(X(10,:))),square([-83.7553])),times(square(X(9,:)),cos(X(8,:))))),minus(minus(minus(X(9,:),exp(minus(X(4,:),X(2,:)))),square(X(3,:))),plus(cos([99.6800]),negexp(X(8,:)))))),plus(negexp(minus(minus(minus(X(8,:),X(9,:)),square(X(7,:))),plus(times(X(6,:),times(minus(X(8,:),X(1,:)),negexp(X(2,:)))),negexp(X(8,:))))),X(1,:))))"
3,10,83,"minus(X(3,:),minus(plus(negexp(exp(tanh(cos(square(sin(X(3,:))))))),minus(X(4,:),times(plus(minus(plus(plus(X(7,:),X(3,:)),X(3,:)),times(times([47.1304],X(6,:)),plus(X(7,:),X(3,:)))),X(4,:)),exp(minus(minus(plus(X(6,:),[-18.1610]),tanh(X(10,:))),times(plus(X(9,:),X(5,:)),exp([-78.7289]))))))),times(times(plus(minus(X(2,:),times(X(4,:),plus(X(7,:),tanh(X(10,:))))),minus(X(6,:),X(9,:))),exp(minus(minus(plus(X(6,:),[-18.1610]),X(8,:)),times(minus(X(4,:),X(8,:)),exp([-78.7289]))))),minus(times(minus(times(X(6,:),X(6,:)),[-3.8074]),X(6,:)),minus(X(4,:),X(9,:))))))"
3,10,84,"times(minus(exp(times(plus(X(5,:),X(5,:)),minus(cos(X(5,:)),times(X(8,:),X(9,:))))),square(tanh(plus(plus(cos(tanh(tanh(X(4,:)))),negexp(sin(tanh(X(3,:))))),negexp(cos(times([-62.0418],X(6,:)))))))),plus(square(minus(times(plus(sin(sin(X(2,:))),negexp(cos(tanh(X(10,:))))),tanh(exp(X(2,:)))),tanh(tanh([-62.3933])))),square(times(times(plus(square(sin(X(2,:))),negexp(cos(X(7,:)))),tanh(exp(X(2,:)))),cos(X(2,:))))))"
3,10,85,"tanh(negexp(plus(minus(times(times(times(X(2,:),X(10,:)),cos(plus(X(6,:),X(3,:)))),minus(minus(tanh(X(9,:)),tanh(X(10,:))),minus(tanh(X(1,:)),minus(X(8,:),X(4,:))))),X(6,:)),plus(plus(minus(times(X(2,:),[75.3277]),minus(minus(X(2,:),X(6,:)),times(cos(X(1,:)),X(7,:)))),minus(sin(tanh(X(6,:))),sin(tanh(square(X(9,:)))))),exp(X(5,:))))))"
3,10,86,"square(plus(plus(times(times(times(plus(times(minus(X(4,:),[78.0881]),square([78.0881])),exp(X(6,:))),X(8,:)),minus(minus(minus(X(10,:),minus(X(7,:),X(2,:))),plus(square(X(4,:)),X(4,:))),plus(square(square([78.0881])),plus(square([78.0881]),times(X(10,:),[78.0881]))))),tanh(minus([13.3672],plus(X(4,:),plus(X(9,:),X(10,:)))))),times(times(times(plus(times(minus(X(4,:),[78.0881]),[76.7342]),minus(X(10,:),X(4,:))),plus(square(square([78.2114])),plus(X(4,:),plus(X(9,:),X(10,:))))),minus(minus(square(X(4,:)),minus(X(7,:),X(4,:))),plus(square([13.5741]),times(minus(X(4,:),X(9,:)),X(10,:))))),tanh(minus(exp(X(6,:)),plus(X(8,:),plus([78.0881],minus(X(7,:),X(2,:)))))))),square(times(times(negexp(times(minus(X(7,:),X(9,:)),X(10,:))),minus(plus(times(X(10,:),X(10,:)),square(X(9,:))),plus(square(minus(X(3,:),X(6,:))),times(minus(X(10,:),X(9,:)),X(10,:))))),X(5,:)))))"
3,10,87,"times(times(exp(sin(sin(times(X(10,:),X(6,:))))),plus(negexp(times(plus(X(9,:),square(plus(X(4,:),X(7,:)))),sin(negexp(cos([-4.2516]))))),sin(negexp(times(plus(plus(times(X(5,:),X(9,:)),times([-5.6464],X(2,:))),square(plus(X(3,:),[-5.6464]))),sin(X(8,:))))))),plus(negexp(negexp(sin(negexp(negexp(sin(X(9,:))))))),times(sin(X(3,:)),plus(sin(times(negexp(cos(X(5,:))),times(sin(minus(X(2,:),X(1,:))),tanh(times(X(2,:),X(7,:)))))),times([-8.5586],X(7,:))))))"
3,10,88,"tanh(times(square(times(times(plus(plus(minus(X(7,:),plus(X(5,:),X(6,:))),X(8,:)),X(4,:)),X(9,:)),plus(minus(plus(sin(X(3,:)),exp(X(9,:))),times(X(10,:),X(5,:))),plus(minus(plus(X(4,:),X(3,:)),times(X(10,:),X(5,:))),plus(sin(X(10,:)),times(X(2,:),X(1,:))))))),times(X(9,:),square(negexp(times([31.5664],X(9,:)))))))"
3,10,89,"minus(plus(X(3,:),cos(tanh(times(minus(minus(minus(times(X(5,:),X(2,:)),negexp(X(10,:))),times([-57.6454],X(8,:))),times(minus(exp(X(7,:)),X(4,:)),exp(times(X(2,:),X(8,:))))),cos(minus(minus(cos(X(7,:)),negexp(X(10,:))),times(X(6,:),X(8,:)))))))),plus(square(square(square(minus(minus([99.8750],tanh([-81.2190])),tanh([-81.2190]))))),X(9,:)))"
3,10,90,"times(negexp(plus(plus(minus(minus(X(4,:),X(5,:)),X(5,:)),exp(tanh(tanh(exp(tanh(X(2,:))))))),plus(plus(exp(tanh(X(2,:))),minus(X(10,:),times(X(6,:),plus(X(6,:),times(X(7,:),X(9,:)))))),minus(exp(tanh(exp(X(3,:)))),times(X(6,:),plus(plus(X(7,:),minus(X(4,:),X(5,:))),plus(minus(X(4,:),X(5,:)),minus(X(4,:),X(5,:))))))))),plus(exp(plus(sin(X(2,:)),minus(times(X(6,:),plus(X(7,:),minus(X(4,:),X(5,:)))),times(X(6,:),plus(X(7,:),minus(X(4,:),X(5,:))))))),plus(cos(minus(times(plus(exp(exp(X(2,:))),exp(tanh(X(2,:)))),X(2,:)),cos(X(6,:)))),tanh(minus(times(plus(exp(exp(X(2,:))),exp(tanh(X(2,:)))),X(2,:)),cos(X(8,:)))))))"
3,10,91,"plus(plus(tanh(times(X(9,:),X(2,:))),minus(X(2,:),plus(tanh(X(10,:)),plus(minus(X(6,:),X(4,:)),cos(minus(exp([38.5251]),X(5,:))))))),plus(exp([38.5251]),cos(plus(exp([38.5251]),cos(plus(plus(X(3,:),X(7,:)),minus(X(8,:),X(8,:))))))))"
3,10,92,"minus(cos(plus(X(4,:),tanh(minus(exp([18.8952]),X(5,:))))),plus(minus(minus(sin(plus(X(7,:),X(3,:))),plus(times(minus(X(10,:),X(8,:)),sin(X(6,:))),sin(plus(X(9,:),minus(X(4,:),X(7,:)))))),sin(plus(plus(X(10,:),tanh(minus(X(2,:),X(9,:)))),X(3,:)))),square(exp([18.8952]))))"
3,10,93,"minus(tanh(times(plus(plus(minus(exp(tanh(X(2,:))),negexp(X(5,:))),exp(times(exp(cos(X(2,:))),exp(X(1,:))))),negexp(times(minus(X(9,:),X(8,:)),negexp(minus(minus(X(3,:),X(10,:)),cos(X(4,:))))))),sin(cos(sin(X(7,:)))))),sin(X(6,:)))"
3,10,94,"exp(times(plus(cos(times(times(square(plus(sin([43.2999]),cos(X(9,:)))),times(times([5.1522],minus(X(10,:),X(3,:))),square(X(7,:)))),times(sin(times(negexp(X(6,:)),X(7,:))),plus(sin(X(4,:)),plus(X(5,:),X(10,:)))))),times(square(plus(X(8,:),cos([5.1522]))),times(times(negexp(X(6,:)),X(2,:)),times(plus([19.0112],X(2,:)),plus(plus(X(9,:),X(4,:)),cos(sin([43.2999]))))))),tanh(times(square(plus(plus(X(9,:),X(4,:)),cos([5.1872]))),times(times(negexp(X(6,:)),minus(X(10,:),X(4,:))),times(plus([18.9843],X(2,:)),negexp([43.2999])))))))"
3,10,95,"times(sin(times(tanh(tanh(tanh(exp([-73.1808])))),minus(tanh([-16.6648]),tanh([-73.1404])))),minus(times(times(times(tanh(X(3,:)),negexp(X(7,:))),negexp(square(X(10,:)))),sin(X(8,:))),minus(times(times(plus(times(minus(X(4,:),X(3,:)),times(minus(X(4,:),X(5,:)),X(3,:))),X(5,:)),negexp(square(X(10,:)))),sin(exp(minus(X(9,:),tanh(times(X(7,:),X(3,:))))))),times(plus(exp(tanh(X(8,:))),tanh(negexp(minus(square([-86.7929]),tanh(X(5,:)))))),times(exp(minus(X(6,:),times(tanh(X(2,:)),minus(X(10,:),X(6,:))))),sin(cos(X(9,:))))))))"
3,10,96,"minus(times(times(times(exp(minus(cos(sin(X(3,:))),minus(minus(X(6,:),X(3,:)),[74.6374]))),times(negexp(minus(minus(minus(X(2,:),X(3,:)),cos(X(1,:))),X(1,:))),negexp(square(negexp(negexp(X(8,:))))))),tanh(plus(plus(negexp(X(7,:)),X(3,:)),plus(times(exp([49.1414]),exp([49.1313])),minus(negexp(X(7,:)),plus(X(6,:),X(9,:))))))),negexp(times(minus(minus(X(2,:),X(3,:)),cos(X(1,:))),X(1,:)))),times(minus(cos(X(10,:)),times(plus(times(exp([49.2175]),sin(cos(plus([-68.5821],X(4,:))))),minus(minus(X(8,:),X(1,:)),cos(plus([95.8065],X(4,:))))),minus(plus(negexp(X(5,:)),X(3,:)),times(plus(times(exp([49.1414]),exp([49.1313])),cos(X(10,:))),plus([95.8065],X(3,:)))))),negexp(negexp(X(5,:)))))"
3,10,97,"plus(times(sin(times(times([61.8574],X(5,:)),plus(X(2,:),X(10,:)))),plus(sin(plus(plus(square(times(X(3,:),times([61.8574],X(5,:)))),square(times(X(8,:),X(9,:)))),minus(tanh(X(9,:)),sin(times(X(7,:),X(6,:)))))),minus(X(4,:),X(9,:)))),plus(plus(sin(plus(plus(square(times(X(3,:),times(X(7,:),X(5,:)))),square(square(X(3,:)))),minus(tanh(minus(X(1,:),times(X(7,:),X(6,:)))),sin(times(minus(X(1,:),X(3,:)),X(6,:)))))),minus(X(4,:),X(5,:))),X(9,:)))"
3,10,98,"times(plus(minus(minus(times(plus(minus(X(2,:),X(8,:)),times(X(5,:),tanh(X(7,:)))),X(10,:)),exp(X(2,:))),X(8,:)),minus(square(minus(plus(minus(plus(X(3,:),X(2,:)),exp(X(9,:))),plus(times(X(1,:),[53.8148]),sin(negexp(X(10,:))))),X(6,:))),tanh(sin(X(4,:))))),minus(plus(minus(plus(X(3,:),X(2,:)),exp(sin(sin(plus(X(2,:),[-25.5833]))))),plus(times(X(1,:),[53.8148]),sin(negexp(sin(X(4,:)))))),exp(X(2,:))))"
3,10,99,"tanh(times(plus(X(8,:),times(times(plus(X(6,:),times(negexp([-71.5769]),plus(X(10,:),minus(X(5,:),X(4,:))))),plus(sin(times([-6.0714],X(6,:))),X(9,:))),X(7,:))),times(times(times(X(2,:),X(7,:)),exp(X(3,:))),X(5,:))))"
3,10,100,"minus(plus(tanh(plus(X(2,:),plus(minus(X(10,:),exp(times(X(5,:),[54.7860]))),times(times(tanh(X(7,:)),plus(X(6,:),X(5,:))),X(6,:))))),times(times(times([42.7061],times([-60.9484],times([-60.9484],[42.5121]))),times([-60.9484],[42.6672])),times(times([-60.9484],[42.6672]),[42.6672]))),cos(square(times(X(8,:),times(negexp(plus(X(3,:),X(4,:))),sin(times(X(7,:),exp(square(X(9,:))))))))))"
